release_year,achievements,achievements_missing,original_price,is_free,developer,publisher,genre_action,genre_adventure,genre_casual,genre_indie,genre_rpg,genre_simulation,genre_strategy,genre_sports,genre_racing,genre_free_to_play,genre_massively_multiplayer,genre_early_access,genre_utilities,tag_action,tag_indie,tag_adventure,tag_rpg,tag_strategy,tag_casual,tag_simulation,tag_sports,tag_racing,tag_multiplayer,tag_fps,tag_shooter,tag_singleplayer,actual,predicted
2012.0,,1,,0,BitSits Games,"BitSits Games,BitSits Games",0,0,1,1,0,0,0,0,0,0,0,0,0,0,1,0,0,0,1,0,0,0,0,0,0,0,0,0
2017.0,6.0,0,29.99,0,STUDIO HG,"YJM GAMES,YJM GAMES",1,1,0,0,0,0,0,0,0,0,0,0,0,1,0,1,0,0,0,0,0,0,0,1,1,0,0,0
2018.0,,1,14.96,0,JoyfulStudio,"JoyfulStudio,JoyfulStudio",0,0,0,0,0,0,0,0,0,0,0,0,1,0,0,0,0,0,0,0,0,0,0,0,0,0,0,0
2016.0,,1,19.99,0,Facepunch Studios,"Facepunch Studios,Facepunch Studios",0,0,0,1,0,1,0,0,0,0,0,1,0,0,1,0,0,0,0,1,0,0,0,0,0,0,0,0
2017.0,,1,17.99,0,"Masterstrike,LadrikDev","Masterstrike,Masterstrike",1,0,0,1,0,1,0,0,0,0,0,1,0,1,1,0,0,0,0,1,0,0,0,0,0,0,0,0
2017.0,,1,0.99,0,mibix,"mibix,mibix",0,0,0,1,0,0,0,0,0,0,0,0,0,0,1,0,0,0,0,0,0,0,0,0,0,0,0,0
2017.0,,1,9.99,0,Big Fish Studios,"Big Fish Games,Big Fish Games",0,1,1,0,0,0,0,0,0,0,0,0,0,0,0,1,0,0,1,0,0,0,0,0,0,0,0,0
2016.0,,1,4.99,0,"NetherRealm Studios,High Voltage Software,QLOC",,1,0,0,0,0,0,0,0,0,0,0,0,0,1,0,0,0,0,0,0,0,0,0,0,0,0,0,0
2017.0,,1,19.99,0,Clapfoot,"Clapfoot,Clapfoot",1,0,0,1,1,0,1,0,0,0,1,1,0,1,1,0,1,1,0,0,0,0,1,0,1,0,1,0
2019.0,5.0,0,4.99,0,Calvares,"Kalvarez A. Party,Kalvarez A. Party",0,0,0,1,0,0,0,0,0,0,0,0,0,0,1,0,0,0,0,0,0,0,0,0,0,0,0,0
2007.0,,1,14.99,0,"CAPCOM Co., Ltd.","Capcom,Capcom",1,1,0,0,0,0,0,0,0,0,0,0,0,1,0,1,0,0,0,0,0,0,1,0,1,0,1,1
2017.0,26.0,0,82.95,0,Razbury Games,"Razbury Games,Razbury Games",0,1,0,1,1,0,0,0,0,0,0,0,0,0,1,1,1,0,0,0,0,0,0,0,0,0,0,0
2018.0,,1,,0,M-Slam,"M-Slam,M-Slam",1,1,0,1,1,0,0,0,0,0,0,0,0,1,1,1,1,0,0,0,0,0,0,0,0,0,0,0
2018.0,23.0,0,34.99,0,Giants Software,"Focus Home Interactive,Focus Home Interactive",0,0,0,0,0,1,0,0,0,0,0,0,0,0,0,1,0,1,1,1,0,0,1,0,0,1,1,1
2018.0,37.0,0,39.99,0,Square Enix,"Square Enix,Square Enix",1,0,0,0,1,0,0,0,0,0,0,0,0,1,0,1,1,0,0,0,0,0,1,0,0,1,1,1
2018.0,,1,19.99,0,TML-Studios,"Aerosoft GmbH,Aerosoft GmbH",0,0,0,0,0,1,0,0,0,0,0,0,0,0,0,0,0,0,0,1,0,0,0,0,0,0,0,0
2017.0,,1,9.99,0,stage-nana,,0,0,1,1,0,0,0,0,0,0,0,0,0,0,1,0,0,0,1,0,0,0,0,0,0,0,0,0
2016.0,,1,14.99,0,The Artistocrats,"Slitherine Ltd.,Slitherine Ltd.",0,0,0,0,0,1,1,0,0,0,0,0,0,0,0,0,0,1,0,1,0,0,1,0,0,1,0,0
2015.0,75.0,0,11.99,0,Matt Roszak,"Matt Roszak,Matt Roszak",1,0,0,1,0,0,0,0,0,0,0,0,0,1,1,0,0,0,0,0,0,0,0,0,0,0,0,0
2016.0,53.0,0,34.99,0,Urban Games,"Good Shepherd Entertainment,Good Shepherd Entertainment",0,0,0,0,0,1,0,0,0,0,0,0,0,0,1,1,0,1,0,1,0,0,1,0,0,1,1,1
2018.0,,1,4.99,0,Satur Entertainment,"Satur Entertainment,Satur Entertainment",0,0,1,1,0,0,1,0,0,0,0,0,0,0,1,0,0,1,1,1,0,0,0,0,0,0,0,0
2015.0,,1,9.99,0,Digitalmindsoft,"1C Entertainment,1C Entertainment",1,0,0,0,0,1,1,0,0,0,0,0,0,1,0,0,0,1,0,1,0,0,0,0,0,0,0,0
2016.0,,1,,0,NMY Mixed-Reality Communication GmbH,"B. Braun,B. Braun",0,0,1,0,0,1,0,0,0,0,0,0,0,0,0,0,0,0,1,1,0,0,0,0,0,0,0,0
2017.0,,1,10.99,0,Nullray Gaming,"Nullray Gaming,Nullray Gaming",0,0,0,1,1,1,0,0,0,0,0,1,0,0,1,0,1,0,0,1,0,0,0,0,0,0,0,0
2017.0,,1,,0,Heath Games,"Heath Games,Heath Games",1,1,0,0,0,0,0,0,0,1,0,0,0,1,0,1,0,0,0,0,0,0,0,0,0,0,0,0
2017.0,,1,,0,"Arttu Tuovinen,Alan Bourhis,Michael Callaghan","Michael Callaghan,Michael Callaghan",0,0,0,1,0,1,0,0,0,0,0,0,0,0,1,0,0,0,0,1,0,0,0,0,0,0,0,0
2014.0,,1,1.99,0,Mysterytag,"RunServer,RunServer",0,0,1,1,0,0,0,0,0,0,0,0,0,0,1,1,0,0,1,0,0,0,0,0,0,1,0,0
2018.0,,1,5.99,0,crowgames,"crowgames,crowgames",1,0,1,0,0,0,0,0,0,0,0,0,0,1,0,0,0,0,1,0,0,0,0,0,0,0,0,0
2015.0,87.0,0,7.99,0,Steel Monkeys,"Next Dimension Game Adventures Ltd.,Next Dimension Game Adventures Ltd.",1,1,0,1,1,0,0,0,0,0,0,0,0,1,1,1,1,0,0,0,0,0,0,0,0,0,0,0
2016.0,9.0,0,24.99,0,"Q Switched Productions, LLC","Q Switched Productions, LLC,Q Switched Productions, LLC",0,0,0,0,0,1,1,0,0,0,0,0,0,0,0,0,0,1,0,1,0,0,0,0,0,1,0,0
2018.0,,1,24.99,0,RAZAR s.r.o.,"RAZAR s.r.o.,RAZAR s.r.o.",0,1,0,1,0,1,0,0,0,0,0,1,0,0,1,1,1,1,0,1,0,0,0,0,0,0,0,0
2017.0,28.0,0,9.99,0,The House of Fables,"Artifex Mundi,Artifex Mundi",0,1,1,0,0,0,0,0,0,0,0,0,0,0,1,1,0,0,1,0,0,0,0,0,0,1,0,0
2017.0,7.0,0,3.99,0,KAMAi MEDIA,"KAMAi MEDIA,KAMAi MEDIA",0,1,0,1,0,1,0,0,0,0,0,1,0,0,1,1,0,0,0,1,0,0,0,0,0,0,0,0
2017.0,,1,0.0,1,Niket Patel,"Niket Patel,Niket Patel",1,1,0,1,0,0,0,0,0,1,0,0,0,1,1,1,0,0,0,0,0,0,0,0,0,0,0,0
2015.0,25.0,0,19.99,0,"KAIKO,Neon Studios","THQ Nordic,THQ Nordic",1,1,0,0,1,0,0,0,0,0,0,0,0,1,0,1,1,0,0,0,0,0,0,0,0,1,0,1
2015.0,,1,4.99,0,Phoenix Game and Publisher Studio,"Phoenix Game and Publisher Studio,Phoenix Game and Publisher Studio,Phoenix Game and Publisher Studio,Phoenix Game and Publisher Studio",0,0,0,1,0,1,0,0,0,0,0,1,0,0,1,0,0,0,0,1,0,0,0,0,0,0,0,0
2019.0,,1,0.0,1,Burning Daylight Team,"Burning Daylight Team,Burning Daylight Team",0,1,0,1,0,0,0,0,0,1,0,0,0,0,1,1,0,0,0,0,0,0,1,0,0,0,1,0
2015.0,,1,5.99,0,iconical Ltd.,"iconical Ltd.,iconical Ltd.",0,0,1,1,0,0,1,1,0,0,0,0,0,0,1,0,0,1,1,0,1,0,0,0,0,0,0,0
2019.0,,1,24.99,0,MOONSTONE,"HIKARI FIELD,HIKARI FIELD",0,1,0,0,0,0,0,0,0,0,0,0,0,0,0,1,0,0,0,0,0,0,0,0,0,0,0,0
2017.0,,1,11.99,0,Zinertek,"Dovetail Games - Flight,Dovetail Games - Flight",0,0,0,0,0,1,0,0,0,0,0,0,0,0,0,0,0,0,0,1,0,0,0,0,0,0,0,0
2018.0,,1,0.0,1,Zero-K Team,"Zero-K Team,Zero-K Team",0,0,0,1,0,1,1,0,0,1,0,0,0,0,1,0,0,1,0,1,0,0,1,0,0,1,1,1
2016.0,36.0,0,9.99,0,Totem Games,"Strategy First,Strategy First",0,0,0,0,0,1,1,0,0,0,0,0,0,0,0,0,0,1,0,1,0,0,0,0,0,0,0,0
2018.0,600.0,0,0.99,0,Pirotexnik,"Pirotexnik,Pirotexnik",0,0,1,1,0,0,0,0,0,0,0,0,0,0,1,0,0,0,1,0,0,0,0,0,0,1,0,0
2018.0,,1,2.99,0,George Constantinou,"Constantinou,Constantinou",0,1,0,1,0,0,0,0,0,0,0,0,0,0,1,1,0,0,0,0,0,0,0,0,0,0,0,0
2017.0,,1,6.99,0,Rebellion,"Rebellion,Rebellion",1,1,0,0,0,0,0,0,0,0,0,0,0,1,0,1,0,0,0,0,0,0,0,0,0,0,0,0
2015.0,43.0,0,10.0,0,Ben Hendel-Doying,"benmakesgames.com,benmakesgames.com",1,0,0,1,0,0,0,0,0,0,0,0,0,1,1,0,0,0,0,0,0,0,0,0,0,0,0,0
2016.0,,1,,0,People Gotta Play,"People Gotta Play,People Gotta Play",0,0,0,0,0,0,0,0,1,0,0,1,0,0,1,0,0,0,0,1,0,1,0,0,0,1,0,0
2019.0,56.0,0,,0,"Square Enix,KOEI TECMO GAMES CO., LTD.","Square Enix,Square Enix",1,0,0,0,0,0,0,0,0,1,0,0,0,1,0,0,0,0,0,0,0,0,1,0,0,0,1,1
2016.0,,1,4.99,0,Kole Audio Solutions,,0,0,0,1,1,1,1,0,0,0,0,0,0,0,1,0,1,1,0,1,0,0,0,0,0,0,0,0
2008.0,,1,19.99,0,BioWare,"Electronic Arts,Electronic Arts",1,0,0,0,1,0,0,0,0,0,0,0,0,1,0,1,1,0,0,0,0,0,0,0,1,1,1,1
2017.0,,1,0.99,0,Musrka,"Blue Whale Games,Blue Whale Games",1,1,0,1,0,0,0,0,0,0,0,0,0,1,1,1,0,0,0,0,0,0,0,1,0,0,0,0
2015.0,1.0,0,3.99,0,Lord Kres,"Lord Kres,Lord Kres",0,1,1,0,0,0,0,0,0,0,0,1,0,0,1,1,0,0,1,0,0,0,1,0,0,1,1,1
2016.0,13.0,0,2.99,0,Steven Colling,"Steven Colling,Steven Colling",0,0,1,1,0,0,0,0,0,0,0,0,0,0,1,0,0,0,1,0,0,0,0,0,0,1,0,0
2014.0,,1,,0,OVERKILL - a Starbreeze Studio.,"505 Games,505 Games",1,0,0,0,1,0,0,0,0,0,0,0,0,1,0,0,1,0,0,0,0,0,0,1,1,0,1,1
2014.0,6.0,0,14.99,0,Sarepta studio,"Snow Cannon Games,Snow Cannon Games",0,1,0,1,0,0,0,0,0,0,0,0,0,0,1,1,0,0,0,0,0,0,0,0,0,0,0,0
2017.0,303.0,0,4.99,0,Just1337 Studio,"Just1337 Publisher,Just1337 Publisher",1,0,1,1,0,0,0,0,0,0,0,0,0,1,1,0,0,0,1,0,0,0,0,0,0,0,1,0
2018.0,4.0,0,1.99,0,MyDreamForever,"Atriagames,Atriagames",0,1,1,1,0,0,0,0,0,0,0,0,0,0,1,1,0,0,1,0,0,0,0,0,0,0,0,0
2015.0,37.0,0,9.99,0,Studio TeamShuriken,"Studio TeamShuriken,Studio TeamShuriken",1,0,0,1,0,0,0,0,0,0,0,1,0,1,1,0,0,0,0,0,0,0,0,0,0,0,1,0
2013.0,,1,9.99,0,United Independent Entertainment GmbH,"United Independent Entertainment GmbH,United Independent Entertainment GmbH",0,0,0,0,0,1,0,0,0,0,0,0,0,0,0,0,0,0,0,1,0,0,0,0,0,1,1,0
2017.0,56.0,0,14.99,0,HeroCraft,"HeroCraft,HeroCraft",0,0,0,0,0,0,1,0,0,0,0,0,0,0,0,0,1,1,0,1,0,0,0,0,0,0,0,0
2014.0,12.0,0,19.99,0,BANDAI NAMCO Studio Inc.,"BANDAI NAMCO Entertainment,BANDAI NAMCO Entertainment",1,0,0,0,0,0,0,0,0,0,0,0,0,1,0,0,0,0,0,0,0,0,1,0,0,1,0,1
2016.0,,1,24.99,0,Virtavia,"Dovetail Games - Flight,Dovetail Games - Flight",0,0,0,0,0,1,0,0,0,0,0,0,0,0,0,0,0,0,0,1,0,0,0,0,0,0,0,0
2017.0,132.0,0,24.99,0,"Antimatter Games,Tripwire Interactive","Tripwire Interactive,Tripwire Interactive",1,0,0,0,0,1,1,0,0,0,1,0,0,1,1,0,0,1,0,1,0,0,1,1,1,1,1,1
2015.0,,1,19.99,0,FSAddon Publishing,"Dovetail Games - Flight,Dovetail Games - Flight",0,0,0,0,0,1,0,0,0,0,0,0,0,0,0,0,0,0,0,1,0,0,0,0,0,0,0,0
2016.0,13.0,0,8.99,0,Deceptive Games Ltd.,"Deceptive Games Ltd.,Deceptive Games Ltd.",1,1,1,1,0,0,0,0,0,0,0,0,0,1,1,1,0,0,1,0,0,0,0,0,0,1,0,0
2019.0,11.0,0,24.99,0,Joure Visser,"Joure Visser,Joure Visser",0,1,1,1,0,0,0,0,0,0,0,0,0,0,1,1,0,0,1,0,0,0,0,0,0,1,0,0
2012.0,12.0,0,4.99,0,Wadjet Eye Games,"Wadjet Eye Games,Wadjet Eye Games",0,1,0,1,0,0,0,0,0,0,0,0,0,0,1,1,0,0,0,0,0,0,0,0,0,1,0,1
2015.0,,1,5.99,0,Capcom,"Capcom,Capcom",1,1,0,0,0,0,0,0,0,0,0,0,0,1,0,1,0,0,0,0,0,0,0,0,0,0,0,0
2014.0,,1,14.99,0,Capcom,"Capcom,Capcom",1,0,0,0,0,0,0,0,0,0,0,0,0,1,0,1,0,0,0,0,0,0,1,0,0,0,0,0
2013.0,,1,9.99,0,"Ubisoft Montreal, Massive Entertainment, and Ubisoft Shanghai","Ubisoft,Ubisoft",1,1,0,0,0,0,0,0,0,0,0,0,0,1,0,1,0,0,0,0,0,0,0,1,0,0,0,0
2015.0,,1,1.99,0,Undead Yeti Software,"Math Nerd Productions, LLC,Math Nerd Productions, LLC",1,0,1,1,0,0,0,0,0,0,0,0,0,1,1,0,0,0,1,0,0,0,0,0,0,0,0,0
2017.0,17.0,0,11.99,0,Armitage Games,"Armitage Games,Armitage Games",1,1,0,1,0,0,0,0,0,0,0,0,0,1,1,1,0,0,0,0,0,0,0,0,0,0,0,0
2017.0,25.0,0,14.99,0,22cans,"Kongregate,Kongregate",0,1,0,1,0,1,0,0,0,0,0,0,0,0,1,1,1,0,0,1,0,0,0,0,0,0,0,0
2015.0,29.0,0,14.99,0,Rock Pocket Games,"Sierra,Sierra",1,1,0,0,0,0,0,0,0,0,0,0,0,1,0,1,0,0,0,0,0,0,0,0,0,0,0,0
2015.0,30.0,0,3.99,0,Wyse Games,"Wyse Games,Wyse Games",1,0,1,1,0,0,0,0,0,0,0,0,0,1,1,0,0,0,1,0,0,0,0,0,0,0,0,0
2016.0,,1,2.99,0,"CAPCOM Co., Ltd.",,1,1,0,0,0,0,0,0,0,0,0,0,0,1,0,1,0,0,0,0,0,0,0,0,0,0,0,0
2018.0,,1,19.99,0,Game Mechanic Studios,"3BLACKDOT,3BLACKDOT",1,1,0,1,0,0,1,0,0,0,0,0,0,1,1,1,0,1,0,0,0,0,0,0,0,0,0,0
2015.0,14.0,0,4.99,0,"Soloweb Studios,Ravens Eye Studio","Soloweb Studios,Soloweb Studios",1,0,0,1,0,0,0,0,0,0,0,0,0,1,1,0,0,0,0,0,0,0,0,0,0,0,0,0
2018.0,19.0,0,14.99,0,Deconstructeam,"Devolver Digital,Devolver Digital",0,1,0,1,0,0,0,0,0,0,0,0,0,0,1,1,0,0,0,0,0,0,0,0,0,1,1,1
2015.0,,1,,0,Luminy Studios,"Luminy Studios,Luminy Studios",0,1,0,1,0,0,0,0,0,1,0,0,0,1,1,1,0,0,0,0,0,0,1,1,1,0,1,1
2015.0,,1,0.99,0,SCS Software,"SCS Software,SCS Software",0,0,0,1,0,1,0,0,0,0,0,0,0,0,1,0,0,0,0,1,0,0,0,0,0,1,0,0
2017.0,30.0,0,14.99,0,NatsumeAtari Inc.,"Natsume Inc.,Natsume Inc.",1,0,0,0,0,0,0,0,0,0,0,0,0,1,0,0,0,0,0,0,0,0,1,0,1,0,0,0
2014.0,709.0,0,19.99,0,Kunos Simulazioni,"Kunos Simulazioni,Kunos Simulazioni",0,0,0,1,0,1,0,1,1,0,0,0,0,1,1,0,0,0,0,1,1,1,1,0,0,1,1,1
2011.0,11.0,0,4.99,0,YeaBoing,"YeaBoing,YeaBoing",0,0,1,1,0,0,0,0,0,0,0,0,0,0,1,0,0,0,1,0,0,0,0,0,0,0,0,0
2018.0,,1,,0,Fun Guy Apps,"Fun Guy Apps,Fun Guy Apps",1,1,1,0,1,0,1,0,0,1,0,0,0,1,0,1,1,1,1,0,0,0,0,0,0,0,0,0
2017.0,29.0,0,19.99,0,Lost the Game Studios,"bitComposer Interactive GmbH,bitComposer Interactive GmbH",0,0,1,0,0,1,0,1,0,0,0,0,0,0,0,0,0,0,1,1,1,0,0,0,0,0,0,0
2019.0,,1,,0,"Liar-soft,Nekoday","Nekoday,Nekoday",0,1,0,0,0,0,0,0,0,0,0,0,0,0,0,1,0,0,0,0,0,0,0,0,0,0,0,0
2013.0,,1,9.99,0,Ubisoft Montreal,,1,1,0,0,0,0,0,0,0,0,0,0,0,1,0,1,0,0,0,0,0,0,0,0,0,0,0,0
2016.0,30.0,0,9.99,0,Philip Bak,"Niine Games,Niine Games",1,0,0,1,0,0,0,0,0,0,0,0,0,1,1,0,0,0,0,0,0,0,0,0,1,1,0,0
2016.0,36.0,0,130.92,0,Daedalic Entertainment,"Daedalic Entertainment,Daedalic Entertainment",0,1,0,1,0,0,0,0,0,0,0,0,0,0,1,1,0,0,0,0,0,0,0,0,0,1,1,1
2010.0,,1,6.99,0,Sandlot Games,"Sandlot Games,Sandlot Games",0,0,1,0,0,0,0,0,0,0,0,0,0,0,0,0,0,0,1,0,0,0,0,0,0,0,0,0
2016.0,34.0,0,10.99,0,FantaBlade Network,"X.D. Network Inc.,X.D. Network Inc.",1,1,0,0,1,0,0,0,0,0,0,0,0,1,1,1,1,0,0,0,0,0,0,0,0,1,1,0
2015.0,11.0,0,9.99,0,Magnetic Realms,"Marvelous,Marvelous",1,0,0,0,0,0,0,0,0,0,0,0,0,1,0,0,0,0,0,0,0,0,0,0,0,0,0,0
2016.0,,1,9.99,0,Phil Jones,"Dialogue Design,Dialogue Design",1,0,0,1,0,1,0,0,0,0,0,0,0,1,1,0,0,0,0,1,0,0,0,1,0,1,0,0
2014.0,,1,1.99,0,"CI Games,Deck 13","CI Games,CI Games",1,0,0,0,1,0,0,0,0,0,0,0,0,1,0,0,1,0,0,0,0,0,0,0,0,0,0,0
2018.0,,1,19.99,0,Paradox Development Studio,"Paradox Interactive,Paradox Interactive",0,0,0,0,0,1,1,0,0,0,0,0,0,0,0,0,0,1,0,1,0,0,1,0,0,1,1,1
2017.0,,1,,0,Oneiric Entertainment LLC,"Oneiric Entertainment LLC,Oneiric Entertainment LLC",1,1,0,1,1,0,0,0,0,0,0,0,0,1,1,1,1,0,0,0,0,0,0,0,0,0,0,0
2016.0,,1,,0,Austin Handle,"Howling Legend Studios,Howling Legend Studios",1,1,0,1,0,0,0,0,0,0,0,1,0,1,1,1,0,0,0,0,0,0,0,0,0,0,0,0
2016.0,34.0,0,29.99,0,Reiza Studios,"Reiza Studios,Reiza Studios",0,0,0,0,0,1,0,1,1,0,0,0,0,0,0,0,0,0,0,1,1,1,1,0,0,1,1,1
2009.0,,1,9.99,0,Totem Games,"Strategy First,Strategy First",0,0,0,0,0,0,1,0,0,0,0,0,0,0,0,0,0,1,0,0,0,0,0,0,0,0,0,0
2017.0,46.0,0,1.99,0,Blue Studio,"Paradise Project,Paradise Project",1,0,0,0,1,0,0,0,0,0,0,0,0,1,0,0,1,0,0,0,0,0,0,1,1,1,1,1
2017.0,,1,1.99,0,SCS Software,"SCS Software,SCS Software",0,0,0,1,0,1,0,0,0,0,0,0,0,0,1,0,0,0,0,1,0,0,0,0,0,0,0,0
2017.0,,1,29.99,0,foreverloops GmbH,"foreverloops GmbH,foreverloops GmbH",0,0,0,0,0,0,0,0,0,0,0,0,1,0,1,0,0,0,1,1,0,0,0,0,0,1,0,1
2015.0,28.0,0,6.99,0,GabberGames.com,"GabberGames.com,GabberGames.com",0,0,0,1,0,0,1,0,0,0,0,0,0,0,1,0,0,1,0,0,0,0,0,0,0,0,0,0
2016.0,,1,9.99,0,Focus on Fun Games,"Focus on Fun Games,Focus on Fun Games",0,1,1,1,0,1,0,0,0,0,0,1,0,0,1,1,0,0,1,1,0,0,0,0,0,0,0,0
2018.0,,1,0.0,1,25% Games,"25% Games,25% Games",1,0,1,1,0,0,0,0,0,1,0,0,0,1,1,0,0,0,1,0,0,0,0,0,0,0,0,0
2017.0,12.0,0,0.99,0,Deceptive Games,"Deceptive Games,Deceptive Games",1,0,1,1,0,0,0,0,1,0,0,0,0,1,1,0,0,0,1,0,0,1,0,0,0,0,0,0
2016.0,,1,19.93,0,Russpuppy,"Russpuppy,Russpuppy",1,0,1,1,0,0,0,0,0,0,0,0,0,1,1,0,0,0,1,0,0,0,0,0,0,0,0,0
2018.0,65.0,0,19.99,0,Dovetail Games,"Dovetail Games - Fishing,Dovetail Games - Fishing",0,0,1,0,0,1,0,1,0,0,0,0,0,1,0,1,0,0,1,1,1,0,1,1,0,1,0,1
2017.0,44.0,0,0.99,0,For Kids,"For Kids,For Kids",0,0,1,1,0,0,0,0,0,0,0,0,0,0,1,0,0,0,1,0,0,0,0,0,0,0,0,0
2016.0,,1,2.99,0,"Traveller's Tales,TT Games,Feral Interactive (Mac)","Feral Interactive (Mac),Warner Bros. Interactive Entertainment,Feral Interactive (Mac),Warner Bros. Interactive Entertainment",1,1,0,0,0,0,0,0,0,0,0,0,0,1,0,1,0,0,0,0,0,0,0,0,0,0,0,0
2018.0,,1,,0,TeePee Studios,"TeePee Studios,TeePee Studios",1,0,0,1,0,0,0,0,0,1,0,1,0,1,1,0,0,0,0,0,0,0,0,0,0,0,0,0
2019.0,,1,,0,3D FACTORY,"3D FACTORY,3D FACTORY",1,0,0,0,0,1,0,0,0,1,0,0,0,1,0,0,0,0,0,1,0,0,0,0,0,0,0,0
2011.0,,1,,0,Volition,"THQ,THQ",1,0,0,0,0,0,0,0,0,0,0,0,0,1,0,0,0,0,0,0,0,0,0,0,0,0,0,0
2015.0,22.0,0,12.99,0,"LRDGames, Inc.","Black Shell Media,Black Shell Media",0,0,0,1,0,1,1,0,0,0,0,0,0,0,1,0,0,1,0,1,0,0,0,0,0,0,0,0
2017.0,,1,4.99,0,Michael Squirrel,"Michael Squirrel,Michael Squirrel",0,1,0,0,1,0,0,0,0,0,0,0,0,0,1,1,1,0,0,0,0,0,0,0,0,0,0,0
2015.0,11.0,0,9.99,0,"Matt Kap,Nicalis, Inc.","Nicalis, Inc.,Nicalis, Inc.",1,1,0,1,1,0,0,0,0,0,0,0,0,1,1,1,1,0,0,0,0,0,0,0,0,1,1,1
2018.0,,1,,0,Dreambox,"Dreambox,Dreambox",0,0,1,0,0,0,1,0,0,1,0,0,0,0,0,0,0,1,1,0,0,0,0,0,0,0,0,0
2018.0,,1,,0,Travel And Play,"Travel And Play,Travel And Play",0,0,0,0,0,0,0,0,0,0,0,0,0,0,0,0,0,0,0,0,0,0,0,0,0,0,0,0
2018.0,,1,,0,Animyst Games,"Animyst Games,Animyst Games",0,0,0,1,0,0,0,0,0,0,0,0,0,0,1,0,0,0,0,0,0,0,0,0,0,0,0,0
2015.0,48.0,0,9.99,0,Tiger Style,"Tiger Style,Tiger Style",1,1,0,1,0,0,0,0,0,0,0,0,0,1,1,1,0,0,1,0,0,0,0,0,0,0,0,0
2017.0,56.0,0,29.99,0,EXAMU Inc.,"Arc System Works,Arc System Works",1,0,0,0,0,0,0,0,0,0,0,0,0,1,0,0,0,0,0,0,1,0,1,0,0,1,0,1
2011.0,27.0,0,9.99,0,Robot Entertainment,"Robot Entertainment,Robot Entertainment",1,0,0,1,0,0,1,0,0,0,0,0,0,1,1,1,1,1,0,0,0,0,1,0,1,1,1,1
2019.0,67.0,0,19.99,0,"M2H,Blackmill Games","M2H,M2H",1,0,0,1,0,0,1,0,0,0,0,0,0,1,1,0,0,1,0,1,0,0,1,1,1,1,1,1
2017.0,78.0,0,19.99,0,Out of the Park Developments,"Out of the Park Developments,Out of the Park Developments",0,0,0,1,0,1,1,1,0,0,0,0,0,0,1,0,0,1,0,1,1,0,0,0,0,0,1,0
2018.0,40.0,0,,0,Magic Chopstick Games,"Magic Chopstick Games,Magic Chopstick Games",0,0,1,1,0,0,1,0,0,1,0,0,0,0,1,0,0,1,1,0,0,0,0,0,0,0,0,0
2016.0,14.0,0,4.99,0,Just1337 Studio,"Just1337 Publisher,Just1337 Publisher",1,1,1,1,0,0,1,0,0,0,0,0,0,1,1,1,0,1,1,0,0,0,0,0,0,0,0,0
2016.0,28.0,0,3.99,0,PowPow,"Siberian Digital,Siberian Digital",1,0,1,1,0,0,0,0,0,0,0,1,0,1,1,0,0,0,1,0,0,0,0,0,0,0,0,0
2015.0,44.0,0,19.99,0,WayForward,"WayForward,WayForward",1,1,0,1,1,0,0,0,0,0,0,0,0,1,1,1,1,0,0,0,0,0,0,0,0,1,1,1
2016.0,,1,6.99,0,Syrena Interactive,"Syrena Interactive,Syrena Interactive",0,0,0,1,0,1,0,0,0,0,0,1,0,1,1,1,0,0,1,1,0,0,1,0,0,0,0,1
2018.0,20.0,0,3.99,0,"Stranga,Tommah","GrabTheGames,GrabTheGames",0,0,1,1,0,0,1,0,0,0,0,0,0,0,1,0,0,1,1,1,0,0,1,0,0,0,0,0
2018.0,,1,31.95,0,"Little Moth Games,Akupara Games","Akupara Games,Akupara Games",0,1,0,1,0,0,0,0,0,0,0,0,0,0,1,1,0,0,0,0,0,0,0,0,0,0,0,0
2016.0,8.0,0,0.99,0,Kool2Play,"Kool2Play,Kool2Play",0,0,0,1,0,0,0,0,0,0,0,0,0,0,1,0,0,0,0,1,0,0,0,0,0,1,1,0
2018.0,32.0,0,2.99,0,Zoka Bros.,"Zoka Bros.,Zoka Bros.",1,0,1,0,0,0,0,0,0,0,0,0,0,1,1,0,0,0,1,0,0,0,0,0,0,0,0,0
2016.0,,1,9.99,0,The Odd Gentlemen,"Sierra,Sierra",0,1,0,0,0,0,0,0,0,0,0,0,0,0,0,1,0,0,0,0,0,0,0,0,0,0,0,0
2016.0,,1,7.99,0,Ronimo Games,,1,0,0,1,0,0,1,0,0,0,0,0,0,1,1,0,0,1,0,0,0,0,0,0,0,0,0,0
2019.0,11.0,0,2.99,0,Only Voxel Games,"Only Voxel Games,Only Voxel Games",1,1,1,1,0,0,0,0,0,0,0,0,0,1,1,1,0,0,1,0,0,0,0,0,0,0,0,0
2015.0,,1,,0,"Dennaton Games,Dayjob Studio","Devolver Digital,Devolver Digital",0,0,0,0,0,0,0,0,0,0,0,0,0,0,1,0,0,0,0,0,0,0,0,0,0,0,0,0
2016.0,21.0,0,0.99,0,Kazakov Oleg,"Kazakov Oleg,Kazakov Oleg",0,0,0,0,1,1,1,0,0,0,0,0,0,0,1,0,1,1,0,1,0,0,0,0,0,1,0,0
2014.0,,1,,0,Lionhead Studios,"Xbox Game Studios,Xbox Game Studios",0,0,0,0,1,0,0,0,0,0,0,0,0,0,0,0,1,0,0,0,0,0,0,0,0,0,0,0
2015.0,98.0,0,,0,U.S. Army,"U.S. Army,U.S. Army",1,0,0,0,0,0,0,0,0,1,0,0,0,1,0,1,0,1,0,1,0,0,1,1,1,1,1,1
2016.0,22.0,0,9.99,0,Frontwing,"Frontwing USA,Frontwing USA",0,1,1,0,0,0,0,0,0,0,0,0,0,0,1,1,0,0,1,0,0,0,0,0,0,0,0,0
2018.0,18.0,0,1.99,0,Rizme,"Rizme,Rizme",0,0,1,1,0,0,0,0,0,0,0,0,0,0,1,0,0,0,1,0,0,0,0,0,0,0,0,0
2017.0,55.0,0,59.99,0,Nihon Falcom,"Aksys Games,Aksys Games",0,0,0,0,1,0,0,0,0,0,0,0,0,1,0,0,1,0,0,0,0,0,0,0,0,1,1,1
2015.0,,1,0.0,1,SoftStar,"SubaGames,SubaGames",0,1,0,0,1,0,0,0,0,1,1,0,0,0,0,1,1,0,0,0,0,0,1,0,0,0,1,1
2017.0,8.0,0,6.99,0,Dual Heights Software,"Dual Heights Software,Dual Heights Software",0,0,1,1,0,0,0,0,0,0,0,0,0,0,1,0,0,0,1,0,0,0,0,0,0,0,0,0
2018.0,48.0,0,2.99,0,ATOMIC BREATH,"ATOMIC BREATH,ATOMIC BREATH",1,1,1,1,0,0,0,0,0,0,0,0,0,1,1,1,0,0,1,0,0,0,0,0,0,1,0,0
2017.0,1.0,0,,0,Ripknot Systems,"Ripknot Systems,Ripknot Systems",1,0,1,1,0,0,0,0,0,0,0,0,0,1,1,0,0,0,1,0,0,0,0,0,0,1,0,0
2009.0,51.0,0,2.99,0,Makivision Games,"Makivision Games,Makivision Games",1,0,0,1,0,0,1,0,0,0,0,0,0,1,1,0,0,1,0,0,0,0,0,0,0,0,0,0
2016.0,,1,4.99,0,bycomb,"bycomb,bycomb",0,1,1,1,0,0,0,0,0,0,0,0,0,0,1,1,0,0,1,0,0,0,0,0,0,0,0,0
2018.0,,1,14.99,0,Experiment 7,"Experiment 7,Experiment 7",0,0,0,0,0,1,1,0,0,0,0,0,0,0,0,0,0,1,0,1,0,0,0,0,0,0,0,0
2016.0,44.0,0,14.99,0,RebRank,"Degica,Degica",1,0,0,1,0,0,0,0,0,0,0,0,0,1,1,0,0,0,0,0,0,0,0,0,0,0,0,0
2017.0,175.0,0,,0,Gameloft,"Gameloft,Gameloft",1,0,0,0,0,0,0,0,0,1,0,0,0,1,1,1,0,0,0,0,0,0,1,1,1,1,1,1
2012.0,60.0,0,19.99,0,"Coreplay GmbH,Bigmoon Studios","THQ Nordic,THQ Nordic",0,0,0,0,1,1,1,0,0,0,0,0,0,1,0,0,1,1,0,1,0,0,0,0,0,1,1,1
2017.0,,1,,0,Zetsubou,"Unwonted Studios,Unwonted Studios",0,0,0,1,0,1,0,0,0,1,0,0,0,0,1,0,0,0,1,1,0,0,0,0,0,0,0,0
2016.0,1.0,0,54.97,0,"Syrin Studios,Small Impact Games","Green Man Gaming Publishing,Green Man Gaming Publishing",1,1,0,0,1,0,0,0,0,0,0,1,0,1,1,1,1,0,0,0,0,0,1,0,0,0,1,0
2016.0,,1,3.99,0,Hipix Studio,"Dagestan Technology,Dagestan Technology",1,0,0,1,0,0,0,0,0,0,0,0,0,1,1,0,0,0,0,0,0,0,0,0,0,0,0,0
2018.0,,1,2.99,0,Okomotive,"Mixtvision,Mixtvision",1,1,0,1,0,0,0,0,0,0,0,0,0,1,1,1,0,0,0,0,0,0,0,0,0,0,0,0
2018.0,,1,0.99,0,Hiver Prod,"Plug In Digital,Cinétévé Experience,Plug In Digital,Cinétévé Experience",0,0,1,1,0,0,0,0,0,0,0,0,0,0,1,0,0,0,1,0,0,0,0,0,0,0,0,0
2009.0,,1,24.99,0,"CREATIVE ASSEMBLY,Feral Interactive (Mac),Feral Interactive (Linux)","SEGA,Feral Interactive (Mac),Feral Interactive (Linux),SEGA,Feral Interactive (Mac),Feral Interactive (Linux)",0,0,0,0,0,0,1,0,0,0,0,0,0,0,0,0,0,1,0,0,0,0,0,0,0,0,0,0
2016.0,,1,6.99,0,Amanita Design,"Amanita Design,Amanita Design",0,1,1,1,0,0,0,0,0,0,0,0,0,0,1,1,0,0,1,0,0,0,0,0,0,0,0,0
2016.0,34.0,0,9.99,0,"War Drum Studios,E McNeill","War Drum Studios,War Drum Studios",0,0,1,1,0,0,1,0,0,0,0,0,0,0,1,0,0,1,1,0,0,0,0,0,0,0,0,0
2016.0,9.0,0,9.99,0,Dogenzaka Lab,"Dogenzaka Lab,Dogenzaka Lab",0,1,0,0,0,0,0,0,0,0,0,0,0,0,0,1,0,0,0,0,0,0,0,0,0,0,0,0
2019.0,26.0,0,6.99,0,Cloak and Dagger Games,"Cloak and Dagger Games,Cloak and Dagger Games",0,1,0,0,0,0,0,0,0,0,0,0,0,0,1,1,0,0,0,0,0,0,0,0,0,1,0,0
2018.0,42.0,0,29.99,0,Arc System Works,"Arc System Works,Arc System Works",1,0,0,0,0,0,0,0,0,0,0,0,0,1,0,0,0,0,0,0,1,0,1,0,0,1,1,1
2017.0,32.0,0,49.99,0,"Studio Wildcard,Instinct Games,Efecto Studios,Virtual Basement LLC","Studio Wildcard,Studio Wildcard",1,1,0,1,1,0,0,0,0,0,1,0,0,1,1,1,1,0,0,0,0,0,1,0,0,1,1,1
2015.0,36.0,0,19.99,0,"GAME ARTS Co., Ltd.,SkyBox Labs"," GungHo Online Entertainment America, Inc.	, GungHo Online Entertainment America, Inc.	",0,0,0,0,1,0,0,0,0,0,0,0,0,0,0,1,1,0,0,0,0,0,0,0,0,1,1,1
2014.0,,1,19.99,0,Dovetail Games,"Dovetail Games - Trains,Dovetail Games - Trains",0,0,0,0,0,1,0,0,0,0,0,0,0,0,0,0,0,0,0,1,0,0,0,0,0,0,0,0
2017.0,29.0,0,9.99,0,Vulgat,"Vulgat,Vulgat",0,1,0,1,1,0,1,0,0,0,0,0,0,0,1,1,1,1,0,0,0,0,0,0,0,0,0,0
2016.0,,1,0.0,1,"CRAZYDIAMOND CO., LTD.","CRAZYDIAMOND CO., LTD.,CRAZYDIAMOND CO., LTD.",1,0,1,0,0,0,0,0,0,1,1,0,0,1,0,0,0,0,1,0,0,0,1,0,0,0,1,0
2018.0,41.0,0,14.85,0,NukGames,"NukGames,NukGames",1,0,0,1,0,0,0,0,0,0,0,0,0,1,1,0,0,0,0,0,0,0,0,0,0,0,0,0
2016.0,,1,4.99,0,"Firaxis Games,Aspyr (Mac),Aspyr (Linux)","2K,Aspyr (Mac),Aspyr (Linux),2K,Aspyr (Mac),Aspyr (Linux)",0,0,0,0,0,0,1,0,0,0,0,0,0,0,0,0,0,1,0,0,0,0,0,0,0,0,1,0
2015.0,,1,14.99,0,Immersive Douro,"Immersive Douro,Immersive Douro",1,1,0,1,1,0,0,0,0,0,0,1,0,1,1,1,1,0,0,0,0,0,0,0,0,0,0,0
2018.0,9.0,0,1.99,0,Dymchick1,"Dymchick1,Dymchick1",1,1,1,0,0,0,0,0,0,0,0,0,0,1,0,1,0,0,1,0,0,0,0,0,0,0,0,0
2016.0,,1,7.99,0,"Trevor Jones,Trevor Jones","Trevor Jones,Trevor Jones",0,0,0,1,1,1,0,0,0,0,0,0,0,1,1,0,1,0,0,1,0,0,0,0,0,0,0,0
2016.0,,1,,0,"KOEI TECMO GAMES CO., LTD.",,0,0,0,0,0,1,1,0,0,0,0,0,0,0,0,0,0,1,0,1,0,0,0,0,0,0,0,0
2019.0,26.0,0,11.99,0,Wooden Monkeys,"BigGame,BigGame",0,1,0,0,0,1,1,0,0,0,0,0,0,0,1,1,0,1,1,1,0,0,0,0,0,1,0,0
2018.0,26.0,0,9.99,0,GoldenGod Games,"GoldenGod Games,GoldenGod Games",0,0,0,1,1,1,1,0,0,0,0,1,0,0,1,0,1,1,0,1,0,0,0,0,0,0,0,0
2018.0,26.0,0,11.99,0,ImpQueen,"ImpQueen,ImpQueen",0,0,1,1,0,0,0,0,0,0,0,0,0,0,1,0,0,0,1,0,0,0,0,0,0,0,0,0
2015.0,,1,5.99,0,Digital Confectioners,,1,0,0,1,0,0,0,0,0,0,0,0,0,1,1,0,0,0,0,0,0,0,0,0,0,0,0,0
2018.0,,1,9.99,0,Wooden Anchor Games,"Wooden Anchor Games,Wooden Anchor Games",1,0,1,1,0,1,0,1,0,0,0,1,0,1,1,0,0,0,1,1,1,0,0,0,0,0,0,0
2015.0,20.0,0,5.99,0,Frozen Orb,"Rockin' Android,Rockin' Android",1,0,0,1,0,0,0,0,0,0,0,0,0,1,1,0,0,0,0,0,0,0,0,0,0,0,0,0
2016.0,13.0,0,8.99,0,Lino Slahuschek,"Rising Star Games,Rising Star Games",1,0,0,1,0,0,0,0,0,0,0,0,0,1,1,0,0,0,0,0,0,0,1,1,1,0,1,0
2018.0,,1,,0,Monkeys Lab.,"Monkeys Lab.,Monkeys Lab.",1,0,0,1,0,0,0,0,0,1,1,0,0,1,1,0,0,0,0,0,0,0,1,1,1,1,1,1
2016.0,6.0,0,0.0,1,Black Cell OG,"Black Cell OG,Black Cell OG",0,1,0,1,0,0,0,0,0,0,0,0,0,0,1,1,0,0,0,0,0,0,0,0,0,1,0,0
2012.0,,1,19.99,0,Arkane Studios,"Bethesda Softworks,Bethesda Softworks",1,1,0,0,0,0,0,0,0,0,0,0,0,1,0,1,0,0,0,0,0,0,0,0,0,0,0,0
2016.0,,1,24.99,0,Iris Flight Simulation Software,"Dovetail Games - Flight,Dovetail Games - Flight",0,0,0,0,0,1,0,0,0,0,0,0,0,0,0,0,0,0,0,1,0,0,0,0,0,0,0,0
2016.0,,1,4.99,0,Ghost Town Games Ltd.,"Team17 Digital Ltd,Team17 Digital Ltd",1,0,1,1,0,1,0,0,0,0,0,0,0,1,1,0,0,0,1,1,0,0,0,0,0,0,0,0
2010.0,,1,9.99,0,Chaos Concept,"ND Games,ND Games",0,0,0,0,0,0,1,0,0,0,0,0,0,0,0,0,0,1,0,0,0,0,0,0,0,1,0,0
2016.0,241.0,0,59.99,0,"Firaxis Games,Aspyr (Mac),Aspyr (Linux)","2K,Aspyr (Mac),Aspyr (Linux),2K,Aspyr (Mac),Aspyr (Linux)",0,0,0,0,0,0,1,0,0,0,0,0,0,0,0,0,0,1,0,1,0,0,1,0,0,1,1,1
2018.0,,1,9.99,0,PDDS,"PDDS ENT,PDDS ENT",1,1,0,1,0,0,0,0,0,0,0,0,0,1,1,1,0,0,0,0,0,0,0,0,0,0,0,0
2018.0,11.0,0,4.99,0,Afterburn,"Afterburn,Afterburn",0,0,1,1,0,0,0,1,0,0,0,0,0,0,1,0,0,0,1,0,1,0,0,0,0,1,0,0
2016.0,,1,,0,Framestore VR Studio,"Framestore VR Studio,Framestore VR Studio",0,0,0,0,0,1,0,0,0,0,0,0,0,0,0,0,0,0,0,1,0,0,0,0,0,0,0,0
2017.0,225.0,0,,0,Overgroup,"Overgroup,Overgroup",0,0,0,0,0,1,0,1,0,1,0,0,0,0,0,0,0,0,1,1,1,0,1,0,0,0,1,1
2015.0,29.0,0,4.99,0,Cats Who Play,"Cats Who Play,Cats Who Play",1,1,0,1,0,0,0,0,0,0,0,0,0,1,1,1,1,0,0,0,0,0,0,0,1,1,1,1
2018.0,5.0,0,56.86,0,Racing Bros,"ANPA.US,ANPA.US",1,0,0,1,0,1,0,0,0,0,0,0,0,1,1,0,0,0,0,1,0,0,0,0,0,0,0,0
2012.0,119.0,0,19.99,0,Runic Games,"Runic Games,Runic Games",1,1,0,1,1,0,0,0,0,0,0,0,0,1,1,1,1,0,0,0,0,0,1,0,0,1,1,1
2015.0,,1,2.99,0,Trion Worlds,"Trion Worlds,Trion Worlds",1,1,1,0,1,0,0,0,0,1,1,0,0,1,0,1,1,0,1,0,0,0,1,0,0,0,0,0
2016.0,6.0,0,2.99,0,Edougame,"Edougame,Edougame",0,0,1,1,0,1,1,1,0,0,0,0,0,0,1,0,0,1,1,1,1,0,0,0,0,1,0,0
2010.0,12.0,0,4.99,0,Stickmen Studios,"Stickmen Studios,Stickmen Studios",0,1,1,1,0,0,0,0,0,0,0,0,0,0,1,1,0,0,1,0,0,0,0,0,0,0,0,0
2018.0,,1,0.99,0,SCS Software,"SCS Software,SCS Software",0,0,0,1,0,1,0,0,0,0,0,0,0,0,1,0,0,0,0,1,0,0,0,0,0,0,0,0
2017.0,,1,14.99,0,Fullmetal Developer,"Fullmetal Developer,Fullmetal Developer",1,0,0,1,0,1,1,0,0,0,0,1,0,1,1,0,0,1,0,1,0,0,0,0,0,0,0,0
2019.0,1.0,0,9.99,0,Haptic Pulse,"Haptic Pulse,Haptic Pulse",1,0,1,1,0,0,0,0,0,0,0,1,0,1,1,0,0,0,1,1,0,0,1,1,1,0,0,0
2015.0,,1,29.99,0,Just Trains,"Dovetail Games - Trains,Dovetail Games - Trains",0,0,0,0,0,1,0,0,0,0,0,0,0,0,0,0,0,0,0,1,0,0,0,0,0,0,0,0
2018.0,,1,5.99,0,Flying Star Games,"Flying Star Games,Flying Star Games",0,1,0,0,1,0,1,0,0,0,0,0,0,0,0,1,1,1,0,0,0,0,0,0,0,0,0,0
2018.0,16.0,0,19.99,0,Lucas Pope,"3909,3909",0,1,0,1,0,0,0,0,0,0,0,0,0,0,1,1,0,0,0,0,0,0,0,0,0,1,1,0
2017.0,31.0,0,14.99,0,Klonk Games,"Klonk Games,Deck13,FFF Bayern,Klonk Games,Deck13,FFF Bayern",1,0,0,1,0,0,0,0,0,0,0,0,0,1,1,0,0,0,0,0,0,0,1,0,0,0,0,0
2017.0,32.0,0,,0,MercurySteam,"Mercury Steam Entertainment s.l.,Mercury Steam Entertainment s.l.",1,1,1,1,0,0,1,0,0,1,1,0,0,1,0,1,0,1,0,0,0,0,1,0,1,0,1,1
2015.0,,1,1.99,0,KillHouse Games,"KillHouse Games,KillHouse Games",0,0,0,0,0,0,0,0,0,0,0,0,0,0,1,0,0,0,0,0,0,0,0,0,0,0,0,0
2017.0,28.0,0,5.99,0,Aegon Games Ltd,"Aegon Games Ltd,Aegon Games Ltd",0,0,1,1,0,0,0,0,0,0,0,0,0,0,1,1,0,0,1,0,0,0,0,0,0,1,0,0
2013.0,,1,4.99,0,Fishcow Studio,"Daedalic Entertainment,Daedalic Entertainment",0,1,0,1,0,0,0,0,0,0,0,0,0,0,1,1,0,0,1,0,0,0,0,0,0,1,1,1
2017.0,29.0,0,29.99,0,Deck13 Hamburg,"astragon Entertainment,astragon Entertainment",0,0,1,0,0,1,1,0,0,0,0,0,0,0,0,0,0,1,1,1,0,0,0,0,0,0,0,0
2016.0,30.0,0,9.99,0,Harvester Games,"Screen 7,Screen 7",0,1,0,1,0,0,0,0,0,0,0,0,0,0,1,1,0,0,0,0,0,0,0,0,0,1,1,0
2016.0,20.0,0,14.99,0,"Redlynx,Ubisoft Kiev","Ubisoft,Ubisoft",0,0,0,0,0,0,0,0,1,0,0,0,0,1,0,0,0,0,0,0,0,1,0,0,0,0,0,0
2014.0,12.0,0,19.99,0,Capcom,"Capcom,Capcom",1,1,0,0,0,0,0,0,0,0,0,0,0,1,0,1,0,0,0,0,0,0,0,0,1,1,1,1
2018.0,,1,7.99,0,"Eidos-Montréal,Crystal Dynamics","Square Enix,Square Enix",1,1,0,0,0,0,0,0,0,0,0,0,0,1,0,1,0,0,0,0,0,0,0,0,0,0,0,0
2010.0,,1,9.99,0,Cyanide Studios,"Focus Home Interactive,Focus Home Interactive",0,0,0,0,0,0,1,1,0,0,0,0,0,0,0,0,0,1,0,0,1,0,1,0,0,1,1,1
2015.0,96.0,0,15.99,0,Square Enix,"Square Enix,Square Enix",0,0,0,0,1,0,0,0,0,0,0,0,0,0,0,1,1,0,0,0,0,0,0,0,0,1,1,1
2018.0,15.0,0,2.99,0,Corpix,"Corpix,Corpix",1,0,0,1,0,0,0,0,0,0,0,0,0,1,1,1,0,0,0,0,0,0,0,0,1,1,0,0
2016.0,,1,19.99,0,Ankama Studio,"Ankama Games,Ankama Games",0,1,0,0,1,0,1,0,0,1,1,0,0,0,0,1,1,1,0,0,0,0,1,0,0,0,0,0
2019.0,,1,,0,Developer of Easy Shooter,"Developer of Easy Shooter,Developer of Easy Shooter",1,0,0,0,0,0,0,0,0,0,1,1,0,1,0,0,0,0,0,0,0,0,1,0,0,0,0,0
2016.0,28.0,0,39.99,0,Maximum Games,"Maximum Games,KISS ltd,Maximum Games,KISS ltd",1,1,0,0,0,0,0,0,0,0,0,0,0,1,0,1,0,0,0,0,0,0,0,0,0,0,0,0
2019.0,4.0,0,,0,toropippi,"toropippi,toropippi",1,0,0,0,0,0,0,0,0,1,0,0,0,1,0,0,0,0,0,0,0,0,0,0,0,0,0,0
2013.0,,1,19.99,0,Dovetail Games,"Dovetail Games - Trains,Dovetail Games - Trains",0,0,0,0,0,1,0,0,0,0,0,0,0,0,0,0,0,0,0,1,0,0,0,0,0,0,0,0
2017.0,,1,7.99,0,Forty Avenue games,"Easy Entertainment,Easy Entertainment",1,1,0,1,1,0,0,0,0,0,0,0,0,1,1,1,1,0,0,0,0,0,0,0,0,0,0,0
2016.0,20.0,0,12.99,0,MoeNovel,"MoeNovel,MoeNovel",0,1,1,0,0,1,0,0,0,0,0,0,0,0,0,1,0,0,1,1,0,0,0,0,0,0,0,0
2017.0,26.0,0,9.99,0,"Michaela Laws,Ethan Nakashima","Michaela Laws,Michaela Laws",0,1,0,1,0,0,1,0,0,0,0,0,0,0,1,1,0,1,0,0,0,0,0,0,0,0,0,0
2016.0,,1,12.99,0,Sergey Bobrov,"Sergey Bobrov,Sergey Bobrov",0,1,0,1,1,0,0,0,0,0,0,0,0,0,1,1,1,0,0,0,0,0,0,0,0,0,0,0
2017.0,11.0,0,1.99,0,Anatoliy Loginovskikh,"Anatoliy Loginovskikh,Anatoliy Loginovskikh",1,0,0,1,0,0,0,0,0,0,0,0,0,1,1,0,0,0,0,0,0,0,0,0,0,0,0,0
2012.0,,1,1.99,0,Volition,"Deep Silver,Deep Silver",1,0,0,0,0,0,0,0,0,0,0,0,0,1,0,0,0,0,0,0,0,0,0,0,0,0,0,0
2014.0,5.0,0,,0,Valve,,0,0,0,0,0,0,0,0,0,0,0,0,0,0,0,0,0,0,0,0,1,0,0,0,0,0,1,0
2012.0,,1,,0,Daybreak Game Company,"Daybreak Game Company,Daybreak Game Company",1,0,0,0,0,0,0,0,0,1,1,0,0,1,0,1,1,1,0,0,0,0,1,1,1,0,1,1
2014.0,,1,2.99,0,Light Echo,"Light Echo,Light Echo",1,1,1,1,0,0,0,0,0,0,0,0,0,1,1,1,0,0,1,0,0,0,0,0,0,0,0,0
2017.0,2995.0,0,56.86,0,Racing Bros,"ANPA.US,ANPA.US",1,0,0,1,0,0,0,0,0,0,0,0,0,1,1,0,0,0,0,0,0,0,0,1,0,0,1,0
2016.0,14.0,0,9.99,0,Awaceb,"Awaceb,Awaceb",1,1,0,1,0,0,0,0,0,0,0,0,0,1,1,1,0,0,0,0,0,0,0,0,0,0,0,0
2018.0,21.0,0,1.99,0,Bullid Games,"Bullid Games,Bullid Games",0,0,1,1,0,0,0,0,0,0,0,0,0,0,1,0,0,0,1,0,0,0,0,0,0,0,0,0
2016.0,,1,9.99,0,NEKO WORKs,"NEKO WORKs,NEKO WORKs",0,0,1,1,0,0,0,0,0,0,0,0,0,0,1,0,0,0,1,0,0,0,0,0,0,0,0,0
2018.0,,1,0.0,1,Game Cooks,"Game Cooks,Game Cooks",0,0,1,0,0,0,0,0,0,1,0,1,0,0,0,0,0,0,1,0,0,0,1,0,0,0,0,0
2017.0,,1,4.99,0,Tayanna Studios,"Tayanna Studios,Tayanna Studios",0,1,1,1,0,0,0,0,0,0,0,0,0,0,1,1,0,0,1,0,0,0,0,0,0,0,0,0
2016.0,30.0,0,12.99,0,Meerkat Gaming,"Meerkat Gaming,Meerkat Gaming",1,0,0,1,0,1,0,0,0,0,0,1,0,1,1,0,0,0,0,1,0,0,1,0,0,0,0,0
2017.0,33.0,0,14.99,0,Loren Lemcke,"Loren Lemcke,Loren Lemcke",0,0,0,1,0,0,0,1,0,0,0,0,0,1,1,0,0,0,0,0,1,0,1,0,0,1,1,1
2015.0,40.0,0,10.99,0,Zoo Corporation,"Zoo Corporation,Zoo Corporation",1,0,0,0,0,0,0,0,0,0,0,0,0,1,0,0,0,0,0,0,0,0,0,0,0,0,0,0
2019.0,,1,1.99,0,"CAPCOM Co., Ltd.","CAPCOM Co., Ltd.,CAPCOM Co., Ltd.",1,0,0,0,0,0,0,0,0,0,0,0,0,1,0,0,0,0,0,0,0,0,0,0,0,0,0,0
2018.0,,1,19.99,0,"Sastrei Studios, LLC","Sastrei Studios, LLC,Sastrei Studios, LLC",0,1,0,1,0,1,0,0,0,0,1,1,0,0,1,1,0,0,0,1,0,0,1,0,0,0,1,0
2018.0,18.0,0,2.99,0,DuCats Games Studio,"DuCats Games Studio,DuCats Games Studio",0,0,1,1,0,0,0,0,0,0,0,0,0,0,1,0,0,0,1,0,0,0,0,0,0,1,0,0
2011.0,,1,2.99,0,Alawar Stargaze,"Alawar Entertainment,Alawar Entertainment",0,1,1,0,0,0,0,0,0,0,0,0,0,0,0,1,0,0,1,0,0,0,0,0,0,0,0,0
2016.0,24.0,0,,0,Sad Panda Studios,"Sad Panda Studios,Sad Panda Studios",0,0,1,1,0,0,0,0,0,1,0,0,0,0,1,0,0,1,1,0,0,0,0,0,0,1,1,1
2018.0,7.0,0,2.99,0,GiBar,"RoBot,RoBot",1,1,0,1,0,1,0,0,0,0,0,0,0,1,1,1,0,0,0,1,0,0,0,0,0,0,0,0
2009.0,10.0,0,7.99,0,WildTangent,"WildTangent,WildTangent",1,1,0,0,1,0,0,0,0,0,0,0,0,1,0,1,1,0,0,0,0,0,0,0,0,1,0,1
2017.0,17.0,0,4.99,0,"Keybol,Nitrome Limited,Mike Studios","Nitrome Limited,Nitrome Limited",1,1,0,1,0,0,0,0,0,0,0,0,0,1,1,1,0,0,0,0,0,0,0,0,0,0,0,0
2017.0,,1,0.0,1,Grimoire Games,"Grimoire Games,Grimoire Games",1,0,0,1,0,0,0,0,0,0,0,0,0,1,1,0,0,0,0,0,0,0,0,0,0,1,0,0
2016.0,12.0,0,4.99,0,Retro Army Limited,"Retro Army Limited,Retro Army Limited",1,0,1,1,0,0,0,0,0,0,0,0,0,1,1,0,0,0,1,0,0,0,0,0,0,0,1,0
2010.0,145.0,0,1.99,0,DiezelPower,"DiezelPower,DiezelPower",1,0,0,1,0,0,0,0,0,0,0,0,0,1,1,0,0,0,0,0,0,0,1,0,1,1,1,1
2019.0,13.0,0,9.99,0,Ignis Sanat,"Ignis Sanat,Ignis Sanat",0,1,0,1,0,0,0,0,0,0,0,0,0,0,1,1,0,0,0,0,0,0,0,0,0,0,0,0
2017.0,,1,1.99,0,A Mazeing Tower Defense,"A Mazeing Tower Defense,A Mazeing Tower Defense",1,0,1,0,0,0,1,0,0,0,0,0,0,1,0,0,0,1,1,0,0,0,0,0,0,0,0,0
2017.0,,1,9.99,0,Pearl Abyss,"Kakao Games Europe B.V.,Kakao Games Europe B.V.",1,1,0,0,1,1,1,0,0,0,1,0,0,1,0,1,1,1,0,1,0,0,1,0,0,0,1,0
2017.0,36.0,0,2.99,0,Dev Arc,"Dev Arc,Dev Arc",0,0,0,1,0,1,1,0,0,0,0,0,0,0,1,0,0,1,0,1,0,0,0,0,0,0,0,0
2013.0,,1,1.99,0,Deep Silver Volition,"Deep Silver,Deep Silver",1,1,0,0,0,0,0,0,0,0,0,0,0,1,0,1,0,0,0,0,0,0,0,0,0,0,0,0
2014.0,163.0,0,29.99,0,Full Control Studios,"Full Control,Full Control",0,0,0,0,1,0,1,0,0,0,0,0,0,0,0,0,1,1,0,0,0,0,0,0,0,0,1,0
2016.0,,1,1.99,0,AngryAngelGames,"IceTorch Interactive,IceTorch Interactive",1,0,1,1,0,1,0,1,1,0,0,0,0,1,1,0,0,0,1,1,1,1,0,0,0,0,0,0
2019.0,,1,0.0,1,louis morel,"louis morel,louis morel",0,1,1,1,1,1,0,0,0,1,0,0,0,0,1,1,1,0,1,1,0,0,0,0,0,0,0,0
2012.0,,1,8.99,0,Dovetail Games,"Dovetail Games - Trains,Dovetail Games - Trains",0,0,0,0,0,1,0,0,0,0,0,0,0,0,0,0,0,0,0,1,0,0,0,0,0,0,0,0
2018.0,,1,,0,Katoa Games,"Katoa Games,Katoa Games",1,0,0,1,0,0,0,0,0,1,0,1,0,1,1,0,0,0,0,0,0,0,0,0,0,0,0,0
2017.0,5.0,0,9.99,0,JaudaLabs,"JaudaLabs,JaudaLabs",0,0,0,1,0,0,1,0,0,0,0,0,0,1,1,1,1,1,1,0,0,0,0,0,0,0,0,0
2010.0,,1,29.99,0,BioWare,"Electronic Arts,Electronic Arts",0,0,0,0,1,0,0,0,0,0,0,0,0,0,0,1,1,1,0,0,0,0,0,0,0,1,1,1
2018.0,,1,19.99,0,Flat Hill Games,"Flat Hill Games,Flat Hill Games",0,0,1,1,0,1,0,0,0,0,0,1,0,0,1,0,0,0,1,1,0,0,1,0,0,1,0,0
2018.0,10.0,0,4.99,0,VNeroGAMEs,"TsunamiGames,TsunamiGames",1,0,1,1,0,0,0,0,0,0,0,0,0,1,1,0,0,0,1,0,0,0,0,0,0,0,0,0
2018.0,54.0,0,3.99,0,"刘俊亨(Junheng Liu),UNGamingOrg游戏组织玩家","刘俊亨(Junheng Liu),刘俊亨(Junheng Liu)",0,1,1,1,1,1,1,0,1,0,0,0,0,0,1,1,1,1,1,1,0,1,1,0,0,1,0,1
2016.0,,1,4.99,0,"Funny Games Group,Catstudio","Funny Games Group,Funny Games Group",1,1,1,1,0,1,1,0,0,0,0,1,0,1,1,1,0,1,1,1,0,0,0,0,0,0,0,0
2018.0,21.0,0,0.99,0,MUIFWEGO,"MUIFWEGO,MUIFWEGO",1,1,0,1,1,1,1,0,0,0,0,0,0,1,1,1,1,1,0,1,0,0,1,0,0,0,0,0
2012.0,10.0,0,4.99,0,Wadjet Eye Games,"Wadjet Eye Games,Wadjet Eye Games",0,1,0,1,0,0,0,0,0,0,0,0,0,0,1,1,0,0,0,0,0,0,0,0,0,1,1,1
2015.0,,1,59.99,0,"KOEI TECMO GAMES CO., LTD.","KOEI TECMO GAMES CO., LTD.,KOEI TECMO GAMES CO., LTD.",0,0,0,0,0,0,1,0,0,0,0,0,0,0,0,0,0,1,0,1,0,0,0,0,0,1,1,1
2014.0,,1,6.99,0,Rebellion,"Rebellion,Rebellion",1,1,0,0,0,0,0,0,0,0,0,0,0,1,0,1,0,0,0,0,0,0,0,0,0,0,0,0
2018.0,,1,3.99,0,Monkeys Lab.,"Neokosmos Technologies Ltd.,Neokosmos Technologies Ltd.",1,0,0,1,1,1,1,0,0,0,1,0,0,1,1,0,1,1,0,1,0,0,1,1,0,0,1,0
2016.0,25.0,0,4.99,0,Badim,"Badim,Badim",0,0,1,1,1,0,1,0,0,0,0,0,0,0,1,0,1,1,1,1,0,0,0,0,0,0,0,0
2015.0,,1,14.99,0,Zoo Corporation,"Zoo Corporation,Zoo Corporation",0,0,1,0,0,0,0,0,0,0,0,0,0,0,0,0,0,0,1,0,0,0,0,0,0,0,0,0
2017.0,,1,6.99,0,team ok LLC,"team ok LLC,team ok LLC",1,0,0,1,0,0,0,0,0,0,0,0,0,1,1,0,0,0,0,0,0,0,1,0,0,0,0,0
2018.0,9.0,0,24.99,0,Lose,"HIKARI FIELD,HIKARI FIELD",0,1,0,0,0,0,0,0,0,0,0,0,0,0,0,1,0,0,0,0,0,0,0,1,0,0,1,0
2009.0,18.0,0,5.99,0,Lazy 8 Studios,,0,0,1,1,0,0,0,0,0,0,0,0,0,0,1,0,0,0,1,0,0,0,0,0,0,1,0,1
2008.0,19.0,0,9.99,0,Hydravision Entertainment,"Mighty Rocket Studio,Mighty Rocket Studio",1,1,0,0,0,0,0,0,0,0,0,0,0,1,0,1,0,0,0,0,0,0,1,0,0,1,1,1
2018.0,15.0,0,4.99,0,Drago Software,"Drago Software,Drago Software",1,0,0,0,0,0,0,0,0,0,0,0,0,1,1,0,0,0,0,0,0,0,0,1,1,0,0,0
2018.0,41.0,0,49.99,0,"CRAFTS & MEISTER Co., Ltd.","BANDAI NAMCO Entertainment,BANDAI NAMCO Entertainment",1,0,0,0,0,0,0,0,0,0,0,0,0,1,0,0,0,0,0,0,0,0,0,0,0,0,1,0
2017.0,,1,0.99,0,Christoffer Ryrvall,"Christoffer Ryrvall,Christoffer Ryrvall",1,1,0,1,0,0,1,0,0,0,0,0,0,1,1,1,0,1,0,0,0,0,0,0,0,0,0,0
2017.0,13.0,0,9.99,0,Funsoft,"Digigo,Digigo",0,1,1,1,0,0,0,0,0,0,0,0,0,0,1,1,0,0,1,0,0,0,0,0,0,0,0,0
2016.0,28.0,0,7.99,0,Menic Games,,0,0,1,1,0,1,1,0,0,0,0,0,0,0,1,0,0,1,1,1,0,0,0,0,0,0,0,0
2015.0,,1,19.99,0,Dovetail Games,"Dovetail Games - Trains,Dovetail Games - Trains",0,0,0,0,0,1,0,0,0,0,0,0,0,0,0,0,0,0,0,1,0,0,0,0,0,0,0,0
2018.0,40.0,0,19.99,0,Sabotage,"Devolver Digital,Devolver Digital",1,0,0,1,0,0,0,0,0,0,0,0,0,1,1,1,0,0,0,0,0,0,0,0,0,1,1,1
2014.0,13.0,0,9.99,0,XPEC Entertainment Inc.,"XPEC Entertainment Inc.,XPEC Entertainment Inc.",1,1,0,1,0,0,0,0,0,0,0,0,0,1,1,1,0,0,0,0,0,0,0,0,0,0,0,0
2016.0,2.0,0,,0,Ape Man Robot,"Lines Media Corp.,Lines Media Corp.",0,0,1,1,0,0,0,0,0,1,0,0,0,0,1,0,0,0,1,0,0,0,0,0,0,0,0,0
2013.0,,1,1.99,0,Treyarch,"Activision,Activision",1,0,0,0,0,0,0,0,0,0,0,0,0,1,0,0,0,0,0,0,0,0,0,0,0,0,0,0
2017.0,17.0,0,4.99,0,Bartosz Bojarowski,"Bartosz Bojarowski,Bartosz Bojarowski",0,0,0,1,0,0,0,0,0,0,0,0,0,0,1,0,0,0,0,0,0,0,0,0,0,0,0,0
2016.0,,1,3.99,0,Recreat4,"Virtuactions,Virtuactions",0,0,1,1,0,0,0,0,0,0,0,0,0,0,1,0,0,0,1,0,0,0,0,0,0,0,0,0
2019.0,,1,,0,Fifth Column Games,"Fifth Column Games,Fifth Column Games",0,0,0,1,0,0,1,0,0,1,0,0,0,0,1,0,0,1,0,0,0,0,0,0,0,0,1,0
2018.0,29.0,0,19.99,0,Intravenous Software,"Independent,Independent",1,1,1,1,1,0,0,0,0,0,0,0,0,1,1,1,1,0,1,0,0,0,0,0,0,0,0,0
2015.0,,1,12.99,0,Binary Fortress Software,"Binary Fortress Software,Binary Fortress Software",0,0,0,0,0,0,0,0,0,0,0,0,1,0,0,0,0,0,0,0,0,0,0,0,0,0,0,0
2014.0,24.0,0,6.99,0,Enter Skies,"tinyBuild,tinyBuild",1,1,1,1,1,0,0,0,0,0,0,0,0,1,1,1,1,0,1,0,0,0,0,0,0,1,0,1
2015.0,44.0,0,6.99,0,Artifice Studio,"Artifice Studio,Artifice Studio",1,0,1,1,0,0,1,0,0,0,0,0,0,1,1,1,0,1,1,0,0,0,1,0,0,1,0,1
2015.0,20.0,0,19.99,0,Pure FPS,"THQ Nordic,THQ Nordic",1,1,0,0,0,0,0,0,0,0,0,0,0,1,0,1,0,0,0,0,0,0,1,0,1,1,0,1
2017.0,10.0,0,,0,PilotLumpa Gaming,"PilotLumpa Gaming,PilotLumpa Gaming",1,1,1,1,0,0,0,0,0,0,0,0,0,1,1,1,0,0,1,0,0,0,0,1,0,0,0,0
2018.0,2.0,0,19.99,0,Enthusiast Games,"Enthusiast Games,Enthusiast Games",1,0,0,1,0,0,0,0,0,0,0,1,0,1,1,0,0,0,0,0,0,0,0,1,0,1,0,0
2018.0,150.0,0,48.55,0,Blender Games,"Blender Games,Blender Games",0,0,1,1,0,0,0,0,0,0,0,0,0,0,1,0,0,0,1,0,0,0,0,0,0,1,0,0
2016.0,24.0,0,3.99,0,EfimovMax,"EfimovMax,EfimovMax",1,1,0,1,1,0,0,0,0,0,0,0,0,1,1,1,1,0,0,0,0,0,0,0,0,0,0,0
2016.0,,1,4.99,0,Brett Jackson,"Head Start Design,Head Start Design",1,1,0,1,0,0,0,0,0,0,0,0,0,1,1,1,0,0,0,0,0,0,0,0,0,0,0,0
2019.0,19.0,0,8.99,0,IndieLeague Studio,"2PGames,2PGames",1,1,0,1,1,0,0,0,0,0,0,1,0,1,1,1,1,0,0,0,0,0,0,0,0,0,1,0
2016.0,52.0,0,14.99,0,Skobbejak Games,"Skobbejak Games,Skobbejak Games",0,1,1,1,0,0,0,0,0,0,0,0,0,0,1,1,0,0,1,0,0,0,0,0,0,1,0,0
2016.0,,1,7.99,0,Alpha Wave Entertainment,"AAD Productions,AAD Productions",1,0,1,1,0,0,0,0,0,0,0,0,0,1,1,0,0,0,1,0,0,0,0,0,0,0,0,0
2015.0,24.0,0,,0,Self Made Miracle,"Team17 Digital Ltd,Team17 Digital Ltd",1,0,0,1,0,0,0,0,0,0,0,0,0,1,1,0,0,0,0,0,0,0,0,0,0,0,0,0
2018.0,8.0,0,,0,Hazier Studio,"Hazier Studio,Hazier Studio",0,1,0,1,0,0,0,0,0,0,0,0,0,0,1,1,0,0,0,0,0,0,0,0,0,0,0,0
2018.0,,1,,0,Smart Online Games,"Smart Online Games,Smart Online Games",0,0,0,0,0,0,1,0,0,1,1,1,0,1,0,0,1,1,0,0,0,0,1,0,0,1,0,1
2017.0,19.0,0,14.99,0,Grey Alien Games,"Positech Games,Positech Games",0,0,0,1,1,0,1,0,0,0,0,0,0,0,1,1,1,1,1,0,0,0,0,0,0,1,1,1
2016.0,14.0,0,12.99,0,GameHouse,"GameHouse,GameHouse",0,1,1,1,0,0,0,0,0,0,0,0,0,0,1,1,0,0,1,0,0,0,0,0,0,0,0,0
2017.0,43.0,0,14.99,0,Arrowiz,"Arrowiz,Arrowiz",1,0,1,1,0,0,0,1,0,0,0,0,0,1,1,0,0,0,1,0,1,0,0,0,0,0,0,0
2019.0,,1,0.99,0,净土制作室,"净土制作室,净土制作室",0,1,0,1,0,0,0,0,0,0,0,0,0,0,1,1,0,0,0,0,0,0,0,0,0,0,0,0
2015.0,22.0,0,0.99,0,Duct Tape Games,"Duct Tape Games,Duct Tape Games",1,1,0,1,0,0,0,0,0,0,0,0,0,1,1,1,0,0,0,0,0,0,0,0,0,0,0,0
2017.0,,1,4.99,0,Oats Studios,,0,0,0,0,0,0,0,0,0,0,0,0,0,1,0,0,0,0,0,0,0,0,0,0,0,0,1,0
2018.0,,1,9.99,0,Xefier Games Inc.,"Xefier Games Inc.,Xefier Games Inc.",1,0,0,1,0,0,0,0,0,0,0,1,0,1,1,0,0,0,0,0,0,0,1,1,1,0,0,0
2018.0,14.0,0,0.99,0,bidmei,"bidmei,bidmei",0,1,1,1,0,0,0,0,0,0,0,0,0,0,1,1,0,0,1,0,0,0,0,0,0,1,0,0
2018.0,42.0,0,11.99,0,Warpfish Games,"PQube Limited,PQube Limited",1,0,0,0,0,0,0,0,1,0,0,0,0,1,1,1,0,0,0,0,0,1,0,0,0,1,0,0
2016.0,,1,56.86,0,ANPA.US,"ANPA.US,ANPA.US",1,1,0,1,0,1,0,0,0,0,0,0,0,1,1,1,0,0,0,1,0,0,0,0,0,0,0,0
2015.0,25.0,0,7.99,0,Woodsy Studio,"Thesis Games,Thesis Games",0,1,0,1,0,0,0,0,0,0,0,0,0,0,1,1,0,0,0,0,0,0,0,0,0,0,0,0
2018.0,4.0,0,4.99,0,Pixeljam,"Pixeljam,Pixeljam",1,0,0,1,0,0,0,1,0,0,0,0,0,1,1,0,0,0,0,0,1,0,0,0,0,0,0,0
2018.0,18.0,0,12.97,0,Choice of Games,"Choice of Games,Choice of Games",0,1,0,1,1,0,0,0,0,0,0,0,0,0,1,1,1,0,0,0,0,0,0,0,0,0,0,0
2014.0,,1,0.99,0,SCS Software,"SCS Software,SCS Software",0,0,0,1,0,1,0,0,0,0,0,0,0,0,1,0,0,0,0,1,0,0,0,0,0,0,0,0
2016.0,49.0,0,19.99,0,Tamsoft,"XSEED Games,Marvelous USA, Inc.,Marvelous,XSEED Games,Marvelous USA, Inc.,Marvelous",1,0,0,0,0,0,0,0,0,0,0,0,0,1,0,0,1,0,0,0,0,0,1,0,0,1,1,1
2019.0,,1,29.99,0,Beat Games,"Beat Games,Beat Games",0,0,0,1,0,0,0,0,0,0,0,0,0,1,1,0,0,0,0,0,1,0,1,0,0,1,1,1
2017.0,6.0,0,3.99,0,QuickSave,"QuickSave,QuickSave",0,1,0,1,0,0,0,0,0,0,0,0,0,0,1,1,0,0,0,0,0,0,0,0,0,1,0,0
2018.0,6.0,0,0.0,1,Hijong Park,"PsychoFlux Entertainment,PsychoFlux Entertainment",1,0,0,1,0,0,0,0,0,1,0,0,0,1,1,0,0,0,0,0,0,0,0,0,1,0,0,0
2015.0,,1,3.99,0,Harvester Games,"Screen 7,Screen 7",0,1,0,1,0,0,0,0,0,0,0,0,0,0,1,1,0,0,0,0,0,0,0,0,0,0,0,0
2012.0,,1,,0,Nikita Online,"Nikita Online,Nikita Online",0,0,0,0,0,1,0,0,0,1,1,0,0,0,0,0,0,0,0,1,0,0,1,0,0,0,0,1
2018.0,,1,0.0,1,Oracle Gaming Orlando LLC,"Oracle Gaming Orlando LLC,Oracle Gaming Orlando LLC",0,0,0,0,1,0,1,0,0,1,0,0,0,0,0,0,1,1,0,0,0,0,0,0,0,0,0,0
2017.0,,1,5.99,0,stillalive studios,"astragon Entertainment ,astragon Entertainment ",0,0,0,0,0,1,0,0,0,0,0,0,0,0,0,0,0,0,0,1,0,0,0,0,0,0,0,0
2016.0,119.0,0,12.99,0,@unepic_fran,"@unepic_fran,@unepic_fran",1,1,0,1,0,0,0,0,0,0,0,0,0,1,1,1,0,0,0,0,0,0,0,0,0,1,1,0
2011.0,41.0,0,9.99,0,Blendo Games,"Blendo Games,Blendo Games",0,0,0,1,0,0,1,0,0,0,0,0,0,0,1,0,0,1,1,0,0,0,1,0,0,1,1,1
2018.0,38.0,0,9.99,0,ShotX Studio,"ShotX Studio,ShotX Studio",1,0,0,1,1,0,1,0,0,0,0,0,0,1,1,0,1,1,1,0,0,0,0,0,1,1,0,1
2017.0,21.0,0,19.99,0,Crasleen Games,"Crasleen Games,Crasleen Games",0,0,0,1,1,0,1,0,0,0,0,0,0,0,1,1,1,1,0,0,0,0,0,0,0,1,0,1
2009.0,,1,9.99,0,"Blue Byte,Related Designs","Ubisoft,Ubisoft",0,0,0,0,0,1,1,0,0,0,0,0,0,0,0,0,0,1,0,1,0,0,0,0,0,1,1,1
2018.0,3.0,0,19.99,0,Miracle Studio,"Miracle Studio ,Miracle Studio ",0,1,0,1,0,0,0,0,0,0,0,0,0,0,1,1,0,0,0,0,0,0,0,0,0,0,0,0
2016.0,,1,0.0,1,"Tripwire Interactive,Kernow Interactive","Tripwire Interactive, LLC,Tripwire Interactive, LLC",1,0,0,0,0,0,0,0,0,0,0,0,0,1,0,0,0,0,0,0,0,0,1,1,1,0,1,0
2018.0,7.0,0,2.99,0,Anatoliy Loginovskikh,"Zotdinex,Zotdinex",0,1,0,1,0,0,0,0,0,0,0,0,0,0,1,1,0,0,0,0,0,0,0,0,0,0,0,0
2018.0,,1,9.99,0,MythoLogic Interactive,"MythoLogic Interactive,MythoLogic Interactive",1,0,0,1,0,0,0,0,0,0,0,0,0,1,1,0,0,0,0,0,0,0,1,0,1,0,1,0
2018.0,,1,2.99,0,Orange_Juice,"Fruitbat Factory,Fruitbat Factory",0,0,0,1,0,0,1,0,0,0,0,0,0,0,1,0,0,1,0,0,0,0,0,0,0,0,0,0
2016.0,,1,19.99,0,Frozen Flame,"Frozen Flame,Frozen Flame",0,0,0,0,0,0,0,0,0,0,0,0,0,0,0,0,0,0,0,0,0,0,0,0,0,0,0,0
2018.0,5.0,0,9.99,0,Dystopia Interactive,"Dystopia Interactive,Dystopia Interactive",0,1,1,1,0,0,0,0,0,0,0,0,0,0,1,1,0,0,1,0,0,0,0,0,0,0,0,0
2018.0,66.0,0,19.99,0,Big Boat Interactive,"Rebellion,Rebellion",1,0,0,0,0,0,1,0,0,0,0,0,0,1,0,0,0,1,0,0,0,0,1,1,0,1,1,1
2016.0,23.0,0,1.99,0,Argali Entertainment,"RunServer,RunServer",0,0,1,1,0,0,0,0,0,0,0,0,0,0,1,0,0,0,1,0,0,0,0,0,0,1,0,0
2017.0,24.0,0,6.99,0,RigidCore Games,"RigidCore Games,RigidCore Games",0,1,1,1,0,0,0,0,0,0,0,0,0,0,1,1,0,0,1,0,0,0,0,0,0,1,0,0
2017.0,31.0,0,6.99,0,Nemega,,1,1,0,1,0,0,0,0,0,0,0,0,0,1,1,1,0,0,0,0,0,0,0,0,0,0,0,0
2016.0,33.0,0,14.99,0,Metanet Software Inc.,"Metanet Software Inc.,Metanet Software Inc.",1,0,0,0,0,0,0,0,0,0,0,0,0,1,1,0,0,0,0,0,0,0,1,0,0,1,1,1
2018.0,20.0,0,2.99,0,Abdullah Firat,"Abdullah Firat,Abdullah Firat",0,0,1,1,0,0,1,0,0,0,0,0,0,0,1,0,0,1,1,0,0,0,0,0,0,0,0,0
2014.0,,1,,0,"CREATIVE ASSEMBLY,Feral Interactive (Mac),Feral Interactive (Linux)","Feral Interactive (Mac),Feral Interactive (Linux),Feral Interactive (Mac),Feral Interactive (Linux)",0,0,0,0,0,0,1,0,0,0,0,0,0,0,0,0,0,1,0,0,0,0,0,0,0,0,1,0
2018.0,,1,19.99,0,Stardock Entertainment,"Stardock Entertainment,Stardock Entertainment",0,0,0,1,0,0,1,0,0,0,0,0,0,0,1,0,0,1,0,0,0,0,0,0,0,0,0,0
2013.0,,1,29.99,0,Bytes of Learning,"Encore,Encore",0,0,0,0,0,0,0,0,0,0,0,0,0,0,0,0,0,0,0,0,0,0,0,0,0,0,0,0
2014.0,,1,,0,MercurySteam,"Konami Digital Entertainment,Konami Digital Entertainment",1,1,0,0,0,0,0,0,0,0,0,0,0,1,0,1,0,0,0,0,0,0,0,0,0,0,0,0
2014.0,34.0,0,17.99,0,Cyan Worlds,"Cyan Worlds ,Cyan Worlds ",0,1,0,1,0,0,0,0,0,0,0,0,0,0,1,1,0,0,1,0,0,0,0,0,0,1,1,1
2018.0,,1,4.99,0,JNA Game,"JNA Game,JNA Game",0,0,0,0,0,1,1,0,0,0,0,1,0,0,0,0,0,1,0,1,0,0,0,0,0,0,0,0
2017.0,18.0,0,4.99,0,Sad Spaghetti Entertainment,"Sad Spaghetti Entertainment,Sad Spaghetti Entertainment",1,0,0,1,0,0,0,0,0,0,0,0,0,1,1,0,0,0,0,0,0,0,1,0,0,0,0,0
2016.0,,1,,0,"Unwonted Studios,Razzart Visual","Sekai Project,Sekai Project",0,0,1,1,0,1,0,0,0,0,0,0,0,0,1,0,0,0,1,1,0,0,0,0,0,0,0,0
2015.0,30.0,0,9.99,0,Z-Software GmbH,"rokapublish,rokapublish",0,0,1,0,0,1,0,1,0,0,0,0,0,0,0,0,0,0,1,1,1,0,0,0,0,0,0,0
2019.0,,1,9.99,0,Owlcat Games,"Deep Silver,Deep Silver",0,0,0,0,1,0,0,0,0,0,0,0,0,0,0,0,1,0,0,0,0,0,0,0,0,0,0,0
2017.0,13.0,0,19.99,0,Lizardcube,"DotEmu,DotEmu",1,1,0,1,0,0,0,0,0,0,0,0,0,1,1,1,0,0,0,0,0,0,0,0,0,1,1,0
2016.0,,1,0.0,1,Brightrock Games,"Brightrock Games,Brightrock Games",0,0,0,1,0,1,1,0,0,0,0,0,0,0,1,0,0,1,0,1,0,0,0,0,0,0,0,0
2015.0,,1,,0,"Vasily Voronkov,Ryan Joseph,Peter Kosyh","INSTEAD Community,INSTEAD Community",0,1,0,1,0,0,0,0,0,1,0,0,0,0,1,1,0,0,0,0,0,0,0,0,0,0,0,0
2017.0,,1,,0,MY.GAMES,"MY.GAMES,MY.GAMES",1,0,0,0,0,0,0,0,0,1,1,0,0,1,0,0,0,0,0,0,0,0,1,1,0,0,0,0
2014.0,,1,9.99,0,Wrestling Gamers United,"Wrestling Gamers United,Wrestling Gamers United",1,0,0,1,0,0,0,1,0,0,0,1,0,1,1,0,0,0,0,0,1,0,0,0,0,0,0,0
2013.0,,1,0.99,0,"Crystal Dynamics,Eidos-Montréal,Feral Interactive (Mac),Feral Interactive (Linux)","Square Enix,Feral Interactive (Mac),Feral Interactive (Linux),Square Enix,Feral Interactive (Mac),Feral Interactive (Linux)",1,1,0,0,0,0,0,0,0,0,0,0,0,1,0,1,0,0,0,0,0,0,0,0,0,0,0,0
2016.0,185.0,0,24.99,0,Ripknot Systems,"Ripknot Systems,Ripknot Systems",1,0,1,1,1,1,1,0,0,0,0,0,0,1,1,0,1,1,1,1,0,0,0,0,0,1,0,0
2018.0,,1,8.99,0,Colorfiction,"Colorfiction,Colorfiction",0,1,1,1,0,0,0,0,0,0,0,0,0,0,1,1,0,0,1,0,0,0,0,0,0,1,0,0
2015.0,38.0,0,13.99,0,Leikir Studio,"Leikir Studio,Leikir Studio",1,0,0,1,0,0,0,0,0,0,0,0,0,1,1,0,0,0,0,0,0,0,0,0,0,0,0,0
2019.0,11.0,0,7.99,0,Wither Studios,"Wither Studios,Wither Studios",0,0,0,1,0,0,0,0,0,0,0,0,0,0,1,0,0,0,0,0,0,0,0,0,0,0,0,0
2016.0,,1,,0,Anyland + Manyland,,0,1,1,1,0,0,0,0,0,0,1,0,0,0,1,1,0,0,1,0,0,0,1,0,0,0,1,0
2015.0,10.0,0,9.99,0,Archive Entertainment,"Archive Entertainment,Archive Entertainment",0,0,0,1,0,1,1,0,0,0,0,0,0,0,1,0,0,1,1,1,0,0,0,0,0,0,0,0
2019.0,87.0,0,11.99,0,Hamsters Gaming,"Hamsters Gaming,Hamsters Gaming",0,0,1,1,0,0,1,0,0,0,1,0,0,0,1,0,0,1,1,0,0,0,1,0,0,1,0,0
2017.0,1215.0,0,2.99,0,Laush Dmitriy Sergeevich,"Laush Studio,Laush Studio",1,0,0,1,0,0,0,0,0,0,0,0,0,1,1,0,0,0,0,0,0,0,0,0,0,1,0,0
2016.0,,1,1.99,0,RTK Entertainment,"RTK Entertainment,RTK Entertainment",0,0,0,1,0,0,0,0,0,0,0,0,0,0,1,0,0,0,0,1,0,0,1,0,0,0,1,0
2010.0,,1,4.99,0,Gogii Games,"Strategy First,Strategy First",0,1,0,0,0,0,0,0,0,0,0,0,0,0,0,1,0,0,1,0,0,0,0,0,0,0,0,0
2016.0,,1,4.99,0,Oriku Inc,"Oriku Inc,Oriku Inc",0,0,1,1,0,0,0,0,0,0,0,1,0,0,1,0,0,0,1,0,0,0,0,0,0,1,0,0
2016.0,,1,1.99,0,Space Wedgie,"Space Wedgie,Space Wedgie",0,1,1,1,0,0,0,0,0,0,0,0,0,1,1,1,0,0,1,0,0,0,0,0,1,1,1,0
2006.0,,1,4.99,0,"PopCap Games, Inc.","PopCap Games, Inc.,PopCap Games, Inc.",0,0,1,0,0,0,0,0,0,0,0,0,0,0,0,0,0,0,1,0,0,0,0,0,0,1,0,1
2017.0,,1,1.99,0,SCS Software,"SCS Software,SCS Software",0,0,0,1,0,1,0,0,0,0,0,0,0,0,1,0,0,0,0,1,0,0,0,0,0,0,0,0
2014.0,20.0,0,9.99,0,Twisted Pixel Games,"Xbox Game Studios,Xbox Game Studios",1,1,1,0,0,0,0,0,1,0,0,0,0,1,0,1,0,0,1,0,0,1,0,0,0,1,0,1
2019.0,,1,19.99,0,"Ghost Town Games Ltd.,Team17 Digital Ltd","Team17 Digital Ltd,Team17 Digital Ltd",1,0,1,1,0,0,0,0,0,0,0,0,0,1,1,0,0,0,1,0,0,0,0,0,0,0,0,0
2015.0,,1,29.99,0,"SmiteWorks USA, LLC",,0,0,0,1,1,0,1,0,0,0,0,0,0,0,1,0,1,1,0,0,0,0,0,0,0,0,0,0
2016.0,,1,8.99,0,Technical Entertainment,"Technical Entertainment,Technical Entertainment",0,1,0,1,0,1,0,0,0,0,0,0,0,0,1,1,0,0,0,1,0,0,0,0,0,0,0,0
2016.0,36.0,0,14.99,0,Butterscotch Shenanigans,"Butterscotch Shenanigans,Butterscotch Shenanigans",1,1,0,1,1,0,0,0,0,0,0,0,0,1,1,1,1,0,0,0,0,0,1,0,0,1,1,1
2019.0,31.0,0,49.99,0,Experience,"Aksys Games,Aksys Games",0,1,0,0,0,0,0,0,0,0,0,0,0,0,0,1,0,0,0,0,0,0,0,0,0,0,0,0
2018.0,480.0,0,,0,Gamily Studios,"Gamily Studios,Gamily Studios",0,0,1,1,0,0,0,0,0,0,0,0,0,0,1,0,0,0,1,0,0,0,0,0,0,0,0,0
2016.0,10.0,0,,0,Beatshapers,"8Floor,Beatshapers,8Floor,Beatshapers",1,0,0,1,0,0,0,0,0,0,0,0,0,1,1,0,0,0,0,0,0,0,0,0,1,0,0,0
2016.0,58.0,0,0.99,0,Foggybus,"Jetdogs Studios,Jetdogs Studios",1,1,0,0,0,0,1,0,0,0,0,0,0,1,1,1,0,1,0,0,0,0,0,0,0,0,0,0
2017.0,20.0,0,9.99,0,Crynosaurs,"Crynosaurs,Crynosaurs",1,1,0,1,0,0,0,0,0,0,0,1,0,1,1,1,0,0,0,0,0,0,0,1,0,0,0,0
2016.0,,1,1.99,0,raptor lab,"raptor lab,raptor lab",1,0,0,1,0,0,0,0,0,0,0,0,0,1,1,0,0,0,0,0,0,0,0,0,0,0,0,0
2018.0,11.0,0,9.99,0,Royal Rudius Entertainment,"Royal Rudius Entertainment,Royal Rudius Entertainment",1,1,0,0,0,0,0,0,0,0,0,0,0,1,0,1,0,0,1,0,0,0,0,1,1,1,1,1
2017.0,32.0,0,2.99,0,Educational Games,"Educational Games,Educational Games",0,0,1,1,0,0,0,0,0,0,0,0,0,0,1,0,0,0,1,0,0,0,0,0,0,0,0,0
2016.0,14.0,0,12.99,0,"Mindware Co.,Ltd.","Mindware Co.,Ltd. ,Mindware Co.,Ltd. ",1,0,1,1,0,0,0,0,0,0,0,0,0,1,1,0,0,0,1,0,0,0,0,0,0,0,0,0
2017.0,50.0,0,29.99,0,Tamsoft,"XSEED Games,Marvelous USA, Inc.,Marvelous,XSEED Games,Marvelous USA, Inc.,Marvelous",1,0,0,0,0,0,0,0,0,0,0,0,0,1,0,0,1,0,0,0,0,0,1,0,0,1,1,1
2018.0,,1,18.99,0,Cold Beam Games,"Cold Beam Games,Cold Beam Games",1,0,1,1,0,0,0,0,0,0,0,1,0,1,1,0,0,0,1,0,0,0,0,0,1,1,0,0
2018.0,,1,4.99,0,Wargaming Group Limited,,1,0,0,0,0,1,0,0,0,1,1,0,0,1,0,0,0,0,0,1,0,0,1,0,0,0,0,0
2015.0,,1,,0,Lab Zero Games,"505 Games,505 Games",1,0,0,1,1,0,0,0,0,0,0,0,0,1,1,0,1,0,0,0,0,0,0,0,0,0,0,0
2009.0,,1,4.99,0,Best Way,"1C Entertainment,1C-SoftClub,1C Entertainment,1C-SoftClub",0,0,0,0,0,0,1,0,0,0,0,0,0,1,0,0,0,1,0,1,0,0,1,1,1,1,1,1
2018.0,30.0,0,4.99,0,Milk Shake,"Milk Shake,Milk Shake",0,0,1,0,0,0,0,0,0,0,0,1,0,0,1,0,0,0,1,0,0,0,0,0,0,1,0,0
2017.0,,1,88.94,0,Dojo Games,"Dojo Games,Dojo Games",1,0,0,0,0,0,0,0,0,0,0,0,0,1,1,0,0,0,1,1,0,0,1,0,0,1,0,1
2017.0,,1,0.0,1,AMPLITUDE Studios,"SEGA,SEGA",0,0,0,0,1,0,1,0,0,0,0,0,0,0,0,0,1,1,0,0,0,0,0,0,0,0,0,0
2017.0,18.0,0,6.99,0,NEXT Studios,"NEXT Studios,NEXT Studios",0,1,1,1,0,0,1,0,0,0,0,0,0,0,1,1,0,1,1,1,0,0,0,0,0,0,1,0
2015.0,,1,,0,Wicked Witch Software,"Wicked Witch Software (Steam),Tru Blu Games,Wicked Witch Software (Steam),Tru Blu Games",0,0,0,0,0,0,0,1,0,0,0,0,0,0,0,0,0,0,0,0,1,0,0,0,0,0,0,0
2019.0,54.0,0,,0,FrozenShard Games,"FrozenShard Games,FrozenShard Games",0,0,0,0,0,1,1,0,0,1,0,0,0,0,1,0,0,1,0,1,0,0,1,0,0,1,0,1
2018.0,,1,9.99,0,"NetherRealm Studios,QLOC",,1,0,0,0,0,0,0,0,0,0,0,0,0,1,0,0,0,0,0,0,0,0,0,0,0,0,0,0
2018.0,,1,29.99,0,Capcom,,1,0,0,0,0,0,0,0,0,0,0,0,0,1,0,0,0,0,0,0,0,0,0,0,0,0,0,0
2013.0,42.0,0,9.99,0,Suspicious Developments,"Suspicious Developments,Suspicious Developments",1,0,0,1,0,0,1,0,0,0,0,0,0,1,1,1,0,1,0,0,0,0,0,0,0,1,1,1
2016.0,21.0,0,14.99,0,Katapult,"Katapult,Katapult",0,1,1,1,0,0,0,0,0,0,0,1,0,0,1,1,0,0,1,1,0,0,1,0,0,1,1,1
2017.0,1.0,0,,0,Indiecode Games,"Indiecode Games,Indiecode Games",0,0,1,1,0,1,0,0,0,0,0,0,0,0,1,0,0,0,1,1,0,0,0,0,0,0,0,0
2015.0,27.0,0,4.99,0,Polar Bunny Ltd,"Polar Bunny Ltd,Polar Bunny Ltd",0,1,0,1,0,0,1,0,0,0,0,0,0,0,1,1,0,1,0,0,0,0,0,0,0,0,0,0
2019.0,15.0,0,,0,Tiny Titan Studios,"Tiny Titan Studios,Tiny Titan Studios",1,0,0,0,0,0,1,0,0,1,0,0,0,1,0,0,0,1,0,0,0,0,0,0,0,0,0,0
2017.0,9.0,0,7.99,0,Andrade Games,"Andrade Games,Andrade Games",1,0,0,1,0,0,0,0,0,0,0,0,0,1,1,0,0,0,0,0,0,0,0,0,0,0,0,0
2016.0,39.0,0,14.99,0,Krome Studios,"Krome Studios,Krome Studios",1,1,0,1,0,0,0,0,0,0,0,0,0,1,1,1,0,0,0,0,0,0,0,0,0,1,1,1
2017.0,,1,9.99,0,Tarsier Studios,"BANDAI NAMCO Entertainment,BANDAI NAMCO Entertainment",0,1,0,0,0,0,0,0,0,0,0,0,0,0,0,1,0,0,0,0,0,0,0,0,0,0,0,0
2016.0,21.0,0,5.99,0,MNGOVR,"PITAYA NETWORK LIMITED,PITAYA NETWORK LIMITED",1,0,1,1,0,0,0,1,0,0,0,0,0,1,1,0,0,0,1,0,1,0,0,0,0,0,0,0
2018.0,,1,9.99,0,ThinMatrix,"ThinMatrix,ThinMatrix",0,0,1,1,0,1,0,0,0,0,0,0,0,0,1,0,0,0,1,1,0,0,0,0,0,1,1,0
2017.0,,1,1.99,0,Creability,,0,0,0,1,0,0,0,0,0,0,0,0,0,0,1,0,0,0,0,0,0,0,0,0,0,0,0,0
2017.0,13.0,0,0.99,0,HFM Games,"HFM Games,HFM Games",1,1,1,1,0,0,0,0,1,0,0,0,0,1,1,1,0,0,1,0,0,1,0,0,0,0,1,0
2017.0,10.0,0,7.99,0,BrainGoodGames,"BrainGoodGames,BrainGoodGames",0,0,0,0,0,0,1,0,0,0,0,0,0,0,0,0,0,1,0,0,0,0,0,0,0,0,0,0
2019.0,23.0,0,7.99,0,"Accidental Queens,ARTE France","Plug In Digital,Plug In Digital",0,0,0,1,0,0,0,0,0,0,0,0,0,0,1,1,0,0,0,0,0,0,0,0,0,1,0,0
2019.0,10.0,0,24.99,0,MT Worlds,"MT Worlds,MT Worlds",0,0,0,0,0,1,0,0,0,0,0,0,0,0,1,0,0,1,0,1,0,0,1,0,0,0,0,0
2017.0,14.0,0,24.99,0,AREA 35,"Sony Music Entertainment (Japan) Inc. / UNTIES,Sony Music Entertainment (Japan) Inc. / UNTIES",0,0,0,0,0,0,1,0,0,0,0,0,0,0,1,0,0,1,0,0,0,0,0,0,0,0,0,0
2017.0,,1,,0,DreamPunks,"DreamPunks,DreamPunks",1,0,1,1,0,0,1,0,0,1,0,0,0,1,1,1,1,1,1,0,0,0,1,0,1,1,1,1
2017.0,24.0,0,19.99,0,Mojo Bones,"BANDAI NAMCO Entertainment,BANDAI NAMCO Entertainment",0,1,0,1,0,1,0,0,0,0,0,0,0,0,1,1,0,0,0,1,0,0,0,0,0,0,0,0
2018.0,,1,,0,Pixonic,"Pixonic,Pixonic",1,0,0,0,0,0,0,0,0,1,0,0,0,1,0,0,0,0,0,0,0,0,1,1,1,0,1,0
2018.0,,1,9.99,0,Realmforge Studios,"Kalypso Media Digital,Kalypso Media Digital",0,0,0,0,0,1,1,0,0,0,0,0,0,0,0,0,0,1,0,1,0,0,0,0,0,0,0,0
2018.0,,1,0.0,1,KoromoSoft,"KoromoSoft,KoromoSoft",0,1,0,0,1,0,1,0,0,1,0,0,0,0,0,1,1,1,0,0,0,0,0,0,0,0,0,0
2018.0,98.0,0,0.99,0,Easy game,"Game for people,Game for people",1,0,1,1,0,0,0,0,0,0,0,0,0,1,1,0,0,0,1,0,0,0,0,0,0,0,0,0
2010.0,,1,4.99,0,Bethesda Game Studios,"Bethesda Softworks,Bethesda Softworks",0,0,0,0,1,0,0,0,0,0,0,0,0,0,0,1,1,0,0,0,0,0,0,0,0,0,0,1
2016.0,21.0,0,9.99,0,"Abstraction Games,WayForward","Midnight City,Majesco Entertainment,Midnight City,Majesco Entertainment",0,1,0,0,0,0,0,0,0,0,0,0,0,0,0,1,0,0,0,0,0,0,0,0,0,1,0,0
2018.0,,1,5.99,0,Red Dot Games,"PlayWay S.A.,PlayWay S.A.",0,0,0,0,0,1,0,0,1,0,0,0,0,0,0,0,0,0,0,1,0,1,0,0,0,1,0,0
2014.0,,1,0.0,1,"David Hensley,Alex Quick","Tripwire Interactive,Tripwire Interactive",1,0,0,0,0,0,0,0,0,0,0,0,0,1,0,1,0,0,0,0,0,0,1,1,1,1,0,1
2015.0,,1,39.99,0,Dovetail Games,"Dovetail Games - Trains,Dovetail Games - Trains",0,0,0,0,0,1,0,0,0,0,0,0,0,0,0,0,0,0,0,1,0,0,0,0,0,0,0,0
2018.0,,1,0.99,0,AR Gaming,"AR Gaming,AR Gaming",1,1,1,1,1,1,1,0,0,0,1,0,0,1,1,1,1,1,1,1,0,0,1,0,0,0,0,0
2016.0,37.0,0,82.93,0,Spearhead Games,"Spearhead Games,Spearhead Games",1,1,0,1,1,0,0,0,0,0,0,0,0,1,1,1,1,0,0,0,0,0,0,0,0,1,1,1
2017.0,,1,39.9,0,VGstudio,"VGstudio,VGstudio",1,1,0,1,0,1,0,0,0,0,0,0,0,1,1,1,0,0,0,1,0,0,0,0,0,0,0,0
2014.0,20.0,0,69.95,0,Night Light Interactive,"Akupara Games,Akupara Games",0,1,0,1,0,0,0,0,0,0,0,0,0,0,1,1,0,0,1,0,0,0,0,0,0,1,1,1
2011.0,,1,2.99,0,Volition,"Deep Silver,Deep Silver",1,0,0,0,0,0,0,0,0,0,0,0,0,1,0,0,0,0,0,0,0,0,0,0,0,0,0,0
2015.0,26.0,0,14.99,0,Funatics Software,"Daedalic Entertainment,Daedalic Entertainment",0,0,0,1,0,1,1,0,0,0,0,0,0,0,1,0,0,1,0,1,0,0,0,0,0,1,1,1
2017.0,,1,0.99,0,Radcroc,"Radcroc,Radcroc",1,0,0,0,0,0,0,0,0,0,0,0,0,1,0,0,0,0,0,0,0,0,0,0,0,0,0,0
2015.0,49.0,0,19.99,0,"Avalanche Studios,Feral Interactive (Mac),Feral Interactive (Linux)","Warner Bros. Interactive Entertainment,Feral Interactive (Mac),Feral Interactive (Linux),Warner Bros. Interactive Entertainment,Feral Interactive (Mac),Feral Interactive (Linux)",1,1,0,0,0,0,0,0,0,0,0,0,0,1,0,1,1,0,0,0,0,1,1,0,1,1,1,1
2009.0,285.0,0,19.99,0,Tripwire Interactive,"Tripwire Interactive,Tripwire Interactive",1,0,0,0,0,0,0,0,0,0,0,0,0,1,0,1,0,0,0,0,0,0,1,1,1,1,1,1
2015.0,,1,1.99,0,Avalanche Studios,"Square Enix,Square Enix",1,1,0,0,0,0,0,0,0,0,0,0,0,1,0,1,0,0,0,0,0,0,0,0,0,0,0,0
2014.0,,1,49.99,0,PGN Inc,"PGN Inc,PGN Inc",0,0,0,0,0,0,0,0,0,0,0,0,0,0,0,0,0,0,0,0,0,0,0,0,0,0,1,0
2019.0,6.0,0,9.99,0,Dnovel,"Dnovel,Dnovel",1,1,1,1,0,0,0,0,0,0,1,0,0,1,1,1,0,0,1,0,0,0,1,0,0,1,0,0
2018.0,44.0,0,49.99,0,Egosoft,"Egosoft,Egosoft",1,0,0,0,0,1,0,0,0,0,0,0,0,1,0,0,0,0,0,1,0,0,0,0,0,1,1,0
2015.0,10.0,0,18.99,0,Seattletek,"Seattletek,Seattletek",1,1,0,1,0,1,0,0,0,0,0,1,0,1,1,1,0,0,0,1,0,0,1,0,0,1,0,1
2017.0,,1,0.99,0,Anxious Neck Games,"Anxious Neck Games,Anxious Neck Games",1,1,0,1,0,0,0,0,0,0,0,0,0,1,1,1,0,0,0,0,0,0,0,0,0,0,0,0
2018.0,18.0,0,16.99,0,Sinn Studio Inc.,"Sinn Studio Inc.,Sinn Studio Inc.",1,0,0,0,0,0,0,0,0,0,0,0,0,1,0,0,0,0,0,0,0,0,0,0,0,0,0,0
2008.0,52.0,0,4.99,0,Sanzaru Games,"Nunchuck Games,Nunchuck Games",0,0,1,1,0,0,0,0,0,0,0,0,0,0,1,0,0,0,1,0,0,0,0,0,0,0,0,0
2017.0,,1,0.99,0,Freedomize Studio,"Freedomize Studio,Freedomize Studio",1,0,0,1,0,0,0,0,0,0,0,0,0,1,1,0,0,0,0,0,0,0,0,0,1,0,0,0
2019.0,,1,4.99,0,Yuki游戏制作组,"二次元手帐,二次元手帐",0,1,1,1,1,1,0,0,0,0,0,1,0,0,1,1,1,0,1,1,0,0,0,0,0,0,0,0
2015.0,,1,0.99,0,Eddy Games,"Eddy Games,Eddy Games",0,1,0,1,0,0,0,0,0,0,0,0,0,0,1,1,0,0,0,0,0,0,0,0,0,1,0,0
2017.0,5000.0,0,,0,Ripknot Systems,"Ripknot Systems,Ripknot Systems",0,0,1,1,0,1,1,0,0,0,0,0,0,0,1,0,0,1,1,1,0,0,0,0,0,0,0,0
2014.0,,1,15.99,0,Sector3 Studios AB,"RaceRoom Entertainment AG,RaceRoom Entertainment AG",0,0,0,0,0,1,0,1,1,0,0,0,0,0,0,0,0,0,0,1,1,1,0,0,0,0,0,0
2007.0,,1,,0,T3 Entertainment,"Redbana Corporation,Redbana Corporation",0,0,1,0,0,0,0,0,0,1,1,0,0,0,0,0,0,0,1,0,0,0,1,0,0,1,1,1
2014.0,32.0,0,19.99,0,Sourena Game Studio,"Plug in Digital,Plug in Digital",1,1,0,1,1,0,0,0,0,0,0,0,0,1,1,1,1,0,0,0,0,0,0,0,0,0,0,0
2016.0,10.0,0,9.99,0,Zetsubou,"Unwonted Studios,Unwonted Studios",1,1,0,1,0,1,0,0,0,0,0,0,0,1,1,1,0,0,0,1,0,0,0,0,0,0,0,0
2015.0,34.0,0,19.99,0,Indomitus Games,"Indomitus Games,Indomitus Games",1,1,0,1,1,0,0,0,0,0,0,0,0,1,1,1,1,0,0,0,0,0,0,1,0,1,1,1
2015.0,63.0,0,14.99,0,Cornfox & Bros.,"Cornfox & Bros.,Cornfox & Bros.",1,1,0,1,1,0,0,0,0,0,0,0,0,1,1,1,1,0,1,0,0,0,0,0,0,1,1,1
2018.0,,1,0.99,0,Date/Time,"Date/Time,Date/Time",0,0,0,1,0,0,0,0,0,0,0,0,0,0,1,0,0,0,0,0,0,0,0,0,0,0,0,0
2015.0,,1,,0,All Seeing Eye Games,"All Seeing Eye Games,All Seeing Eye Games",1,0,1,1,0,0,0,0,0,0,0,0,0,1,1,0,0,0,1,0,0,0,0,0,0,0,0,0
2018.0,9.0,0,1.99,0,Bright Onion Studios,"Bright Onion Studios,Bright Onion Studios",0,0,1,1,0,0,0,0,0,0,0,0,0,0,1,0,0,0,1,0,0,0,0,0,0,0,0,0
2018.0,75.0,0,59.99,0,Bethesda Game Studios,"Bethesda Softworks,Bethesda Softworks",0,0,0,0,1,0,0,0,0,0,0,0,0,1,0,1,1,0,0,0,0,0,0,0,0,1,1,1
2011.0,14.0,0,3.99,0,Platine Dispositif,"Rockin' Android,Rockin' Android",1,0,0,1,0,0,0,0,0,0,0,0,0,1,1,0,0,0,0,0,0,0,0,0,1,0,0,0
2018.0,,1,0.0,1,Lucas Rizzotto,"Thought Co.,Thought Co.",0,0,1,1,0,0,0,0,0,1,0,0,0,0,1,0,0,0,1,0,0,0,0,0,0,0,0,0
2016.0,39.0,0,6.99,0,SIXNAILS,"SIXNAILS,SIXNAILS",0,0,1,1,0,0,0,0,0,0,0,0,0,0,1,0,0,0,1,0,0,0,0,0,0,1,0,0
2017.0,,1,79.99,0,MAGIX Software GmbH,"MAGIX Software GmbH,MAGIX Software GmbH",0,0,0,0,0,0,0,0,0,0,0,0,0,0,0,0,0,0,0,0,0,0,0,0,0,0,0,0
2013.0,123.0,0,9.99,0,Bossa Studios,"Bossa Studios,Bossa Studios",1,0,0,1,0,1,0,0,0,0,0,0,0,1,1,0,0,0,1,1,0,0,0,0,0,1,1,1
2017.0,13.0,0,14.99,0,"Benedict Fritz,Greg Wohlwend,Joel Corelitz,David Laskey,Jenna Blazevich","aeiowu,aeiowu",1,1,0,1,0,0,0,0,0,0,0,0,0,1,1,1,0,0,0,0,0,0,0,0,0,0,0,0
2014.0,,1,4.99,0,Deep Silver Volition,"Deep Silver,Deep Silver",1,1,0,0,0,0,0,0,0,0,0,0,0,1,0,1,0,0,0,0,0,0,0,0,0,0,0,0
2018.0,18.0,0,11.99,0,Gaddy Games,"Gaddy Games,Gaddy Games",1,0,0,1,1,0,1,0,0,0,0,0,0,1,1,1,1,1,0,0,0,0,1,0,0,1,1,1
2018.0,73.0,0,19.99,0,"Armature Studio,Comcept","Xbox Game Studios,Xbox Game Studios",1,1,0,0,0,0,0,0,0,0,0,0,0,1,0,1,0,0,0,0,0,0,0,0,1,1,0,1
2018.0,,1,14.99,0,Kerry Fawdray,"Humble Sage Games,Arrow Face Games,Humble Sage Games,Arrow Face Games",0,0,0,0,1,0,1,0,0,0,0,0,0,0,0,0,1,1,0,0,0,0,0,0,0,1,1,0
2018.0,10.0,0,13.99,0,All Parts Connected,"All Parts Connected,All Parts Connected",1,0,0,1,0,0,1,0,0,0,0,1,0,1,1,0,0,1,0,0,0,0,0,0,0,0,0,0
2017.0,32.0,0,5.99,0,Castle,"Veslo Games,Veslo Games",1,1,0,1,0,0,0,0,0,0,0,0,0,1,1,1,0,0,0,0,0,0,0,0,0,1,0,0
2018.0,1.0,0,86.56,0,КиКо,"КиКо,КиКо",0,1,0,0,0,0,0,0,0,0,0,0,0,0,0,1,1,0,0,0,0,0,0,0,0,0,0,0
2013.0,50.0,0,29.99,0,Capcom,"Capcom,Capcom",1,1,0,0,0,0,0,0,0,0,0,0,0,1,0,1,0,0,0,0,0,0,1,0,1,1,1,1
2018.0,8.0,0,24.99,0,"Cube,DMM GAMES LLC.","HOBIBOX Co., Ltd.,HOBIBOX Co., Ltd.",0,1,0,1,0,0,0,0,0,0,0,0,0,0,1,1,0,0,0,0,0,0,0,0,0,0,0,0
2018.0,21.0,0,41.94,0,FIVE-BN GAMES,"FIVE-BN GAMES,FIVE-BN GAMES",0,1,1,0,0,0,0,0,0,0,0,0,0,0,0,1,0,0,1,0,0,0,0,0,0,0,0,0
2018.0,,1,3.99,0,Sockware,"Sockware,Sockware",1,0,0,1,0,0,0,0,0,0,0,0,0,1,1,1,0,0,0,0,0,0,0,0,0,0,0,0
2019.0,,1,1.99,0,LighTea Fish Studio,"SakuraGame,SakuraGame",0,1,0,1,1,0,0,0,0,0,0,1,0,0,1,1,1,0,0,0,0,0,0,0,0,0,0,0
2017.0,,1,3.99,0,Tamsoft,"XSEED Games,Marvelous USA, Inc.,XSEED Games,Marvelous USA, Inc.",1,0,0,0,0,0,0,0,0,0,0,0,0,1,0,0,0,0,0,0,0,0,0,0,0,0,0,0
2009.0,,1,5.99,0,Synetic,"Kalypso Media Digital,Kalypso Media Digital",1,0,0,0,0,0,0,0,1,0,0,0,0,1,0,0,0,0,0,1,0,1,1,0,0,0,0,0
2016.0,,1,,0,Wakagana,"Wakagana,Wakagana",0,0,1,1,0,1,0,0,0,1,0,0,0,0,1,0,0,0,1,1,0,0,0,0,0,0,0,0
2017.0,1505.0,0,0.99,0,Easy game,"Game for people,Game for people",1,0,1,1,0,0,0,0,0,0,0,0,0,1,1,0,0,0,1,0,0,0,0,0,0,0,0,0
2016.0,20.0,0,7.99,0,DEADBIT,"DEADBIT,DEADBIT",1,0,1,1,0,0,0,0,0,0,0,0,0,1,1,0,0,0,1,0,0,0,1,0,0,0,0,0
2017.0,16.0,0,9.99,0,ClockStone,"Headup,Whisper Games,Headup,Whisper Games",0,0,0,0,0,1,1,0,0,0,0,0,0,0,0,0,0,1,0,1,0,0,1,0,0,1,1,1
2015.0,,1,9.99,0,Bohemia Interactive,"Bohemia Interactive,Bohemia Interactive",1,0,0,0,0,1,1,0,0,0,0,0,0,1,0,0,0,1,0,1,0,0,0,1,0,0,1,0
2019.0,42.0,0,19.99,0,Ghost Fish Games,"Other Ocean Group,Other Ocean Group",1,0,0,1,0,0,1,0,0,0,0,0,0,1,1,0,0,1,0,0,0,0,1,0,0,0,0,0
2017.0,,1,0.0,1,Quiet River,"Quiet River,Quiet River",0,0,1,1,0,0,0,0,0,0,0,0,0,0,1,0,0,0,1,0,0,0,0,0,0,1,0,0
2015.0,,1,0.99,0,Pixel Theory Games,"Pixel Theory Games,Pixel Theory Games",1,0,0,1,0,0,0,0,0,0,0,0,0,1,1,0,0,0,0,0,0,0,0,0,0,0,0,0
2015.0,,1,0.99,0,Konami Digital Entertainment,,1,1,0,0,0,0,0,0,0,0,0,0,0,1,0,1,0,0,0,0,0,0,0,0,0,0,0,0
2019.0,,1,14.99,0,Frostkeep Studios,"Frostkeep Studios,Frostkeep Studios",1,1,0,1,1,0,0,0,0,0,1,0,0,1,1,1,1,0,0,0,0,0,1,0,1,0,1,0
2017.0,,1,,0,,,0,0,0,1,0,0,0,0,1,0,0,0,0,0,1,0,0,0,0,0,0,1,0,0,0,1,0,0
2015.0,,1,14.99,0,Colossal Order Ltd.,"Paradox Interactive,Paradox Interactive",0,0,0,0,0,1,1,0,0,0,0,0,0,0,0,0,0,1,0,1,0,0,0,0,0,1,1,1
2017.0,96.0,0,4.99,0,Just1337 Studio,"Just1337 Publisher,Just1337 Publisher",1,0,1,1,0,0,0,0,0,0,0,0,0,1,1,0,0,0,1,0,0,0,0,0,0,0,0,0
2014.0,10.0,0,11.99,0,"Sparpweed,Codeglue","Sparpweed,Sparpweed",1,1,0,1,0,0,0,0,0,0,0,0,0,1,1,1,0,0,1,0,0,0,1,0,0,0,1,0
2017.0,,1,,0,Emblematic Group,"Emblematic Group,Emblematic Group",0,0,0,1,0,1,0,0,0,1,0,0,0,0,1,0,0,0,0,1,0,0,0,0,0,0,0,0
2018.0,,1,24.99,0,"Chris Hecker,John Cimino","Chris Hecker,Chris Hecker",1,0,0,1,0,1,1,0,0,0,0,1,0,1,1,0,0,1,0,1,0,0,1,0,0,0,0,0
2019.0,32.0,0,9.9,0,Zloy Krot Studio,"IR Studio,IR Studio",0,0,1,1,0,0,0,0,0,0,0,0,0,0,1,0,0,0,1,0,0,0,0,0,0,0,0,0
2017.0,16.0,0,4.99,0,bc likes you,"MAGIC Spell Studios,MAGIC Spell Studios",0,1,0,0,0,0,0,0,0,0,0,0,0,0,1,1,0,0,0,0,0,0,0,0,0,0,0,0
2017.0,89.0,0,0.99,0,5Wolf,"5Wolf,5Wolf",0,1,0,0,0,0,0,0,0,0,0,0,0,0,0,1,0,0,0,0,0,0,0,0,0,0,1,0
2018.0,27.0,0,4.99,0,Turnspender,"Turnspender,Turnspender",0,0,0,1,1,0,0,0,0,0,0,0,0,0,1,0,1,0,0,0,0,0,0,0,0,1,0,0
2013.0,54.0,0,9.99,0,XYLA Entertainment,"Digital Tribe,Digital Tribe",1,0,0,1,0,0,0,0,1,0,0,0,0,1,1,0,0,0,0,0,0,1,1,0,0,1,0,0
2016.0,21.0,0,10.99,0,Skyjaz Games,"Skyjaz Games,Skyjaz Games",1,1,0,1,0,0,0,0,0,0,0,0,0,1,1,1,0,0,0,0,0,0,0,0,0,0,0,0
2015.0,7.0,0,,0,Underdog Games,"Underdog Games,Underdog Games",0,1,0,1,0,0,0,0,0,0,0,0,0,0,1,1,0,0,0,0,0,0,0,0,0,1,1,0
2015.0,,1,6.99,0,Grzegorz Slazinski,"Grzegorz Slazinski,Grzegorz Slazinski",1,1,1,1,1,0,0,0,0,0,0,0,0,1,1,1,1,0,1,0,0,0,0,0,0,0,0,0
2018.0,,1,1.99,0,Red Mouse Games,"Red Mouse Games,Red Mouse Games",0,1,0,1,1,0,0,0,0,0,0,0,0,0,1,1,1,0,1,0,0,0,0,0,0,0,0,0
2014.0,40.0,0,,0,Winter Wolves,"Winter Wolves,Winter Wolves",0,1,0,1,1,0,0,0,0,0,0,0,0,0,1,1,1,0,0,0,0,0,0,0,0,1,0,0
2017.0,,1,9.99,0,Stardock,"Stardock,Stardock",0,0,0,0,0,0,0,0,0,0,0,0,1,0,0,0,0,0,0,0,0,0,0,0,0,0,0,0
2018.0,10.0,0,,0,L. Stotch,"L. Stotch,L. Stotch",0,0,1,1,0,0,0,0,0,1,0,0,0,0,1,0,0,0,1,0,0,0,0,0,0,1,1,0
2013.0,44.0,0,7.99,0,Andrew Morrish,"Adult Swim Games,Adult Swim Games",1,0,1,1,0,0,0,0,0,0,0,0,0,1,1,0,0,0,1,0,0,0,1,0,0,0,0,1
2016.0,11.0,0,9.99,0,Frontier Developments,"Frontier Developments,Frontier Developments",0,1,0,0,0,0,0,0,0,0,0,0,0,0,1,1,0,0,1,0,0,0,0,0,0,1,0,0
2018.0,12.0,0,,0,Gravity Well Studios,"Gravity Well Studios,Gravity Well Studios",1,0,0,1,0,0,0,0,0,1,0,0,0,1,1,0,0,0,0,0,0,0,0,0,0,0,0,0
2019.0,23.0,0,19.99,0,Chucklefish,"Chucklefish,Chucklefish",0,0,0,1,0,0,1,0,0,0,0,0,0,0,1,0,1,1,0,0,0,0,1,0,0,0,1,0
2016.0,5.0,0,7.99,0,Date Nighto,"Date Nighto,Date Nighto",0,1,1,1,0,0,0,0,0,0,0,0,0,0,1,1,0,0,1,0,0,0,0,0,0,0,1,0
2017.0,,1,4.99,0,DRUNKEN APES,"DRUNKEN APES,DRUNKEN APES",1,1,1,1,0,1,0,0,0,0,0,1,0,1,1,1,0,0,1,1,0,0,0,0,0,1,0,0
2016.0,,1,11.99,0,TripleBrick,"TripleBrick,TripleBrick",0,1,0,1,0,0,0,0,0,0,0,0,0,0,1,1,0,0,0,0,0,0,0,0,0,0,0,0
2016.0,64.0,0,8.99,0,VDO Games,"VDO Games,VDO Games",1,1,0,1,1,0,0,0,0,0,0,0,0,1,1,1,1,0,0,0,0,0,0,0,0,1,0,0
2019.0,,1,0.0,1,Fur Dev Team,"Fur Dev Team,Fur Dev Team",0,1,1,1,0,0,0,0,0,0,0,0,0,0,1,1,0,0,1,0,0,0,0,0,0,0,0,0
2018.0,,1,6.99,0,Studio Stobie,"Studio Stobie,Studio Stobie",0,0,0,1,0,0,0,0,0,0,0,0,0,0,1,0,0,0,0,0,0,0,0,0,0,0,0,0
2008.0,,1,9.99,0,MumboJumbo,"MumboJumbo,MumboJumbo",0,0,1,0,0,0,0,0,0,0,0,0,0,0,0,0,0,0,1,0,0,0,0,0,0,1,0,0
2017.0,44.0,0,7.99,0,René Bühling,"René Bühling,René Bühling",0,1,0,1,0,0,0,0,0,0,0,0,0,0,1,1,0,0,0,0,0,0,0,0,0,0,0,0
2018.0,100.0,0,48.55,0,Blender Games,"Blender Games,Blender Games",0,0,1,1,0,0,0,0,0,0,0,0,0,0,1,0,0,0,1,0,0,0,0,0,0,1,0,0
2011.0,42.0,0,9.99,0,11 bit studios,"11 bit studios,11 bit studios",1,0,0,1,0,0,1,0,0,0,0,0,0,1,1,0,0,1,0,0,0,0,0,0,0,1,1,1
2009.0,30.0,0,24.99,0,"CREATIVE ASSEMBLY,Feral Interactive (Mac),Feral Interactive (Linux)","SEGA,Feral Interactive (Mac),Feral Interactive (Linux),SEGA,Feral Interactive (Mac),Feral Interactive (Linux)",0,0,0,0,0,0,1,0,0,0,0,0,0,1,0,1,0,1,0,0,0,0,1,0,0,1,1,1
2017.0,,1,9.99,0,Loading Home,"Loading Home,Loading Home",0,0,0,1,0,1,0,0,0,0,1,1,0,0,1,0,0,0,0,1,0,0,1,0,0,0,0,0
2016.0,65.0,0,5.99,0,Yadon Studio,"Gaijin inCubator,Gaijin inCubator",1,1,0,1,1,1,0,0,0,0,0,0,0,1,1,1,1,0,0,1,0,0,1,1,0,1,0,1
2017.0,31.0,0,14.99,0,SuperSixStudios,"SuperSixStudios,SuperSixStudios",0,1,0,1,1,1,0,0,0,0,0,1,0,1,1,1,1,0,0,1,0,0,0,0,0,1,0,1
2018.0,19.0,0,4.99,0,ReverseImpact,"ReverseImpact,ReverseImpact",0,0,1,1,0,0,0,0,0,0,0,0,0,0,1,0,0,0,1,0,0,0,0,0,0,0,0,0
2016.0,8.0,0,7.99,0,Nilo Studios,"Nilo Studios,Nilo Studios",0,1,0,1,0,0,0,0,0,0,0,0,0,0,1,1,0,0,0,0,0,0,0,0,0,0,0,0
2017.0,78.0,0,7.99,0,Daylight Studios,"Daedalic Entertainment,Daedalic Entertainment",0,0,1,1,0,1,1,0,0,0,0,0,0,0,1,0,0,1,1,1,0,0,0,0,0,0,0,0
2015.0,,1,9.99,0,Star Gem Inc.,"Gaijin Entertainment,Gaijin Entertainment",1,0,0,0,0,1,0,0,0,1,1,0,0,1,0,0,0,0,0,1,0,0,1,0,0,0,0,0
2016.0,51.0,0,9.99,0,SNK Games,"1C Entertainment,1C Entertainment",0,1,0,0,1,0,0,0,0,0,0,0,0,0,0,1,1,0,0,0,0,0,0,0,0,0,0,0
2018.0,13.0,0,4.99,0,LoopyMood,"LoopyMood,LoopyMood",0,1,1,1,0,0,0,0,0,0,0,0,0,0,1,1,0,0,1,0,0,0,0,0,0,1,0,0
2018.0,18.0,0,0.99,0,David Mulder,"David Mulder,David Mulder",0,0,1,1,0,0,0,0,0,0,0,0,0,0,1,0,0,0,1,0,0,0,0,0,0,0,0,0
2018.0,29.0,0,24.99,0,Entrada Interactive LLC,"Entrada Interactive LLC,Entrada Interactive LLC",1,1,0,1,1,1,1,0,0,0,1,0,0,1,1,0,1,0,0,1,0,0,1,1,0,1,1,1
2009.0,,1,9.99,0,TML-Studios,"Aerosoft GmbH,Aerosoft GmbH",0,0,0,0,0,1,0,0,0,0,0,0,0,0,0,0,0,0,1,1,0,0,0,0,0,1,0,0
2018.0,,1,,0,"KOEI TECMO GAMES CO., LTD.","Papaya Play ,Papaya Play ",0,1,0,0,1,0,1,0,0,1,1,0,0,0,0,1,1,1,0,0,0,0,1,0,0,0,0,0
2017.0,,1,0.0,1,Quiet River,"Quiet River,Quiet River",0,0,1,1,0,0,0,0,0,0,0,0,0,0,1,0,0,0,1,0,0,0,0,0,0,1,0,0
2019.0,40.0,0,3.99,0,Hosted Games,"Hosted Games,Hosted Games",0,1,0,1,1,0,0,0,0,0,0,0,0,0,1,1,1,0,0,0,0,0,0,0,0,0,0,0
2019.0,,1,3.99,0,Soleil Ltd.,"BANDAI NAMCO Entertainment,BANDAI NAMCO Entertainment",1,0,0,0,0,0,0,0,0,0,0,0,0,1,0,0,0,0,0,0,0,0,0,0,0,0,0,0
2019.0,24.0,0,4.99,0,LAN - GAMES EOOD,"LAN - GAMES EOOD,LAN - GAMES EOOD",0,0,1,1,0,0,1,0,0,0,0,0,0,0,1,0,0,1,1,0,0,0,0,0,0,0,0,0
2018.0,58.0,0,34.99,0,inXile Entertainment,"inXile Entertainment,inXile Entertainment",0,0,0,0,1,0,0,0,0,0,0,0,0,0,0,1,1,1,0,0,0,0,0,0,0,0,1,0
2015.0,40.0,0,14.99,0,Technocrat Games,"Wadjet Eye Games,Wadjet Eye Games",0,1,0,1,0,0,0,0,0,0,0,0,0,0,1,1,0,0,0,0,0,0,0,0,0,1,1,1
2015.0,,1,,0,"L＆K CO., LTD","L＆K CO., LTD,L＆K CO., LTD",0,0,0,0,1,0,0,0,0,1,1,0,0,0,0,0,1,0,0,0,0,0,1,0,0,0,0,0
2013.0,,1,24.99,0,Dovetail Games,"Dovetail Games - Trains,Dovetail Games - Trains",0,0,0,0,0,1,0,0,0,0,0,0,0,0,0,0,0,0,0,1,0,0,0,0,0,0,0,0
2012.0,,1,99.99,0,Nevercenter Ltd. Co.,"Nevercenter Ltd. Co.,Nevercenter Ltd. Co.",0,0,0,0,0,0,0,0,0,0,0,0,0,0,0,0,0,0,0,0,0,0,0,0,0,0,0,0
2019.0,49.0,0,19.99,0,HumaNature Studios,"HumaNature Studios,HumaNature Studios",0,1,1,1,0,0,0,0,0,0,0,0,0,0,1,1,0,0,1,0,0,0,0,0,0,0,0,0
2017.0,,1,0.0,1,NS STUDIO,"NS STUDIO,NEOBRICKS,NS STUDIO,NEOBRICKS",1,0,0,0,0,0,0,0,0,1,0,0,0,1,0,0,0,0,0,0,0,0,0,1,0,0,1,0
2018.0,42.0,0,19.99,0,"Sonic Team,Bitbaboon","SEGA,SEGA",1,0,1,0,0,0,0,0,0,0,0,0,0,1,0,0,0,0,1,0,0,0,1,0,0,0,1,0
2018.0,22.0,0,14.99,0,Nihon Falcom,"XSEED Games,Marvelous USA, Inc.,XSEED Games,Marvelous USA, Inc.",1,0,0,0,1,0,0,0,0,0,0,0,0,1,0,0,1,0,0,0,0,0,0,0,0,0,0,0
2017.0,26.0,0,39.99,0,Black Lab Games,"Slitherine Ltd.,Slitherine Ltd.",0,0,0,0,0,0,1,0,0,0,0,0,0,1,0,1,0,1,0,1,0,0,1,0,0,1,1,1
2016.0,21.0,0,1.99,0,KHB-Soft,"KHB-Soft,KHB-Soft",1,0,1,1,0,0,0,0,0,0,0,0,0,1,1,0,0,0,1,0,0,0,0,0,0,0,1,0
2013.0,,1,14.99,0,Ubisoft Montreal,"Ubisoft,Ubisoft",1,1,0,0,0,0,0,0,0,0,0,0,0,1,0,1,0,0,0,0,0,0,0,1,1,1,1,1
2012.0,,1,,0,Cloud 9 Studio,"Webzen,Webzen",1,0,0,0,1,0,0,0,0,1,1,0,0,1,0,1,1,0,0,0,0,0,1,0,0,0,1,1
2016.0,15.0,0,19.99,0,Bulkhead Interactive,"Square Enix,Square Enix",0,1,0,0,0,0,0,0,0,0,0,0,0,0,0,1,0,0,0,0,0,0,0,0,0,1,1,1
2015.0,39.0,0,4.99,0,Lantana Games,"Lantana Games,Lantana Games",0,0,1,1,0,0,0,0,0,0,0,0,0,0,1,0,0,0,1,0,0,0,0,0,0,0,0,0
2017.0,,1,3.99,0,Tom-Erik Nielsen,"Tom-Erik Nielsen,Tom-Erik Nielsen",0,0,0,1,0,0,0,0,0,0,0,0,0,0,1,0,0,0,0,0,0,0,0,0,0,0,0,0
2015.0,17.0,0,2.99,0,Cuveet Story,"Cuveet Story,Cuveet Story",0,0,1,1,0,0,0,0,0,0,0,0,0,0,1,0,0,0,1,0,0,0,0,0,0,0,0,0
2018.0,8.0,0,9.99,0,Mash Games,"Mash Games,Mash Games",0,0,0,1,0,1,0,1,0,0,0,0,0,0,1,0,0,0,0,1,1,0,0,0,0,0,1,0
2016.0,23.0,0,24.99,0,Auroch Digital,"Slitherine Ltd.,Slitherine Ltd.",0,0,0,0,0,0,1,0,0,0,0,0,0,0,0,0,0,1,0,0,0,0,1,0,0,1,0,0
2019.0,14.0,0,12.99,0,"Arnaud De Bock,Rémi Forcadell,Alan Zucconi,Calum Bowen","Devolver Digital,Devolver Digital",1,1,1,1,0,0,0,0,0,0,0,0,0,1,1,1,0,0,1,0,0,0,0,0,0,0,0,0
2018.0,,1,0.99,0,MyDreamForever,"Atriagames,Atriagames",0,1,1,1,1,0,0,0,0,0,0,0,0,0,1,1,1,0,1,0,0,0,0,0,0,0,0,0
2016.0,11.0,0,4.99,0,fragOut Studio,"BlackFoot Studios,BlackFoot Studios",1,0,1,1,0,0,0,0,0,0,0,1,0,1,1,0,0,0,1,0,0,0,0,0,0,0,0,0
2016.0,,1,0.0,1,StevenHarmonGames,,0,1,0,1,0,0,0,0,0,1,0,0,0,0,1,1,0,0,0,0,0,0,0,0,0,0,0,0
2014.0,1.0,0,3.99,0,Freebird Games,"Freebird Games,Freebird Games",0,1,0,1,1,0,0,0,0,0,0,0,0,0,1,1,1,0,1,0,0,0,0,0,0,1,1,1
2017.0,12.0,0,5.99,0,Warlock Arts,"Warlock Arts,Warlock Arts",0,0,1,1,0,1,0,0,0,0,0,0,0,0,1,0,0,0,1,1,0,0,0,0,0,0,0,0
2015.0,37.0,0,9.99,0,Ivanovich Games,"Ivanovich Games,Ivanovich Games",0,1,1,1,0,0,1,0,0,0,0,0,0,0,1,1,0,1,1,0,0,0,0,0,0,0,0,0
2019.0,11.0,0,2.99,0,Hamdan Hamid,"Hamdan Hamid,Hamdan Hamid",1,0,0,0,0,0,0,0,0,0,0,0,0,1,1,0,0,0,1,0,0,0,0,0,0,0,0,0
2016.0,,1,9.99,0,Virtavia,"Dovetail Games - Flight,Dovetail Games - Flight",0,0,0,0,0,1,0,0,0,0,0,0,0,0,0,0,0,0,0,1,0,0,0,0,0,0,0,0
2015.0,25.0,0,9.99,0,"World-Loom,The House of Fables","Artifex Mundi,Artifex Mundi",0,1,1,0,0,0,0,0,0,0,0,0,0,0,1,1,0,0,1,0,0,0,0,0,0,1,0,0
2015.0,49.0,0,29.99,0,Square Enix,"Square Enix,Square Enix",1,0,0,0,1,0,0,0,0,0,0,0,0,1,0,1,1,0,0,0,0,0,0,0,0,1,1,1
2018.0,20.0,0,14.99,0,MercuryStudio,"AGM PLAYISM,AGM PLAYISM",1,0,0,1,0,0,0,0,1,0,0,0,0,1,1,0,0,0,0,0,1,1,1,0,1,1,1,1
2018.0,,1,4.99,0,Studio-Space RA,"Studio-Space RA,Studio-Space RA",1,0,0,0,0,0,0,0,0,0,0,1,0,1,0,0,0,0,0,0,0,0,0,0,0,0,0,0
2013.0,,1,6.99,0,Undead Labs,"Xbox Game Studios,Xbox Game Studios",1,0,0,0,1,1,0,0,0,0,0,0,0,1,0,0,1,0,0,1,0,0,1,0,0,1,0,1
2018.0,,1,,0,"Reed Mosby,Riley Shanley,Luke Fritz,Brian Fitzgerald,Nicholas Herink,Caraline Aldis,Karena Williams,Sam Fadare,Eric Bodreau","RR Games,RR Games",1,1,0,1,0,0,0,0,0,1,0,0,0,1,1,1,0,0,0,0,0,0,0,0,0,0,0,0
2019.0,,1,12.99,0,Galaxy Wars,"DLsite,DLsite",0,0,0,1,1,0,0,0,0,0,0,0,0,0,1,0,1,0,0,0,0,0,0,0,0,0,0,0
2017.0,,1,76.67,0,8bit,"Bitlock Studio,Bitlock Studio",0,1,0,1,0,0,0,0,0,0,0,0,0,0,1,1,0,0,0,0,0,0,0,0,0,0,0,0
2016.0,35.0,0,19.99,0,Ubisoft Montreal Studio,"Ubisoft,Ubisoft",1,0,0,0,0,1,0,0,0,0,0,0,0,1,0,0,0,0,0,1,0,0,0,0,0,0,0,0
2012.0,34.0,0,19.99,0,KING Art,"THQ Nordic,THQ Nordic",0,1,0,1,0,0,0,0,0,0,0,0,0,0,1,1,0,0,0,0,0,0,0,0,0,1,0,1
2015.0,32.0,0,4.99,0,M2H,"M2H,M2H",1,0,1,1,0,1,0,0,1,0,0,0,0,1,1,0,0,0,1,1,0,1,1,0,0,0,1,0
2018.0,51.0,0,19.99,0,Fair Games Studio,"Fair Games Studio,Fair Games Studio",1,1,0,1,0,0,0,0,0,0,0,0,0,1,1,1,0,0,0,0,0,0,0,1,0,1,0,1
2017.0,11.0,0,24.99,0,Schell Games,"Schell Games,Schell Games",0,0,0,1,0,0,0,0,0,0,0,0,0,1,1,0,0,0,0,0,0,0,0,0,0,1,1,0
2018.0,20.0,0,9.99,0,Barkers Crest Studio LLC,"Barkers Crest Studio LLC,Barkers Crest Studio LLC",0,0,0,0,0,0,0,1,0,0,0,1,0,0,1,0,0,0,0,0,1,0,0,0,0,0,0,0
2015.0,32.0,0,4.99,0,Forever Entertainment S. A.,"Forever Entertainment S. A.,Forever Entertainment S. A.",1,0,1,1,0,1,0,0,0,0,0,0,0,1,1,0,0,0,1,1,0,0,0,0,0,0,0,0
2013.0,43.0,0,2.99,0,Endless Loop Studios,"Endless Loop Studios,Endless Loop Studios",1,0,0,1,0,0,1,0,0,0,0,0,0,1,1,0,0,1,0,0,0,0,1,0,0,1,1,1
2017.0,49.0,0,0.99,0,"Piotr Bunkowski,Hades Productions","Sometimes You,Sometimes You",1,1,1,1,0,0,0,0,0,0,0,0,0,1,1,1,0,0,1,0,0,0,0,0,0,0,0,0
2013.0,,1,14.99,0,Paradox Development Studio,"Paradox Interactive,Paradox Interactive",0,0,0,0,0,0,1,0,0,0,0,0,0,0,0,0,0,1,0,0,0,0,0,0,0,0,0,0
2013.0,,1,19.99,0,Ageod,"Slitherine Ltd.,Slitherine Ltd.",0,0,0,0,0,0,1,0,0,0,0,0,0,0,0,0,0,1,0,0,0,0,1,0,0,1,0,0
2014.0,21.0,0,4.99,0,Blackpowder Games,"Blackpowder Games,Blackpowder Games",1,1,0,1,0,0,0,0,0,0,0,0,0,1,1,1,1,0,0,0,0,0,0,1,1,1,1,1
2018.0,30.0,0,14.99,0,HakJak Productions,"tinyBuild,tinyBuild",1,0,1,1,0,0,0,0,1,0,0,0,0,1,1,0,0,0,1,0,0,1,1,0,0,1,1,1
2018.0,,1,36.73,0,RewindApp,"RewindApp,RewindApp",1,1,1,1,0,0,0,0,0,0,0,0,0,1,1,1,0,0,1,0,0,0,0,0,0,1,0,0
2015.0,66.0,0,19.99,0,Avalanche Studios,"Square Enix,Square Enix",1,1,0,0,0,0,0,0,0,0,0,0,0,1,0,1,1,0,0,0,0,0,1,0,1,1,1,1
2011.0,50.0,0,19.99,0,Day 1 Studios,"Warner Bros. Interactive Entertainment,Warner Bros. Interactive Entertainment",1,0,0,0,0,0,0,0,0,0,0,0,0,1,0,1,0,0,0,0,0,0,1,1,1,1,1,1
2017.0,,1,0.0,1,The Secret Location,"Mountain Dew,Mountain Dew",0,0,0,0,0,1,0,1,0,1,0,0,0,0,0,0,0,0,0,1,1,0,0,0,0,0,0,0
2016.0,,1,,0,Fatshark,,1,0,0,1,0,0,0,0,0,0,0,0,0,1,1,0,0,0,0,0,0,0,0,0,0,0,0,0
2018.0,5.0,0,8.99,0,Music Paradise,"Music Paradise,Music Paradise",0,0,0,0,0,0,0,0,0,0,0,0,1,0,0,0,0,0,0,0,0,0,0,0,0,0,0,0
2015.0,,1,19.99,0,Crispon Games,"Plug In Digital,Argonauts Interactive,Plug In Digital,Argonauts Interactive",0,0,0,1,0,0,1,0,0,0,0,0,0,0,1,0,0,1,0,0,0,0,0,0,0,0,0,0
2019.0,6.0,0,1.99,0,GexagonVR,"GexagonVR,GexagonVR",1,1,1,1,1,1,0,0,0,0,0,0,0,1,1,1,1,0,1,1,0,0,0,0,0,0,0,0
2014.0,52.0,0,34.99,0,Little Green Men Games,"Iceberg Interactive,Iceberg Interactive",1,0,0,0,1,1,0,0,0,0,0,0,0,1,1,1,1,1,0,1,0,0,0,0,0,1,1,1
2016.0,13.0,0,4.99,0,Badim,"Badim,Badim",1,1,1,1,0,0,1,0,0,0,0,0,0,1,1,1,0,1,1,0,0,0,0,0,0,1,0,0
2009.0,30.0,0,0.0,1,Defence Alliance Team,"Tripwire Interactive,Tripwire Interactive",1,0,0,0,0,0,0,0,0,0,0,0,0,1,0,0,0,0,0,0,0,0,1,1,0,0,1,1
2018.0,,1,,0,Big Bad Wolf,"Focus Home Interactive,Focus Home Interactive",0,1,0,0,1,0,0,0,0,0,0,0,0,0,0,1,1,0,0,0,0,0,0,0,0,0,0,0
2018.0,12.0,0,,0,Veritex Studios LLC,"Veritex Studios LLC,Veritex Studios LLC",1,1,0,1,1,0,0,0,0,0,0,1,0,1,1,1,1,0,0,0,0,0,1,0,0,0,0,0
2011.0,,1,4.99,0,SEGA,"SEGA,SEGA",1,1,0,0,0,0,0,0,0,0,0,0,0,1,0,1,0,0,0,0,0,0,1,0,0,1,0,1
2017.0,1500.0,0,3.99,0,Laush Dmitriy Sergeevich,"Laush Studio,Laush Studio",1,0,0,1,0,0,0,0,0,0,0,0,0,1,1,0,0,0,1,0,0,0,0,0,0,1,0,0
2018.0,,1,1.99,0,Falco Software,"Atriagames,Atriagames",1,0,0,1,0,0,0,0,0,0,0,0,0,1,1,0,0,0,0,0,0,0,0,0,0,0,0,0
2018.0,,1,8.99,0,Whiskeybarrel Studios,"eGames.com,eGames.com",0,1,0,0,1,0,1,0,0,0,0,0,0,0,0,1,1,1,0,0,0,0,0,0,0,0,0,0
2018.0,,1,0.99,0,Rafael Farias,"Fiassink Games,Fiassink Games",1,1,0,1,0,0,0,0,0,0,0,0,0,1,1,1,0,0,0,0,0,0,0,0,0,0,0,0
2019.0,33.0,0,,0,凌晨两点,"菠菜游戏,菠菜游戏",0,0,0,1,1,0,1,0,0,0,0,1,0,0,1,0,1,1,0,0,0,0,0,0,0,0,0,0
2017.0,,1,4.99,0,Logan McClure,"None,None",0,1,0,1,1,0,0,0,0,0,0,0,0,0,1,1,1,0,1,0,0,0,0,0,0,0,0,0
2018.0,,1,,0,ReaverGames Ltd.,"FredBear Games,PlayPlayFun,FredBear Games,PlayPlayFun",0,0,0,0,1,0,1,0,0,1,0,0,0,0,0,0,1,1,0,0,0,0,0,0,0,0,0,0
2016.0,8.0,0,0.0,1,YETU GAME,"YETU GAME,YETU GAME",0,1,1,1,0,0,0,0,0,0,0,0,0,0,1,1,0,0,1,0,0,0,0,0,0,1,1,0
2018.0,,1,2.99,0,Weather Factory,"Weather Factory,Weather Factory",0,0,0,1,1,1,0,0,0,0,0,0,0,0,1,0,1,0,0,1,0,0,0,0,0,0,0,0
2017.0,1317.0,0,56.86,0,Racing Bros,"ANPA.US,ANPA.US",1,0,0,1,0,0,0,0,0,0,0,0,0,1,1,0,0,0,0,0,0,0,1,0,0,0,1,0
2013.0,,1,29.99,0,Ubisoft Toronto,"Ubisoft,Ubisoft",1,1,0,0,0,0,0,0,0,0,0,0,0,1,0,1,1,1,0,0,0,0,1,1,1,1,1,1
2014.0,12.0,0,14.99,0,Freedom Factory,"United Independent Entertainment GmbH,United Independent Entertainment GmbH",1,0,0,0,0,0,0,0,0,0,0,0,0,1,0,0,0,0,0,0,0,0,0,0,0,0,0,0
2018.0,,1,,0,Warhorse Studios,"Warhorse Studios,Warhorse Studios",1,1,0,0,1,0,0,0,0,0,0,0,0,1,0,1,1,0,0,0,0,0,0,0,0,0,0,0
2018.0,112.0,0,2.99,0,KZ42,"KZ42,KZ42",0,1,1,1,0,1,1,0,0,0,0,0,0,0,1,1,0,1,1,1,0,0,0,0,0,0,0,0
2018.0,,1,,0,Flashbulb,"Flashbulb,Flashbulb",1,1,0,1,0,1,0,0,1,0,0,1,0,1,1,1,0,0,0,1,0,1,1,0,0,1,1,0
2018.0,25.0,0,17.99,0,Picaresque Studio,"Fish Eagle,Fish Eagle",0,1,0,1,1,1,1,0,0,0,0,0,0,0,1,1,1,1,0,1,0,0,0,0,0,0,1,0
2019.0,36.0,0,,0,Alex  Tritt,"Alex Tritt,Alex Tritt",1,0,0,1,0,0,0,0,0,1,0,0,0,1,1,0,0,0,0,0,0,0,0,0,0,0,0,0
2015.0,44.0,0,9.99,0,CAVYHOUSE,"AGM PLAYISM,AGM PLAYISM",0,0,0,1,0,1,0,0,0,0,0,0,0,0,1,0,0,1,1,1,0,0,0,0,0,1,0,1
2012.0,10.0,0,9.99,0,Spry Fox LLC,"Spry Fox LLC,Spry Fox LLC",0,0,1,1,0,0,1,0,0,0,0,0,0,0,1,0,0,1,1,0,0,0,0,0,0,1,1,0
2016.0,,1,11.99,0,Blue Byte,,0,0,0,0,0,1,1,0,0,0,0,0,0,0,0,0,0,1,0,1,0,0,0,0,0,0,0,0
2017.0,11.0,0,5.99,0,Uruca Game Studio,"Jungle Coworking,Jungle Coworking",0,0,1,1,0,0,1,0,0,0,0,0,0,0,1,0,0,1,1,0,0,0,0,0,0,0,0,0
2018.0,5.0,0,19.99,0,Rogue Sun,"Rogue Sun,Rogue Sun",0,0,0,1,0,0,0,0,0,0,0,1,0,0,1,0,0,0,0,0,0,0,0,0,0,0,0,0
2018.0,32.0,0,9.99,0,Snikkabo AS,"FDG Entertainment,FDG Entertainment",1,0,0,1,0,0,0,0,0,0,0,0,0,1,1,0,0,0,0,0,0,0,0,0,0,0,0,0
2019.0,17.0,0,14.99,0,Anti Gravity Game Studios,"PQube Limited,PQube Limited",1,1,1,1,1,0,1,0,0,0,0,0,0,1,1,1,1,1,1,0,0,0,0,0,0,0,0,0
2018.0,,1,19.99,0,Data Realms,"Data Realms, LLC	,Data Realms, LLC	",1,1,0,1,0,0,0,0,1,0,0,0,0,1,1,1,0,0,0,0,0,1,0,0,0,0,0,0
2018.0,,1,14.99,0,Rahmat Nata Djaja,"Rahmat Nata Djaja,Rahmat Nata Djaja",0,0,1,1,0,1,1,0,0,0,0,1,0,0,1,0,0,1,1,1,0,0,0,0,0,1,0,0
2018.0,19.0,0,1.99,0,"Rakarnov Studios,Vuthax","Rakarnov Studios,Rakarnov Studios",0,1,0,1,0,0,0,0,0,0,0,0,0,0,1,1,0,0,0,0,0,0,0,0,1,0,0,0
2014.0,,1,1.99,0,Captain Games,"Captain Games,Captain Games",0,0,0,1,0,0,0,1,0,0,0,0,0,0,1,0,0,0,0,0,1,0,0,0,0,0,0,0
2013.0,,1,,0,IDHAS Studios,"Sekai Project,Sekai Project",0,1,1,1,0,1,0,0,0,1,0,0,0,0,1,1,1,0,1,1,0,0,0,0,0,1,1,1
2018.0,6.0,0,0.99,0,Mirain Mainklain," Mirain Mainklain, Mirain Mainklain",0,0,1,1,0,1,0,0,0,0,0,0,0,0,1,0,0,0,1,1,0,0,0,0,0,0,0,0
2018.0,,1,6.99,0,Bulwark Studios,"Kasedo Games,Kasedo Games",0,0,0,0,0,0,1,0,0,0,0,0,0,0,0,0,0,1,0,0,0,0,0,0,0,0,0,0
2016.0,,1,5.99,0,Digital Confectioners,,1,0,0,1,0,0,0,0,0,0,0,0,0,1,1,0,0,0,0,0,0,0,0,0,0,0,0,0
2017.0,7.0,0,3.99,0,Vyacheslav Shilikhin,"Vyacheslav Shilikhin,Vyacheslav Shilikhin",0,1,1,1,0,0,0,0,0,0,0,0,0,0,1,1,0,0,1,0,0,0,0,0,0,0,0,0
2018.0,,1,9.99,0,suxamethonium,"AGM PLAYISM,AGM PLAYISM",1,0,0,1,1,0,0,0,0,0,0,0,0,1,1,1,1,0,1,0,0,0,0,0,0,1,0,0
2017.0,25.0,0,17.99,0,Looterkings,"Headup Games,Headup Games",1,0,0,1,1,0,0,0,0,0,0,0,0,1,1,0,1,0,0,0,0,0,0,0,0,0,0,0
2017.0,,1,0.99,0,LillyWelland inc.,"Bitlock Studio,Bitlock Studio",1,1,1,1,0,1,0,0,0,0,0,0,0,1,1,1,0,0,1,1,0,0,0,0,0,0,0,0
2014.0,,1,4.99,0,Exquisite Games,"Exquisite Games,Exquisite Games",0,0,0,1,0,0,0,0,0,0,0,0,0,0,1,0,0,0,0,0,0,0,0,0,0,0,0,0
2009.0,22.0,0,9.99,0,ACE Team,"ACE Team,ACE Team",1,0,0,1,0,0,0,0,0,0,0,0,0,1,1,1,0,0,0,0,0,0,0,1,0,1,1,1
2015.0,44.0,0,4.99,0,Ginger Labs LLC,"Ginger Labs LLC,Ginger Labs LLC",1,1,0,1,0,0,0,0,0,0,0,0,0,1,1,1,0,0,0,0,0,0,0,0,0,1,0,0
2018.0,,1,7.99,0,Giants Software,"Focus Home Interactive,Focus Home Interactive",0,0,0,0,0,1,0,0,0,0,0,0,0,0,0,0,0,0,0,1,0,0,0,0,0,0,0,0
2014.0,7.0,0,0.0,1,Myshkin Entertainment,"Myshkin Entertainment,Myshkin Entertainment",0,1,0,0,0,0,0,0,0,0,0,0,0,0,1,1,0,0,0,0,0,0,0,0,0,1,1,1
2017.0,4.0,0,9.99,0,hede,"hede,hede",1,1,0,1,1,0,1,0,0,0,0,1,0,1,1,1,1,1,0,0,0,0,0,0,0,0,0,0
2017.0,33.0,0,8.99,0,Jannik Nickel,"Jannik Nickel,Jannik Nickel",1,0,0,1,0,1,1,0,0,0,0,1,0,1,1,0,0,1,0,1,0,0,0,0,0,1,0,0
2018.0,36.0,0,34.99,0,The Bearded Ladies,"Funcom,Funcom",0,0,0,0,1,0,1,0,0,0,0,0,0,1,0,1,1,1,0,0,0,0,1,0,0,1,1,1
2016.0,,1,12.99,0,AMPLITUDE Studios,"SEGA,SEGA",0,0,0,0,1,0,1,0,0,0,0,0,0,0,0,0,1,1,0,0,0,0,0,0,0,0,0,0
2016.0,50.0,0,19.99,0,Idea Factory,"Ghostlight LTD,Ghostlight LTD",0,1,0,0,1,0,1,0,0,0,0,0,0,0,0,1,1,1,0,0,0,0,0,0,0,1,0,0
2017.0,70.0,0,14.99,0,Barrel Roll Games,"Daedalic Entertainment,Daedalic Entertainment",1,0,1,1,0,0,0,0,0,0,0,1,0,1,1,0,0,1,1,0,0,0,1,0,0,0,1,1
2018.0,88.0,0,29.99,0,Stardock Entertainment,"Stardock Entertainment,Stardock Entertainment",1,1,0,1,1,1,0,0,0,0,0,0,0,1,1,1,1,1,1,1,0,0,1,0,0,1,1,1
2016.0,,1,89.95,0,Noble Muffins,"PlayWay S.A.,PlayWay S.A.",0,0,0,0,0,1,0,0,0,0,0,0,0,0,0,0,0,0,0,1,0,0,0,0,0,1,0,1
2016.0,36.0,0,19.99,0,"IDEA FACTORY,COMPILE HEART,PREAPP PARTNERS","Idea Factory International,Idea Factory International",0,0,0,0,1,0,1,0,0,0,0,0,0,0,0,0,1,1,0,0,0,0,0,0,0,1,0,1
2018.0,,1,29.99,0,Dovetail Games,"Dovetail Games - TSW,Dovetail Games - TSW",0,0,0,0,0,1,0,0,0,0,0,0,0,0,0,0,0,0,0,1,0,0,0,0,0,0,0,0
2019.0,,1,9.99,0,"風林火山工作室,東木酋長","Jolifess Inc.,Fulinkazan Co.,Jolifess Inc.,Fulinkazan Co.",0,0,1,1,0,1,1,0,0,0,0,1,0,0,1,0,0,1,1,1,0,0,0,0,0,0,0,0
2016.0,23.0,0,,0,Felip Guimerà,"FelGC.GamesDevelopment,FelGC.GamesDevelopment",0,0,1,1,0,0,1,0,0,0,0,0,0,0,1,0,0,1,1,0,0,0,0,0,0,0,0,0
2013.0,27.0,0,9.99,0,Fire Hose Games,"Fire Hose Games,Fire Hose Games",1,0,0,1,0,0,1,0,0,0,0,0,0,1,1,0,0,1,0,0,0,0,1,0,0,0,0,0
2018.0,33.0,0,14.99,0,"MAGES. Inc.,5pb.","XSEED Games,Marvelous USA, Inc.,XSEED Games,Marvelous USA, Inc.",0,1,0,0,0,0,0,0,0,0,0,0,0,0,0,1,0,0,0,0,0,0,0,0,0,0,0,0
2014.0,,1,5.99,0,PostMod Softworks,"PostMod Softworks,PostMod Softworks",0,1,0,1,0,0,0,0,0,0,0,0,0,0,1,1,0,0,0,0,0,0,0,0,0,0,1,0
2018.0,46.0,0,24.99,0,Umix Studios,"Umix Studios,Umix Studios",0,0,0,1,0,1,1,1,0,0,0,0,0,0,1,0,0,1,0,1,1,0,0,0,0,0,0,0
2017.0,,1,12.99,0,Valve,"Valve,Valve",1,0,0,0,0,0,0,0,0,1,0,0,0,1,0,0,0,0,0,0,0,0,0,0,0,0,0,0
2014.0,3.0,0,99.99,0,Leadwerks Software,"Leadwerks Software,Leadwerks Software",0,0,0,0,0,0,0,0,0,0,0,0,1,0,0,0,0,0,0,0,0,0,0,0,0,0,0,1
2019.0,30.0,0,30.84,0,Ruskija game experience,"Tero Lunkka,Tero Lunkka",0,1,1,1,0,0,0,0,0,0,0,0,0,0,1,1,0,0,1,0,0,0,0,0,0,0,0,0
2019.0,5.0,0,1.99,0,Viperante,"Viperante,Viperante",0,1,0,1,0,0,0,0,0,0,0,0,0,0,1,1,0,0,0,0,0,0,0,0,0,0,0,0
2017.0,35.0,0,14.99,0,ActaLogic,"ActaLogic,ActaLogic",1,0,0,0,0,0,1,0,0,0,0,0,0,1,0,0,0,1,0,0,0,0,0,0,0,0,0,0
2018.0,,1,19.99,0,Techland,"Techland Publishing,Techland Publishing",1,0,0,0,1,0,0,0,0,0,0,1,0,1,0,0,1,0,0,0,0,0,1,1,1,0,1,1
2017.0,13.0,0,7.99,0,Cat Nigiri,"Cat Nigiri,Cat Nigiri",1,0,0,1,0,0,0,0,0,0,0,0,0,1,1,0,0,0,0,0,0,0,0,0,0,0,0,0
2018.0,,1,,0,,,1,1,0,1,0,0,0,0,0,0,0,0,0,1,1,1,0,0,0,0,0,0,0,1,0,0,0,0
2011.0,13.0,0,4.99,0,Dark Energy Digital Ltd.,"Dark Energy Digital Ltd.,Dark Energy Digital Ltd.",1,1,0,1,0,0,1,0,0,0,0,0,0,1,1,1,0,1,0,0,0,0,0,0,1,1,1,1
2016.0,,1,2.99,0,Nat Quayle Nelson,"Nat Quayle Nelson,Nat Quayle Nelson",0,1,1,1,0,0,0,0,0,0,0,0,0,0,1,1,0,0,1,0,0,0,0,0,0,0,0,0
2018.0,21.0,0,29.99,0,MONKEYCRAFT Co. Ltd.,"BANDAI NAMCO Entertainment,BANDAI NAMCO Entertainment",1,0,1,0,0,0,0,0,0,0,0,0,0,1,0,0,0,0,1,0,0,0,0,0,0,1,1,0
2016.0,16.0,0,6.99,0,08 Games,"Plug In Digital,WhisperGames,Plug In Digital,WhisperGames",0,1,0,1,0,0,0,0,0,0,0,0,0,0,1,1,0,0,0,0,0,0,0,0,0,0,0,0
2017.0,,1,36.73,0,RewindApp,"RewindApp,RewindApp",1,1,1,1,0,0,0,0,0,0,0,0,0,1,1,1,0,0,1,0,0,0,0,0,0,0,0,0
2017.0,11.0,0,0.99,0,AIHASTO,"AIHASTO,AIHASTO",0,1,0,1,0,0,0,0,0,0,0,0,0,0,1,1,0,0,0,0,0,0,0,0,0,0,0,0
2016.0,,1,3.99,0,Peace,"Peace,Peace",1,1,0,1,0,0,0,0,0,0,0,0,0,1,1,1,0,0,0,0,0,0,0,0,0,0,0,0
2018.0,23.0,0,14.99,0,Cosmic Picnic,"Cosmic Picnic,Cosmic Picnic",0,0,0,1,0,1,0,0,0,0,0,0,0,0,1,0,0,0,0,1,0,0,0,0,0,0,0,0
2019.0,10.0,0,7.99,0,Tonguç Bodur,"Tonguç Bodur,Tonguç Bodur",0,1,0,1,0,0,0,0,0,0,0,0,0,0,1,1,0,0,0,0,0,0,0,0,0,1,0,0
2012.0,,1,0.0,1,Dischan Media,"Dischan Media,Dischan Media",0,0,1,1,0,0,0,0,0,0,0,0,0,0,1,0,0,0,1,0,0,0,0,0,0,0,0,0
2016.0,,1,6.99,0,Bekho Team,"Bekho Team,Bekho Team",0,0,1,1,0,0,0,0,0,0,0,0,0,0,1,0,0,0,1,0,0,0,0,0,0,0,0,0
2017.0,,1,,0,Land Patricio,"Land Patricio,Land Patricio",0,1,1,1,0,0,0,0,0,1,0,0,0,0,1,1,0,0,1,0,0,0,0,0,0,0,0,0
2017.0,484.0,0,1.99,0,ColloseusX,"Phat Phrog Studios,Phat Phrog Studios",0,1,1,1,0,0,0,0,0,0,0,1,0,0,1,1,0,0,1,0,0,0,0,0,0,0,0,0
2016.0,,1,0.99,0,Evergreen,"Evergreen,Evergreen",0,0,0,1,0,1,0,0,0,0,0,1,0,0,1,0,0,0,0,1,0,0,0,0,0,0,0,0
2016.0,39.0,0,,0,Iron 27,"Iron 27,Iron 27",0,0,0,1,1,0,0,0,0,1,1,0,0,0,1,0,1,0,0,0,0,0,1,0,0,0,0,1
2015.0,20.0,0,2.99,0,Moppin,"Devolver Digital,Devolver Digital",1,1,0,1,0,0,0,0,0,0,0,0,0,1,1,1,0,0,0,0,0,0,0,0,1,1,1,1
2018.0,19.0,0,14.99,0,Tomorrow Corporation,"Tomorrow Corporation,Tomorrow Corporation",0,0,0,1,0,1,0,0,0,0,0,0,0,0,1,0,0,0,1,1,0,0,0,0,0,1,1,0
2018.0,28.0,0,34.99,0,MAGES. Inc.,"Spike Chunsoft Co., Ltd.,Spike Chunsoft Co., Ltd.",0,1,0,0,0,0,0,0,0,0,0,0,0,0,0,1,0,0,0,0,0,0,0,0,0,1,1,0
2018.0,,1,,0,Acute Art,"Acute Art,Acute Art",0,0,1,0,0,0,0,0,0,1,0,0,0,0,0,0,0,0,1,0,0,0,0,0,0,0,0,0
2019.0,16.0,0,14.99,0,Regl Studios,"Regl Studios,Regl Studios",1,1,0,1,0,0,0,0,0,0,0,0,0,1,1,1,0,1,0,0,0,0,0,0,0,1,0,0
2019.0,,1,,0,Acerola,"Kagura Games,Kagura Games",0,0,0,1,1,0,0,0,0,0,0,0,0,0,1,1,1,0,0,0,0,0,0,0,0,0,0,0
2018.0,19.0,0,9.99,0,"Chance6 Studios, LLC","Chance6 Studios, LLC,Chance6 Studios, LLC",1,1,0,1,0,0,0,0,0,0,0,0,0,1,1,1,0,0,0,0,0,0,0,0,0,1,0,0
2018.0,,1,14.99,0,Eagle Dynamics SA,"Eagle Dynamics SA,Eagle Dynamics SA",0,0,0,0,0,1,0,0,0,0,0,0,0,0,0,0,0,0,0,1,0,0,0,0,0,0,0,0
2019.0,12.0,0,2.99,0,Vadd games,"Vadd games,Vadd games",1,1,1,1,0,0,0,0,0,0,0,0,0,1,1,1,0,0,1,0,0,0,0,0,1,0,0,0
2018.0,71.0,0,7.99,0,Toyman Interactive,"Buka Entertainment,Buka Entertainment",0,0,1,0,0,1,0,0,0,0,0,0,0,0,0,0,0,0,1,1,0,0,0,0,0,1,0,0
2019.0,12.0,0,19.99,0,eSail,,0,0,0,0,0,1,0,1,1,0,0,0,0,0,0,0,0,0,0,1,1,1,0,0,0,0,0,0
2014.0,25.0,0,9.99,0,Treasure,"Treasure,Treasure",1,0,0,1,0,0,0,0,0,0,0,0,0,1,1,0,0,0,0,0,0,0,1,0,1,1,1,1
2017.0,4.0,0,24.99,0,RocketWerkz,"RocketWerkz,RocketWerkz",1,0,0,1,0,1,0,0,0,0,0,1,0,1,1,0,0,0,0,1,0,0,1,0,0,0,1,0
2016.0,42.0,0,9.99,0,"Egidijus Bachur,Alexey Davydov","Flazm,Flazm",1,1,0,1,0,0,0,0,0,0,0,0,0,1,1,1,0,0,1,0,0,0,0,0,0,1,0,1
2015.0,74.0,0,5.99,0,Destructive Creations,"Destructive Creations,Destructive Creations",1,0,0,1,0,0,0,0,0,0,0,0,0,1,1,0,0,0,0,0,0,0,0,0,1,1,1,0
2017.0,10.0,0,,0,Ultrabit,"Kongregate,Kongregate",0,0,0,0,0,1,0,0,0,1,0,0,0,0,0,0,0,0,0,1,0,0,0,0,0,0,0,0
2017.0,,1,4.99,0,The Most,"The Most,The Most",1,1,1,1,0,0,1,1,1,0,0,0,0,1,1,1,0,1,1,1,1,1,0,0,0,1,0,0
2017.0,30.0,0,14.99,0,Microlith Games,"Microlith Games,Microlith Games",1,0,0,1,0,0,0,0,0,0,0,0,0,1,1,0,0,0,0,0,0,0,0,1,1,1,0,1
2012.0,,1,0.99,0,Cyanide Studios,"Focus Home Interactive,Focus Home Interactive",1,0,0,0,1,0,0,0,0,0,0,0,0,1,0,0,1,0,0,0,0,0,0,0,0,0,0,0
2017.0,16.0,0,6.99,0,hede,"hede,hede",1,1,0,1,1,0,1,0,0,0,0,1,0,1,1,1,1,1,0,0,0,0,0,0,0,0,0,0
2017.0,24.0,0,6.99,0,Sleepy Duck,"Sleepy Duck,Sleepy Duck",0,1,0,1,1,0,1,0,0,0,0,0,0,0,1,1,1,1,0,0,0,0,0,0,0,0,0,0
2014.0,84.0,0,,0,Handelabra Games Inc.,"Handelabra Games Inc.,Handelabra Games Inc.",0,0,0,1,0,0,1,0,0,0,0,0,0,0,1,0,0,1,0,0,0,0,1,0,0,1,1,1
2012.0,64.0,0,9.99,0,1C-SoftClub,"1C Entertainment,1C Entertainment",0,0,0,0,1,0,1,0,0,0,0,0,0,0,0,1,1,1,0,0,0,0,0,0,0,1,1,1
2018.0,47.0,0,3.99,0,Space Maker Studio,"Space Maker Studio,Space Maker Studio",1,0,0,1,0,0,0,0,0,0,0,0,0,1,1,0,0,0,0,0,0,0,0,0,0,0,0,0
2017.0,4.0,0,4.99,0,QUICKTEQUILA,"QUICKTEQUILA,QUICKTEQUILA",0,0,0,1,0,0,0,0,0,0,0,0,0,0,1,0,0,0,0,0,0,0,0,0,0,0,0,0
2016.0,,1,,0,ESTgames Corp.,"ESTsoft Inc.,ESTsoft Inc.",1,0,0,0,1,0,0,0,0,1,1,0,0,1,0,1,1,0,0,0,0,0,1,0,0,0,1,1
2017.0,27.0,0,29.99,0,Cloudhead Games ltd.,"Cloudhead Games ltd.,Cloudhead Games ltd.",0,1,1,1,0,0,0,0,0,0,0,0,0,0,1,1,0,0,1,0,0,0,0,0,0,0,0,0
2017.0,33.0,0,4.99,0,Stupid Stupid Games,"Stupid Stupid Games,Stupid Stupid Games",1,0,0,1,1,0,0,0,0,0,0,0,0,1,1,0,1,0,0,0,0,0,0,0,1,0,0,0
2016.0,,1,0.0,1,"CREATIVE ASSEMBLY,Feral Interactive (Linux),Feral Interactive (Mac)","SEGA,Feral Interactive (Linux),Feral Interactive (Mac),SEGA,Feral Interactive (Linux),Feral Interactive (Mac)",1,0,0,0,0,0,1,0,0,0,0,0,0,1,0,0,0,1,0,0,0,0,0,0,0,0,0,0
2015.0,,1,0.99,0,Marcelo Barbosa,"Marcelo Barbosa,Marcelo Barbosa",1,0,0,1,0,0,0,0,0,0,0,0,0,1,1,0,0,0,0,0,0,0,0,0,0,0,1,0
2017.0,30.0,0,8.99,0,M.J.H.X. Studio,"M.J.H.X. Studio,M.J.H.X. Studio",1,1,0,1,1,0,0,0,0,0,0,1,0,1,1,1,1,0,0,0,0,0,0,0,0,0,0,0
2015.0,,1,2.99,0,Hello There AB,"Hello There AB,Hello There AB",1,0,0,0,0,0,0,0,0,0,0,0,0,1,1,0,0,0,0,0,0,0,0,0,0,1,1,0
2017.0,,1,13.99,0,Lionsgate,,0,0,0,0,0,0,0,0,0,0,0,0,0,1,0,0,0,0,0,0,0,0,0,0,0,0,0,0
2016.0,,1,,0,"Artix Entertainment, LLC","Artix Entertainment, LLC,Artix Entertainment, LLC",1,1,0,1,1,0,0,0,0,1,1,1,0,1,1,1,1,0,1,0,0,0,1,0,0,0,1,1
2018.0,428.0,0,,0,Bearded Bunnies,"Bearded Bunnies,Bearded Bunnies",0,0,1,1,0,1,1,0,0,1,0,0,0,0,1,0,0,1,1,1,0,0,0,0,0,0,0,0
2016.0,,1,2.99,0,weltenbauer. Software Entwicklung GmbH,"astragon Entertainment,astragon Entertainment",0,0,1,0,0,1,0,0,0,0,0,0,0,0,0,0,0,0,1,1,0,0,0,0,0,0,0,0
2016.0,23.0,0,2.99,0,"Jetdogs Studios,Zoom Out Games","Jetdogs Studios,Jetdogs Studios",0,0,1,1,0,0,1,0,0,0,0,0,0,0,1,0,0,1,1,0,0,0,0,0,0,0,0,0
2018.0,2.0,0,0.99,0,Root Nine Studio,"Root Nine Studio,Root Nine Studio",0,0,1,1,0,0,1,0,0,0,0,1,0,0,1,0,0,1,1,0,0,0,0,0,0,0,0,0
2018.0,19.0,0,58.9,0,Windybeard,"Windybeard,Windybeard",1,0,0,1,0,0,0,0,0,0,0,0,0,1,1,0,0,0,0,0,0,0,0,0,1,0,0,0
2015.0,32.0,0,1.99,0,Zbigniew Ochman,"Wolfiesoft,Wolfiesoft",1,0,0,1,0,0,0,0,0,0,0,0,0,1,1,0,0,0,0,0,0,0,0,0,0,0,0,0
2017.0,38.0,0,9.99,0,Cublo,"Phalanx,Phalanx",0,0,0,0,0,0,1,0,0,0,0,0,0,0,0,0,0,1,0,0,0,0,0,0,0,0,0,0
2015.0,13.0,0,3.99,0,Rainbow Games,"Rainbow Games,Rainbow Games",0,0,1,0,0,0,1,0,0,0,0,0,0,0,0,0,0,1,1,0,0,0,0,0,0,0,0,0
2016.0,,1,0.99,0,Trazzy Entertainment,"Trazzy Entertainment,Trazzy Entertainment",1,1,1,1,0,1,0,0,0,0,0,0,0,1,1,1,0,0,1,1,0,0,0,0,1,0,0,0
2016.0,25.0,0,5.99,0,Forever Entertainment S. A.,"Forever Entertainment S. A.,Forever Entertainment S. A.",1,0,1,1,0,0,0,0,0,0,0,0,0,1,1,0,0,0,1,0,0,0,1,0,0,0,0,1
2018.0,70.0,0,19.99,0,TAITO CORP.,"Degica,TAITO CORP.,Degica,TAITO CORP.",1,0,0,0,0,0,0,0,0,0,0,0,0,1,0,0,0,0,0,0,0,0,0,0,0,0,0,0
2014.0,32.0,0,7.99,0,Minor Key Games,"Minor Key Games,Minor Key Games",1,0,0,1,0,0,0,0,0,0,0,0,0,1,1,1,0,0,1,0,0,0,0,0,0,1,1,1
2014.0,,1,9.99,0,WizarBox Production,"Viva Media Inc,Viva Media Inc",0,1,1,0,0,0,0,0,0,0,0,0,0,0,0,1,0,0,1,0,0,0,0,0,0,1,1,0
2014.0,52.0,0,18.99,0,Gugila,"Gugila,Gugila",1,0,0,1,0,1,0,1,1,0,0,1,0,1,1,0,0,0,0,1,1,1,1,0,0,1,0,1
2018.0,23.0,0,1.99,0,Mortis Games,"Rock Path Collective,Rock Path Collective",1,1,1,1,1,0,0,0,0,0,1,0,0,1,1,1,1,1,1,0,0,0,1,0,0,1,0,1
2017.0,,1,4.99,0,Microids,"Microids,Microids",0,1,0,0,0,0,0,0,0,0,0,0,0,0,0,1,0,0,0,0,0,0,0,0,0,0,0,0
2013.0,34.0,0,9.99,0,"Abstraction Games,The Bitmap Brothers","The Bitmap Brothers,The Bitmap Brothers",1,0,0,0,0,0,0,0,0,0,0,0,0,1,0,0,0,0,0,0,0,0,0,0,1,1,0,1
2017.0,,1,,0,Team B.R.O.S.,"Team B.R.O.S.,Team B.R.O.S.",1,0,0,1,0,0,1,0,0,1,0,0,0,1,1,0,0,1,0,0,0,0,1,1,0,0,0,0
2012.0,50.0,0,29.99,0,Digital Extremes,"2K,2K",1,0,0,0,0,0,0,0,0,0,0,0,0,1,0,1,0,0,0,0,0,0,1,1,1,1,1,1
2018.0,,1,,0,Purple Studios,"Purple Studios,Purple Studios",1,1,0,1,1,0,0,0,0,1,0,1,0,1,1,1,1,0,0,0,0,0,0,0,0,0,0,0
2013.0,27.0,0,14.99,0,][ Games Inc,"Shawn McGrath,Shawn McGrath",1,0,0,1,0,0,0,0,1,0,0,0,0,1,1,0,0,0,0,0,0,1,0,0,0,0,0,0
2017.0,27.0,0,0.99,0,LillyWelland inc.,"Bitlock Studio,Bitlock Studio",1,0,0,1,0,0,0,0,0,0,0,0,0,1,1,0,0,0,0,0,0,0,0,0,0,0,0,0
2017.0,5.0,0,1.99,0,phime studio LLC,"phime studio LLC,phime studio LLC",0,0,1,1,0,0,0,0,0,0,0,0,0,0,1,0,0,0,1,0,0,0,0,0,0,1,0,0
2019.0,52.0,0,14.99,0,That Indie Studio,"That Indie Studio,That Indie Studio",0,0,0,1,1,0,1,0,0,0,0,1,0,0,1,1,1,1,0,0,0,0,0,0,0,0,0,0
2015.0,,1,1.99,0,Brainchild,"Brainchild,Brainchild",0,1,1,1,0,1,0,0,0,0,0,0,0,0,1,1,0,0,1,1,0,0,0,0,0,0,0,0
2018.0,,1,7.99,0,Samer Khatib (Snowconesolid Productions),"Samer Khatib (Snowconesolid Productions),Samer Khatib (Snowconesolid Productions)",1,1,0,1,0,0,0,0,0,0,0,0,0,1,1,1,0,0,0,0,0,0,0,0,0,1,0,0
2019.0,7.0,0,3.99,0,Mescaline's Wings,"Mescaline's Wings,Mescaline's Wings",1,1,1,1,1,0,0,0,0,0,0,1,0,1,1,1,1,0,1,0,0,0,0,0,0,0,0,0
2019.0,,1,,0,PUBG Corporation,"PUBG Corporation,PUBG Corporation",1,1,0,0,0,0,0,0,0,0,1,0,0,1,0,1,0,0,0,0,0,0,1,0,0,0,1,0
2008.0,,1,19.99,0,Spiderweb Software,"Spiderweb Software,Spiderweb Software",0,0,0,1,1,0,1,0,0,0,0,0,0,0,1,0,1,1,0,0,0,0,0,0,0,0,0,0
2006.0,,1,,0,SDEnterNET,"Naiadgames,Naiadgames",0,0,0,0,1,1,1,0,0,1,1,0,0,0,0,0,1,1,0,1,0,0,1,0,0,0,1,1
2015.0,20.0,0,2.99,0,Orlyapps,"Orlyapps,Orlyapps",1,0,0,1,0,0,0,0,0,0,0,0,0,1,1,0,0,0,0,0,0,0,1,0,0,0,0,0
2010.0,33.0,0,,0,Source Studio Ltd.,"Source Studio Ltd.,Source Studio Ltd.",1,0,0,1,0,0,0,0,0,0,0,0,0,1,1,0,0,0,0,0,0,0,0,0,0,0,0,0
2016.0,,1,49.99,0,Panzar Studio,"OVALIS INVESTMENTS LIMITED,OVALIS INVESTMENTS LIMITED",1,0,0,0,1,0,0,0,0,1,1,0,0,1,0,0,1,0,0,0,0,0,1,0,0,0,0,1
2015.0,5.0,0,4.99,0,zemaGamez,"zemaGamez,zemaGamez",1,1,0,1,0,0,0,0,0,0,0,0,0,1,1,1,0,0,0,0,0,0,0,0,0,0,0,0
2019.0,11.0,0,0.0,1,FreezeNova,"FreezeNova,FreezeNova",1,0,0,1,0,0,0,0,0,1,0,0,0,1,1,0,0,0,0,0,0,0,1,1,1,0,1,0
2017.0,20.0,0,10.99,0,"Sebastian Nigro,Panos Tzimas","EmberWulf,EmberWulf",0,0,1,1,0,1,0,0,0,0,0,0,0,0,1,0,0,0,1,1,0,0,0,0,0,0,0,0
2016.0,28.0,0,12.99,0,Nova-box,"Nova-box,Nova-box",0,0,0,1,0,0,0,0,0,0,0,0,0,0,1,1,0,0,0,0,0,0,0,0,0,1,0,0
2019.0,31.0,0,14.99,0,Nerd Commando Game Studios,"Nerd Commando Game Studios,Nerd Commando Game Studios",1,1,1,1,1,0,0,0,0,0,0,1,0,1,1,1,1,0,1,0,0,0,0,0,0,0,0,0
2011.0,,1,19.99,0,Bohemia Interactive,"Bohemia Interactive,Bohemia Interactive",0,0,0,0,0,1,0,0,0,0,0,0,0,0,0,0,0,0,0,1,0,0,0,0,0,0,1,0
2018.0,20.0,0,14.99,0,Brave Giant LTD,"Artifex Mundi,Artifex Mundi",0,1,1,0,0,0,0,0,0,0,0,0,0,0,1,1,0,0,1,0,0,0,0,0,0,1,0,0
2017.0,19.0,0,6.99,0,Dev9k,"Dev9k,Dev9k",1,1,0,1,0,0,0,1,1,0,0,0,0,1,1,1,0,0,0,0,1,1,0,0,0,0,0,0
2018.0,3.0,0,2.99,0,Flying Islands Team,"Flying Islands Team,Flying Islands Team",0,0,1,1,0,0,0,0,0,0,0,0,0,0,1,1,0,0,1,0,0,0,0,0,0,1,0,0
2017.0,,1,1.99,0,Rooster Teeth Games,"Rooster Teeth Games,Rooster Teeth Games",1,1,0,1,0,0,0,0,0,0,0,0,0,1,1,1,0,0,0,0,0,0,0,0,0,0,0,0
2006.0,,1,12.99,0,Relic Entertainment,"SEGA,SEGA",0,0,0,0,0,0,1,0,0,0,0,0,0,1,0,0,0,1,0,0,0,0,1,0,0,1,1,1
2015.0,2.0,0,,0,Yash Future Tech Solutions Pvt Ltd,"Yash Future Tech Solutions Pvt Ltd,Yash Future Tech Solutions Pvt Ltd",1,1,0,1,0,0,0,0,0,0,0,0,0,1,1,1,0,0,0,0,0,0,0,0,0,0,0,0
2016.0,30.0,0,4.99,0,Far Mills,"RunServer,RunServer",0,1,1,0,0,0,0,0,0,0,0,0,0,0,1,1,0,0,1,0,0,0,0,0,0,1,0,0
2016.0,,1,0.99,0,,,0,0,1,1,0,1,1,0,0,0,0,0,0,0,1,0,0,1,1,1,0,0,0,0,0,0,0,0
2017.0,28.0,0,19.99,0,"Nippon Ichi Software, Inc.","NIS America, Inc.,NIS America, Inc.",0,1,0,0,0,0,1,0,0,0,0,0,0,0,0,1,0,1,0,0,0,0,0,0,0,0,0,0
2017.0,,1,4.99,0,"KxONE,Andrew Drumov,starmops","starmops,starmops",1,1,0,1,0,0,0,0,0,0,0,0,0,1,1,1,0,0,0,0,0,0,0,0,0,0,0,0
2015.0,,1,9.99,0,SmashGames,"SmashGames,SmashGames",1,1,0,1,1,0,0,0,0,0,0,0,0,1,1,1,1,0,0,0,0,0,1,0,0,1,1,1
2018.0,12.0,0,9.99,0,Xform,"Xform,Xform",1,0,0,1,0,0,0,0,1,0,0,0,0,1,1,0,0,0,0,0,0,1,0,0,1,1,0,0
2012.0,15.0,0,9.99,0,SEGA,"SEGA,SEGA",1,0,0,0,0,0,0,0,0,0,0,0,0,1,0,1,0,0,0,0,0,1,1,0,0,1,1,1
2015.0,38.0,0,,0,Retrific,"Retrific,Retrific",1,1,1,1,0,0,0,0,1,0,0,0,0,1,1,1,0,0,1,0,0,1,0,0,0,1,0,0
2007.0,,1,4.99,0,Mindware Studios,"THQ Nordic,THQ Nordic",1,0,0,0,0,0,0,0,0,0,0,0,0,1,0,0,0,0,0,0,0,0,1,1,1,1,1,1
2018.0,,1,9.99,0,Primary Orbit,"Primary Orbit,Primary Orbit",0,1,0,1,1,0,0,0,0,0,0,0,0,0,1,1,1,0,0,0,0,0,0,0,0,0,0,0
2018.0,14.0,0,39.99,0,Evil Twin Artworks,"Evil Twin Artworks,Evil Twin Artworks",1,0,0,1,0,1,1,0,0,0,0,0,0,1,1,1,0,1,0,1,0,0,0,0,0,0,0,0
2016.0,12.0,0,9.99,0,Outsider Games,"Outsider Games,Outsider Games",0,1,0,1,0,0,0,0,0,0,0,0,0,0,1,1,0,0,0,0,0,0,0,0,0,1,0,0
2014.0,12.0,0,9.99,0,Abstraction Games,"Midnight City,Majesco Entertainment,Midnight City,Majesco Entertainment",1,0,0,0,0,0,0,0,0,0,0,0,0,1,1,0,0,0,0,0,0,0,0,0,0,1,1,0
2017.0,14.0,0,7.99,0,"Sports Mogul, Inc.","Sports Mogul, Inc.,Sports Mogul, Inc.",0,0,1,0,0,1,1,1,0,0,0,0,0,0,0,0,0,1,1,1,1,0,0,0,0,0,0,0
2019.0,,1,2.99,0,3Division,"3Division,3Division",0,0,0,1,0,1,1,0,0,0,0,0,0,0,1,0,0,1,0,1,0,0,0,0,0,0,0,0
2018.0,,1,5.99,0,"BANDAI NAMCO Studios,Dimps Corporation","BANDAI NAMCO Entertainment,BANDAI NAMCO Entertainment",1,0,0,0,0,0,0,0,0,0,0,0,0,1,0,0,0,0,0,0,0,0,0,0,0,0,0,0
2018.0,13.0,0,9.99,0,Winged Cloud,"Winged Cloud,Winged Cloud",0,0,0,0,0,1,0,0,0,0,0,0,0,0,0,0,0,0,0,1,0,0,0,0,0,0,0,0
2015.0,8.0,0,9.99,0,Paul Cuisset,"Microids,Microids",0,1,0,1,0,0,0,0,0,0,0,0,0,0,1,1,0,0,0,0,0,0,0,0,0,0,0,0
2016.0,14.0,0,7.99,0,Myron Software,"Myron Software,Myron Software",0,0,0,1,0,1,1,0,0,0,0,1,0,0,1,0,0,1,0,1,0,0,0,0,0,0,0,0
2016.0,25.0,0,4.99,0,Just1337 Studio,"Just1337 Publisher,Just1337 Publisher",1,1,1,1,0,0,1,0,0,0,0,0,0,1,1,1,0,1,1,0,0,0,0,0,0,0,0,0
2007.0,,1,2.99,0,DVS,"1C Entertainment,1C Entertainment",0,0,0,0,1,0,1,0,0,0,0,0,0,0,0,0,1,1,0,0,0,0,0,0,0,1,0,1
2013.0,,1,2.99,0,Zen Studios,,1,0,0,1,0,0,1,0,0,0,0,0,0,1,1,0,0,1,0,0,0,0,0,0,0,0,0,0
2010.0,12.0,0,9.99,0,Crystal Dynamics,"Square Enix,Square Enix",1,1,0,0,0,0,0,0,0,0,0,0,0,1,0,1,0,0,0,0,0,0,1,0,1,1,1,1
2014.0,50.0,0,11.99,0,Reality Twist GmbH,"rondomedia GmbH,rondomedia GmbH",1,0,0,0,0,1,0,0,0,0,0,0,0,1,0,0,0,0,0,1,0,0,0,0,0,0,0,0
2017.0,50.0,0,0.0,1,SandorHQ,"SandorHQ,SandorHQ",0,0,1,0,0,0,0,0,0,0,0,0,0,0,0,0,0,0,1,0,0,0,0,0,0,0,0,0
2014.0,12.0,0,,0,Bernt Andreas Eide,"Bernt Andreas Eide,Bernt Andreas Eide",1,1,0,1,0,0,0,0,0,1,0,0,0,1,1,1,0,0,0,0,0,0,1,1,1,1,1,1
2016.0,,1,9.99,0,Elephant Games,"Big Fish Games,Big Fish Games",0,1,1,0,0,0,0,0,0,0,0,0,0,0,0,1,0,0,1,0,0,0,0,0,0,0,0,0
2008.0,,1,9.99,0,MumboJumbo,"MumboJumbo,MumboJumbo",0,0,1,0,0,0,0,0,0,0,0,0,0,0,0,0,0,0,1,0,0,0,0,0,0,0,0,0
2018.0,34.0,0,19.99,0,Idea Factory,"Ghostlight LTD,Ghostlight LTD",0,1,0,0,1,0,1,0,0,0,0,0,0,0,0,1,1,1,0,0,0,0,0,0,0,0,0,0
2013.0,,1,0.99,0,"Crystal Dynamics,Feral Interactive (Mac),Feral Interactive (Linux)","Square Enix,Feral Interactive (Mac),Feral Interactive (Linux),Square Enix,Feral Interactive (Mac),Feral Interactive (Linux)",1,1,0,0,0,0,0,0,0,0,0,0,0,1,0,1,0,0,0,0,0,0,0,0,0,0,0,0
2015.0,,1,4.99,0,Ian Isaro,"GrabTheGames,GrabTheGames",0,0,0,1,1,1,0,0,0,0,0,0,0,0,1,1,1,0,0,1,0,0,0,0,0,1,1,0
2010.0,,1,9.99,0,Blendo Games,"Blendo Games,Blendo Games",0,1,0,1,0,0,1,0,0,0,0,0,0,0,1,1,0,1,0,0,0,0,0,0,0,0,0,0
2018.0,,1,4.99,0,CheckPoint Organisation Ltd,,0,0,0,0,0,0,0,0,0,0,0,0,0,0,0,0,0,0,0,0,0,0,0,0,0,0,0,0
2018.0,,1,5.99,0,"Stardock Entertainment,Oxide Games","Stardock Entertainment,Stardock Entertainment",0,0,0,1,0,1,1,0,0,0,0,0,0,0,1,0,0,1,0,1,0,0,0,0,0,0,0,0
2019.0,,1,14.99,0,Landfall,"Landfall,Landfall",0,0,0,1,0,1,1,0,0,0,0,1,0,1,1,1,0,1,1,1,0,0,0,0,0,1,1,1
2010.0,,1,4.99,0,Bethesda Game Studios,"Bethesda Softworks,Bethesda Softworks",0,0,0,0,1,0,0,0,0,0,0,0,0,0,0,0,1,0,0,0,0,0,0,0,0,0,0,0
2017.0,,1,1.99,0,Andy Howard Games,"Andy Howard Games,Andy Howard Games",0,1,1,1,0,0,0,0,0,0,0,0,0,0,1,1,0,0,1,0,0,0,0,0,0,1,0,0
2018.0,52.0,0,0.99,0,Angry games,"Angry games,Angry games",0,1,1,1,0,0,0,0,0,0,0,0,0,0,1,1,0,0,1,0,0,0,0,0,0,0,0,0
2017.0,33.0,0,29.99,0,Team 6,"Maximum Games,Maximum Games",1,0,0,0,0,0,0,0,1,0,0,0,0,1,0,0,0,0,0,0,0,1,0,0,0,0,0,0
2016.0,,1,,0,Evocat Games,"Kajak Games,Kajak Games",1,0,0,1,0,0,0,0,0,0,0,0,0,1,1,0,0,0,0,0,0,0,1,0,0,0,0,0
2019.0,,1,,0,SunshineOvercast,"SunshineOvercast,SunshineOvercast",0,0,1,1,1,0,0,0,0,1,0,0,0,0,1,0,1,0,1,0,0,0,0,0,0,0,0,0
2017.0,21.0,0,3.99,0,Vyacheslav Shilikhin,"Vyacheslav Shilikhin,Vyacheslav Shilikhin",0,1,1,1,0,1,0,0,0,0,0,0,0,0,1,1,0,0,1,1,0,0,0,0,0,0,0,0
2019.0,,1,3.99,0,Expansive Worlds,"Avalanche Studios,Avalanche Studios",0,1,0,0,0,1,0,1,0,0,0,0,0,0,0,1,0,0,0,1,1,0,0,0,0,0,0,0
2019.0,16.0,0,19.99,0,Benjamin Rommel Games,"Benjamin Rommel Games,Benjamin Rommel Games",1,1,1,1,0,1,1,0,0,0,0,0,0,1,1,1,1,1,1,1,0,0,0,0,0,0,0,0
2010.0,40.0,0,1.99,0,Red Chain Games Ltd.,"Red Chain Games Ltd.,Red Chain Games Ltd.",0,0,1,1,0,0,0,0,0,0,0,0,0,0,1,0,0,0,1,0,0,0,0,0,0,0,0,0
2017.0,11.0,0,6.99,0,Toxic Dog,"Toxic Dog,Toxic Dog",1,0,0,1,0,0,0,0,0,0,0,0,0,1,1,0,0,0,0,0,0,0,1,0,0,0,0,0
2015.0,29.0,0,2.99,0,Sneaky Mammoth,"SOEDESCO Publishing,SOEDESCO Publishing",1,1,0,1,0,0,0,0,0,0,0,0,0,1,1,1,0,0,0,0,0,0,1,0,0,1,0,1
2015.0,99.0,0,9.99,0,Atypical Games,"Atypical Games,Atypical Games",1,0,0,1,0,1,0,0,0,0,0,0,0,1,1,0,0,0,0,1,0,0,1,0,0,0,0,0
2015.0,25.0,0,9.99,0,RosePortal Games,"Aldorlea Games,Aldorlea Games",0,1,1,1,1,0,1,0,0,0,0,0,0,0,1,1,1,1,1,0,0,0,0,0,0,0,0,0
2018.0,15.0,0,19.99,0,PanicBarn,"No More Robots,No More Robots",0,1,0,0,1,1,0,0,0,0,0,0,0,0,1,1,1,0,0,1,0,0,0,0,0,1,1,1
2017.0,31.0,0,1.99,0,Growing Grass Studio,"Growing Grass Studio,Growing Grass Studio",0,0,1,1,0,0,1,0,0,0,0,0,0,0,1,0,0,1,1,0,0,0,0,0,0,0,0,0
2013.0,,1,2.99,0,Mirball Games,"Alawar Entertainment,Alawar Entertainment",0,0,1,0,0,0,0,0,0,0,0,0,0,0,0,0,0,0,1,0,0,0,0,0,0,1,0,0
2016.0,28.0,0,1.99,0,Mehsoft,"Mehsoft,Mehsoft",0,1,0,1,0,0,0,0,0,0,0,0,0,1,1,1,1,0,0,0,0,0,0,0,0,1,1,1
2015.0,,1,3.99,0,Haemimont Games,"Kalypso Media Digital,Kalypso Media Digital",0,0,0,0,1,1,1,0,0,0,0,0,0,0,0,0,1,1,0,1,0,0,0,0,0,0,0,0
2017.0,,1,19.99,0,Paradox Development Studio,"Paradox Interactive,Paradox Interactive",0,0,0,0,0,1,1,0,0,0,0,0,0,0,0,0,0,1,0,1,0,0,0,0,0,0,0,0
2016.0,38.0,0,,0,Choice of Games,"Choice of Games,Choice of Games",0,1,0,1,1,0,0,0,0,0,0,0,0,0,1,1,1,0,0,0,0,0,0,0,0,0,0,0
2014.0,26.0,0,9.99,0,WayForward,"WayForward,WayForward",1,1,0,1,0,0,0,0,0,0,0,0,0,1,1,1,0,0,0,0,0,0,0,0,0,1,1,0
2017.0,,1,0.0,1,vextro,"vextro,vextro",0,1,0,1,0,1,0,0,0,1,0,0,0,0,1,1,0,0,0,1,0,0,0,0,0,0,1,0
2014.0,48.0,0,9.99,0,Milestone S.r.l.,"Plug In Digital,Milestone S.r.l.,Plug In Digital,Milestone S.r.l.",0,0,0,0,0,1,0,1,1,0,0,0,0,1,0,1,0,0,0,1,1,1,1,0,0,1,1,1
2018.0,3.0,0,24.99,0,Wilhelmsen Studios,"Wilhelmsen Studios,Wilhelmsen Studios",0,0,0,0,0,1,0,0,0,0,0,1,0,0,0,0,0,0,0,1,0,0,0,0,0,0,0,0
2017.0,,1,,0,SolarByte,"SolarByte,SolarByte",0,0,0,1,0,0,0,0,0,1,0,0,0,0,1,0,0,0,0,0,0,0,0,0,0,0,0,0
2018.0,27.0,0,19.99,0,The Behemoth,"The Behemoth,The Behemoth",1,0,0,1,1,0,1,0,0,0,0,0,0,1,1,1,1,1,1,0,0,0,1,0,0,1,1,1
2017.0,5000.0,0,,0,Ripknot Systems,"Ripknot Systems,Ripknot Systems",0,0,1,1,0,1,1,0,0,0,0,0,0,0,1,0,0,1,1,1,0,0,0,0,0,1,0,0
2014.0,242.0,0,6.99,0,Nomad Games,"Asmodee Digital,Asmodee Digital",0,0,0,1,1,0,1,0,0,0,0,0,0,0,1,1,1,1,1,0,0,0,1,0,0,1,1,1
2011.0,33.0,0,9.99,0,Waterlily Games,"Frogwares,Frogwares",0,1,1,0,0,0,0,0,0,0,0,0,0,0,0,1,0,0,1,0,0,0,0,0,0,0,0,0
2012.0,,1,4.99,0,Paradox Interactive,"Paradox Interactive,Paradox Interactive",0,0,0,0,0,0,1,0,0,0,0,0,0,0,0,0,0,1,0,0,0,0,0,0,0,0,0,0
2014.0,30.0,0,76.95,0,The Behemoth,"The Behemoth,The Behemoth",1,1,1,1,0,0,0,0,0,0,0,0,0,1,1,1,0,0,1,0,0,0,1,0,0,1,1,1
2017.0,,1,0.0,1,AMPLITUDE Studios,"SEGA,SEGA",0,0,0,0,0,0,1,0,0,0,0,0,0,0,0,0,0,1,0,0,0,0,0,0,0,0,0,0
2014.0,,1,17.99,0,Copybugpaste,"Copybugpaste,Copybugpaste",1,0,0,1,0,1,0,0,1,0,0,1,0,1,1,1,0,0,0,1,1,1,1,0,0,0,1,0
2016.0,58.0,0,9.99,0,Childish Things,"KISS ltd,KISS ltd",0,0,0,0,0,1,0,1,0,0,0,0,0,0,0,0,0,0,0,1,1,0,0,0,0,0,0,0
2018.0,21.0,0,11.99,0,Breakfall,"Breakfall,Breakfall",1,1,1,1,0,0,0,0,0,0,0,0,0,1,1,1,0,0,1,0,0,0,0,0,0,1,0,0
2011.0,,1,1.99,0,Trendy Entertainment,"Trendy Entertainment,Trendy Entertainment",1,0,0,1,1,0,0,0,0,0,0,0,0,1,1,0,1,0,0,0,0,0,0,0,0,0,0,0
2013.0,41.0,0,14.99,0,"United Independent Entertainment GmbH,Crafty Studios","United Independent Entertainment GmbH,United Independent Entertainment GmbH",0,1,0,1,1,0,0,0,0,0,0,0,0,0,1,1,1,0,0,0,0,0,0,0,0,1,0,0
2017.0,,1,19.99,0,Dovetail Games,"Dovetail Games - Trains,Dovetail Games - Trains",0,0,0,0,0,1,0,0,0,0,0,0,0,0,0,0,0,0,0,1,0,0,0,0,0,0,0,0
2018.0,,1,19.99,0,Eversim,,0,0,0,0,0,1,1,0,0,0,0,0,0,0,0,0,0,1,0,1,0,0,0,0,0,0,0,0
2016.0,20.0,0,0.99,0,Arzola's,"Arzola's,Arzola's",0,0,1,1,0,0,1,0,0,0,0,0,0,0,1,0,0,1,1,0,0,0,0,0,0,1,1,0
2016.0,,1,0.0,1,treeform,"treeform,treeform",0,0,0,1,0,0,1,0,0,1,0,0,0,0,1,0,0,1,0,0,0,0,1,0,0,1,1,1
2017.0,41.0,0,29.99,0,Daedalic Entertainment,"Daedalic Entertainment,Daedalic Entertainment",0,1,1,1,0,0,0,0,0,0,0,0,0,0,1,1,0,0,1,0,0,0,0,0,0,1,1,1
2017.0,25.0,0,96.28,0,"Nikita ""Ghost_RUS"",Underanger TheGachiWarrior","Ghost_RUS Games,Ghost_RUS Games",0,0,1,1,0,1,0,0,0,0,0,0,0,0,1,0,0,0,1,1,0,0,0,0,0,0,0,0
2017.0,41.0,0,9.99,0,"Playmous,EON Games","Playmous,Plug In Digital,Playmous,Plug In Digital",0,0,1,1,0,0,0,0,0,0,0,0,0,0,1,0,0,0,1,0,0,0,0,0,0,0,0,0
2016.0,100.0,0,1.99,0,Sharpened Edge Studios,,1,0,0,1,0,0,1,0,0,0,0,0,0,1,1,0,0,1,0,0,0,0,0,0,1,1,1,0
2015.0,11.0,0,0.99,0,SRF Games,"SRF Games,SRF Games",0,0,1,1,0,0,0,0,0,0,0,0,0,0,1,0,0,0,1,0,0,0,0,0,0,0,0,0
2011.0,60.0,0,29.99,0,Relic,"SEGA,SEGA",1,0,0,0,0,0,0,0,0,0,0,0,0,1,0,1,0,0,0,0,0,0,1,0,1,1,1,1
2018.0,49.0,0,1.99,0,JollyCo,"JollyCo,JollyCo",0,0,1,1,0,0,1,0,0,0,0,0,0,0,1,0,0,1,1,0,0,0,0,0,0,0,0,0
2019.0,,1,5.99,0,Denys Li,"Denys Li,Denys Li",1,0,0,0,0,1,0,0,0,0,0,1,0,1,0,0,0,0,0,1,0,0,0,0,0,0,0,0
2016.0,,1,9.99,0,illuCalab,"Sekai Project,Sekai Project",0,1,1,1,1,0,0,0,0,0,0,0,0,0,1,1,1,0,1,0,0,0,0,0,0,0,0,0
2019.0,43.0,0,24.99,0,Mega Crit Games,"Mega Crit Games,Mega Crit Games",0,0,0,1,0,0,1,0,0,0,0,0,0,0,1,0,1,1,1,0,0,0,1,0,0,1,1,1
2018.0,,1,1.99,0,"Ryu Productions Co., Ltd","Gamera Game,Gamera Game",0,0,0,1,0,0,0,0,0,0,0,0,0,0,1,0,0,0,0,0,0,0,0,0,0,0,0,0
2019.0,,1,6.99,0,PioGame,"FatFaceCat,FatFaceCat",0,0,1,1,0,1,0,0,0,0,0,1,0,0,1,0,0,0,1,1,0,0,0,0,0,0,0,0
2018.0,18.0,0,5.99,0,Bithell Games,"Bithell Games,Bithell Games",0,1,1,1,0,0,0,0,0,0,0,0,0,0,1,1,0,0,1,0,0,0,0,0,0,0,0,0
2015.0,,1,1.99,0,"MidBoss, LLC.",,0,0,0,0,0,0,0,0,0,0,0,0,0,0,1,0,0,0,1,0,0,0,0,0,0,0,0,0
2018.0,5.0,0,0.99,0,"Nikita ""Ghost_RUS""","Ghost_RUS Games,Ghost_RUS Games",0,0,1,1,0,1,0,0,0,0,0,0,0,0,1,0,0,0,1,1,0,0,0,0,0,0,0,0
2019.0,100.0,0,,0,Aleksandr Golovkin,"Aleksandr Golovkin,Aleksandr Golovkin",0,0,0,1,0,0,1,0,0,1,0,1,0,0,1,0,0,1,0,0,0,0,0,0,0,1,0,0
2018.0,,1,,0,"TALESSHOP Co., Ltd.","TALESSHOP Co., Ltd.,TALESSHOP Co., Ltd.",0,1,1,1,0,0,0,0,0,1,0,0,0,0,1,1,0,0,1,0,0,0,0,0,0,0,1,0
2013.0,,1,,0,"Gearbox Software,Aspyr (Mac),Aspyr (Linux)","2K,Aspyr (Mac),Aspyr (Linux),2K,Aspyr (Mac),Aspyr (Linux)",1,0,0,0,1,0,0,0,0,0,0,0,0,1,0,0,1,0,0,0,0,0,0,0,0,0,0,0
2018.0,13.0,0,1.99,0,Ominous Entertainment,"Ominous Entertainment,Ominous Entertainment",1,0,0,1,0,0,0,0,0,0,0,0,0,1,1,0,0,0,0,0,0,0,0,0,1,1,0,0
2017.0,,1,7.49,0,Abbey Games,"Abbey Games,Abbey Games",0,1,0,1,1,0,1,0,0,0,0,0,0,0,1,1,1,1,0,0,0,0,0,0,0,0,0,0
2017.0,,1,0.99,0,夢かき屋,"Paradise Project,Paradise Project",0,1,0,1,0,0,0,0,0,0,0,0,0,0,1,1,0,0,0,0,0,0,0,0,0,0,1,0
2019.0,100.0,0,0.99,0,Easy game,"Game for people,Game for people",1,0,0,1,0,0,1,0,0,0,0,0,0,1,1,0,0,1,0,0,0,0,0,0,0,0,0,0
2016.0,,1,4.99,0,Little Freedom Factory,"United Independent Entertainment GmbH,United Independent Entertainment GmbH",0,0,0,0,0,1,0,0,0,0,0,0,0,0,0,0,0,0,0,1,0,0,0,0,0,0,0,0
2011.0,,1,2.99,0,Zeboyd Games,"Zeboyd Games,Zeboyd Games",0,0,0,1,1,0,0,0,0,0,0,0,0,0,1,1,1,0,0,0,0,0,0,0,0,1,1,1
2017.0,,1,39.99,0,"Acoustica, Inc.","Acoustica, Inc.,Acoustica, Inc.",0,0,0,0,0,0,0,0,0,0,0,0,1,0,0,0,0,0,0,0,0,0,0,0,0,0,0,0
2018.0,,1,14.99,0,"Jundroo, LLC","Jundroo, LLC,Jundroo, LLC",0,0,0,1,0,1,0,0,0,0,0,1,0,0,1,0,0,0,0,1,0,0,0,0,0,0,1,0
2017.0,64.0,0,8.99,0,Windybeard,"Windybeard,Windybeard",0,1,0,1,0,1,0,0,0,0,0,0,0,0,1,1,0,0,0,1,0,0,0,0,0,0,0,0
2019.0,26.0,0,,0,MAGES. Inc.,"Spike Chunsoft Co., Ltd.,Spike Chunsoft Co., Ltd.",0,1,0,0,0,0,0,0,0,0,0,0,0,0,0,1,0,0,0,0,0,0,0,0,0,1,0,0
2017.0,,1,29.99,0,"Boundless Dynamics, LLC","Boundless Dynamics, LLC,Boundless Dynamics, LLC",1,0,0,1,0,1,0,0,0,0,0,1,0,1,1,0,0,0,0,1,0,0,0,0,0,0,1,0
2008.0,,1,,0,Edmund McMillen and Florian Himsl,,0,0,1,1,0,0,0,0,0,0,0,0,0,0,1,0,0,0,1,0,0,0,0,0,0,0,0,0
2019.0,11.0,0,29.99,0,Harmorise,"Sol Press,Sol Press",0,1,0,1,1,0,0,0,0,0,0,0,0,0,1,1,1,0,0,0,0,0,0,0,0,1,0,0
2017.0,,1,17.99,0,Crate Entertainment,,1,1,0,1,1,0,0,0,0,0,0,0,0,1,1,1,1,0,0,0,0,0,0,0,0,0,1,0
2017.0,,1,5.99,0,VGstudio,"VGstudio,VGstudio",1,1,0,1,0,0,0,0,0,0,0,0,0,1,1,1,0,0,0,0,0,0,0,0,0,0,0,0
2018.0,,1,9.99,0,The Sherrinford,"The Sherrinford,The Sherrinford",0,0,0,0,0,1,0,0,0,0,0,0,0,0,0,0,0,1,0,1,0,0,0,0,0,0,0,0
2018.0,,1,10.99,0,Rati Wattanakornprasit,"Rati Wattanakornprasit,Rati Wattanakornprasit",1,1,0,1,0,1,0,0,0,0,0,1,0,1,1,1,0,0,0,1,0,0,0,1,0,1,1,0
2019.0,8.0,0,4.99,0,Charlie Fleed,"Charlie Fleed,Charlie Fleed",0,0,0,1,1,0,1,0,0,0,0,0,0,0,1,0,1,1,0,0,0,0,1,0,0,1,0,1
2016.0,,1,4.99,0,ProGames Studio,"ProGames Studio,ProGames Studio",1,0,0,0,0,0,0,0,0,0,0,1,0,1,0,0,0,0,1,1,1,0,1,1,1,1,1,1
2016.0,54.0,0,14.99,0,Dodge Roll,"Devolver Digital,Devolver Digital",1,1,0,1,0,0,0,0,0,0,0,0,0,1,1,1,0,0,0,0,0,0,1,0,1,0,1,1
2019.0,9.0,0,,0,Phantom8 Studio,"Phantom8 Studio,Phantom8 Studio",1,0,1,1,0,0,0,0,0,1,0,1,0,1,1,0,0,0,1,0,0,0,1,0,0,0,0,0
2017.0,,1,1.99,0,Siactro,"Siactro,Siactro",1,0,0,1,0,0,0,0,0,0,0,0,0,1,1,0,0,0,0,0,0,0,0,0,0,0,0,0
2018.0,,1,79.99,0,"Six Foot,YAGER","Grey Box,Grey Box",1,0,0,0,0,0,0,0,0,1,1,0,0,1,0,0,0,0,0,0,0,0,1,0,0,0,0,0
2017.0,30.0,0,14.99,0,Telltale Games,"Telltale Games,Telltale Games",0,1,0,0,0,0,0,0,0,0,0,0,0,1,0,1,0,0,0,0,0,0,0,0,0,1,1,0
2017.0,36.0,0,,0,GB Patch Games,"GB Patch Games,GB Patch Games",0,0,1,1,0,1,0,0,0,0,0,0,0,0,1,0,0,0,1,1,0,0,0,0,0,0,0,0
2011.0,47.0,0,19.99,0,"Kaos Studios,Digital Extremes","Deep Silver,Deep Silver",1,0,0,0,0,0,0,0,0,0,0,0,0,1,0,1,0,0,0,0,0,0,1,1,1,1,1,1
2014.0,39.0,0,9.99,0,"Holy Warp,Black Wing Foundation","KISS ltd,Holy Warp,KISS ltd,Holy Warp",1,0,0,1,0,0,0,0,0,0,0,0,0,1,1,0,0,0,0,0,0,0,0,0,1,1,0,0
2017.0,16.0,0,4.99,0,Team OctoPoodle,"Team OctoPoodle,Team OctoPoodle",1,1,0,1,1,0,0,0,0,0,0,0,0,1,1,1,1,0,0,0,0,0,0,0,0,0,0,0
2017.0,21.0,0,9.99,0,Andrew Morrish,"Adult Swim Games,Adult Swim Games",0,1,0,0,1,1,0,0,0,0,0,0,0,0,1,1,1,0,0,1,0,0,0,0,0,0,1,0
2018.0,27.0,0,14.99,0,Laina Interactive,"Laina Interactive,Laina Interactive",1,0,0,1,0,0,0,0,0,0,0,0,0,1,1,0,0,0,0,0,0,0,0,0,1,1,0,0
2019.0,,1,0.0,1,Wrestler,"WREDA,WREDA",0,1,1,1,0,1,0,0,0,1,0,0,0,0,1,1,0,0,1,1,0,0,0,0,0,0,0,0
2016.0,6.0,0,2.99,0,VirtualRock VR,"VirtualRock VR,VirtualRock VR",1,0,1,1,0,0,0,0,0,0,0,0,0,1,1,0,0,0,1,0,0,0,0,0,0,0,0,0
2018.0,47.0,0,49.99,0,"ILINX, Inc.","BANDAI NAMCO Entertainment,BANDAI NAMCO Entertainment",1,0,0,0,0,0,0,0,0,0,0,0,0,1,0,0,0,0,0,0,0,0,1,0,1,0,0,0
2016.0,12.0,0,,0,Winter Wolves,"Winter Wolves,Winter Wolves",0,1,1,1,0,0,0,0,0,0,0,0,0,0,1,1,0,0,1,0,0,0,0,0,0,1,0,0
2015.0,27.0,0,139.83,0,"Chu-3,Bakufu Narayama","ROSEVERTE,ROSEVERTE",0,1,1,1,0,1,0,0,0,0,0,0,0,0,1,1,0,0,1,1,0,0,0,0,0,0,0,1
2015.0,12.0,0,9.99,0,Yanim Studio,"Yanim Studio,Yanim Studio",1,1,0,1,0,0,0,0,0,0,0,0,0,1,1,1,0,0,0,0,0,0,0,0,0,0,0,0
2019.0,31.0,0,19.99,0,"2Play,Prasius","2Play,2Play",1,1,1,1,0,0,0,0,0,0,0,0,0,1,1,1,0,0,1,0,0,0,1,0,0,0,0,0
2011.0,25.0,0,9.99,0,Murudai,"Murudai,Murudai",0,0,1,1,0,0,0,0,0,0,0,0,0,0,1,0,0,0,1,1,0,0,0,0,0,1,1,1
2018.0,,1,45.96,0,"Vaka Game Magazine,KANAWO","Vaka Game Magazine,AGM PLAYISM,Vaka Game Magazine,AGM PLAYISM",0,1,0,1,1,0,0,0,0,0,0,0,0,0,1,1,1,0,1,0,0,0,0,0,0,1,1,0
2018.0,,1,0.99,0,evlavv_studio,"evlavv_studio,evlavv_studio",1,1,1,1,1,1,1,0,0,0,0,0,0,1,1,1,1,1,1,1,0,0,0,0,0,1,0,0
2018.0,,1,0.0,1,Triggered Studios,"Triggered Studios,NHTV Breda University of Applied Sciences,Triggered Studios,NHTV Breda University of Applied Sciences",1,1,0,1,0,0,0,0,0,0,0,0,0,1,1,1,0,0,0,0,0,0,0,0,0,0,0,0
2017.0,,1,4.99,0,Blue Entropy Studios,"Blue Entropy Studios,Blue Entropy Studios",1,1,1,1,0,0,1,0,0,0,0,0,0,1,1,1,0,1,1,0,0,0,0,0,0,0,0,0
2007.0,,1,9.99,0,Firaxis Games,"2K,2K",0,0,0,0,0,0,1,0,0,0,0,0,0,0,0,0,0,1,0,0,0,0,1,0,0,1,1,1
2019.0,17.0,0,0.0,1,Tall Tail Studios,"Tall Tail Studios,Tall Tail Studios",0,1,0,1,1,0,0,0,0,1,0,0,0,0,1,1,1,0,0,1,0,0,0,0,0,0,0,0
2017.0,8.0,0,4.99,0,Frymore,"Frymore,Frymore",0,1,1,1,0,0,0,0,0,0,0,0,0,0,1,1,0,0,1,0,0,0,0,0,0,0,0,0
2017.0,,1,0.99,0,Yaka,"Yaka,Yaka",0,0,0,1,0,1,0,0,0,0,0,0,0,0,1,0,0,0,0,1,0,0,0,0,0,0,0,0
2016.0,13.0,0,2.99,0,Starwind Games,"Starwind Games,Starwind Games",0,1,1,1,0,0,1,0,0,0,0,0,0,0,1,1,0,1,1,0,0,0,0,0,0,0,0,0
2017.0,,1,29.99,0,Just Flight,"Dovetail Games - Flight,Dovetail Games - Flight",0,0,0,0,0,1,0,0,0,0,0,0,0,0,0,0,0,0,0,1,0,0,0,0,0,0,0,0
2017.0,,1,12.99,0,SAT-BOX,"SAT-BOX,SAT-BOX",1,0,1,1,0,0,0,1,0,0,0,0,0,1,1,0,0,0,1,1,1,1,0,0,0,0,0,0
2018.0,29.0,0,11.99,0,Volcanic Giraffe,"Volcanic Giraffe,Volcanic Giraffe",0,0,0,1,0,0,1,0,0,0,0,0,0,0,1,0,0,1,0,0,0,0,0,0,0,1,0,0
2013.0,104.0,0,57.98,0,Bohemia Interactive,"Bohemia Interactive,Bohemia Interactive",1,0,0,0,0,1,1,0,0,0,0,0,0,1,0,0,0,1,0,1,0,0,1,1,1,1,1,1
2016.0,,1,0.0,1,"Media Impact Co.,Ltd","Media Impact Co.,Ltd,Media Impact Co.,Ltd",0,0,0,0,1,0,0,0,0,1,0,1,0,0,1,0,1,0,0,0,0,0,0,0,0,0,0,0
2018.0,,1,,0,Levrage,"Levrage,Levrage",0,0,0,0,0,0,0,1,1,0,0,0,0,0,0,0,0,0,0,0,1,1,0,0,0,0,0,0
2015.0,,1,4.99,0,Might and Delight,,0,1,1,1,0,0,0,0,0,0,0,0,0,0,1,1,0,0,1,0,0,0,0,0,0,0,0,0
2011.0,,1,3.99,0,SimBin,"SimBin,SimBin",0,0,0,0,0,0,0,0,1,0,0,0,0,0,0,0,0,0,0,1,0,1,0,0,0,0,0,0
2015.0,28.0,0,21.99,0,Frozenbyte,"Frozenbyte,Frozenbyte",1,1,0,1,0,0,0,0,0,0,0,0,0,1,1,1,1,0,0,0,0,0,1,0,0,1,1,1
2011.0,,1,4.99,0,iMaxGen,"1C Entertainment,1C Entertainment",0,0,1,0,0,0,1,0,0,0,0,0,0,0,0,0,0,1,1,0,0,0,0,0,0,0,0,0
2016.0,21.0,0,3.99,0,Sun Dogs,"Siberian Digital,Siberian Digital",1,1,0,1,1,0,1,0,0,0,0,1,0,1,1,1,1,1,0,0,0,0,0,0,0,0,0,0
2011.0,,1,0.99,0,"Kaos Studios,Digital Extremes","Crytek GmbH,Crytek GmbH",1,0,0,0,0,0,0,0,0,0,0,0,0,1,0,0,0,0,0,0,0,0,0,0,0,0,0,0
2017.0,9.0,0,1.99,0,Lingtan Studio,"Lingtan Studio,Lingtan Studio",0,1,0,1,0,0,0,0,0,0,0,0,0,0,1,1,0,0,0,0,0,0,0,0,0,0,1,0
2016.0,27.0,0,4.99,0,sen,"AGM PLAYISM,AGM PLAYISM",0,1,0,1,0,0,0,0,0,0,0,0,0,0,1,1,1,0,0,0,0,0,0,0,0,1,1,0
2014.0,15.0,0,9.99,0,Midnart,"Midnart,Midnart",0,1,0,1,0,0,0,0,0,0,0,0,0,0,1,1,0,0,0,0,0,0,0,0,0,0,0,0
2016.0,16.0,0,9.99,0,Pathea Games,"Pathea Games,Pathea Games",1,1,0,1,1,1,0,0,0,0,0,0,0,1,1,1,1,0,0,1,0,0,1,0,0,1,1,1
2019.0,27.0,0,12.99,0,东方幕华祭制作组,"东方幕华祭制作组,东方幕华祭制作组",0,0,0,1,0,0,0,0,0,0,0,0,0,0,1,0,0,0,0,0,0,0,0,0,0,1,1,0
2019.0,9.0,0,0.0,1,Mika Molenkamp,"Mika Molenkamp,Mika Molenkamp",1,0,0,1,0,0,0,0,0,1,0,0,0,1,1,0,0,0,0,0,0,0,0,0,0,1,0,0
2016.0,,1,9.99,0,UL,"UL,UL",0,0,0,0,0,0,0,0,0,0,0,0,1,0,0,0,0,0,0,0,0,0,0,0,0,0,0,0
2015.0,,1,7.99,0,"CI Games,Deck 13",,1,0,0,0,1,0,0,0,0,0,0,0,0,1,0,0,1,0,0,0,0,0,0,0,0,0,0,0
2018.0,,1,,0,Games for May,"Games for May,Games for May",0,0,1,1,0,0,1,0,0,0,1,1,0,0,1,0,0,1,1,0,0,0,1,0,0,0,0,0
2017.0,3.0,0,,0,Deadline Soft,"Deadline Soft,Deadline Soft",0,0,0,1,0,0,0,0,0,0,0,0,0,0,1,0,0,0,0,0,0,0,0,0,0,0,0,0
2018.0,,1,,0,LUZSTARDOM,"LUZSTARDOM,LUZSTARDOM",0,0,1,1,0,0,0,0,0,1,0,0,0,0,1,0,0,0,1,0,0,0,0,0,0,0,0,0
2013.0,,1,1.99,0,Deep Silver Volition,"Deep Silver,Deep Silver",1,1,0,0,0,0,0,0,0,0,0,0,0,1,0,1,0,0,0,0,0,0,0,0,0,0,0,0
2013.0,,1,,0,"Gearbox Software,Aspyr (Mac),Aspyr (Linux)","2K,Aspyr (Mac),Aspyr (Linux),2K,Aspyr (Mac),Aspyr (Linux)",1,0,0,0,1,0,0,0,0,0,0,0,0,1,0,0,1,0,0,0,0,0,0,0,0,0,0,0
2016.0,,1,,0,Game Science,"Game Science,Game Science",0,0,0,1,0,0,1,0,0,1,0,1,0,1,1,1,0,1,1,0,0,0,1,0,0,1,1,1
2016.0,33.0,0,4.99,0,AK84C,"AK84C,AK84C",1,0,1,1,0,0,0,0,0,0,0,0,0,1,1,0,0,0,1,0,0,0,0,0,1,1,0,0
2016.0,,1,7.99,0,Ubisoft Montreal,,1,0,0,0,0,0,0,0,0,0,0,0,0,1,0,0,0,0,0,0,0,0,0,0,0,0,0,0
2009.0,,1,6.99,0,Absolutist Ltd.,"PlayFirst,PlayFirst",0,0,1,0,0,0,0,0,0,0,0,0,0,0,0,0,0,0,0,0,0,0,0,0,0,0,0,0
2018.0,8.0,0,1.99,0,Hollowings,"Hollowings,Hollowings",0,1,1,1,0,0,0,0,0,0,0,0,0,0,1,1,0,0,1,0,0,0,0,0,0,0,0,0
2015.0,20.0,0,7.99,0,Jake Huhman,"Jake Huhman,Jake Huhman",0,0,1,1,0,0,1,0,0,0,0,0,0,0,1,0,0,1,1,0,0,0,0,0,0,1,0,0
2017.0,,1,19.99,0,Free Lives,"Devolver Digital,Devolver Digital",1,0,0,1,0,0,0,0,0,0,0,1,0,1,1,0,0,0,0,0,0,0,1,0,0,1,1,1
2017.0,12.0,0,0.99,0,Oddrok,"Oddrok,Oddrok",1,1,0,1,0,0,0,0,1,0,0,0,0,1,1,1,0,0,0,0,0,1,0,0,0,0,0,0
2015.0,8.0,0,,0,Lei,"Lei,Lei",1,0,1,1,0,0,1,0,0,1,0,0,0,0,1,0,0,1,1,0,0,0,0,0,0,1,1,0
2016.0,,1,,0,Dodge Roll,"Devolver Digital,Devolver Digital",1,1,0,1,0,0,0,0,0,0,0,0,0,1,1,1,0,0,0,0,0,0,0,0,0,0,0,0
2015.0,27.0,0,9.99,0,Eko Software,"505 Games,505 Games",1,1,0,0,1,0,0,0,0,0,0,0,0,1,1,1,1,0,0,0,0,0,1,0,1,1,1,1
2018.0,52.0,0,19.99,0,"CAPCOM CO., LTD","CAPCOM CO., LTD,CAPCOM CO., LTD",1,0,0,0,0,0,0,0,0,0,0,0,0,1,0,0,0,0,0,0,0,0,0,0,0,1,1,0
2018.0,,1,5.99,0,MyACG Studio,"MyACG Studio,MyACG Studio",0,0,1,1,0,0,1,0,0,0,0,0,0,0,1,0,0,1,1,0,0,0,0,0,0,0,0,0
2017.0,,1,4.99,0,SCS Software,"SCS Software,SCS Software",0,0,0,1,0,1,0,0,0,0,0,0,0,0,1,0,0,0,0,1,0,0,1,0,0,0,1,0
2017.0,65.0,0,,0,SkyRiver Studios,"SkyRiver Studios,SkyRiver Studios",1,0,0,1,1,0,0,0,0,0,0,0,0,1,1,0,1,0,0,0,0,0,0,0,0,0,0,0
2018.0,109.0,0,19.99,0,ICA GAMES,"ICA GAMES,ICA GAMES",1,1,0,1,0,0,0,0,0,0,0,0,0,1,1,1,0,0,0,0,0,0,0,1,0,0,0,0
2017.0,,1,0.0,1,CoughE,"CoughE,CoughE",0,0,1,1,0,1,0,0,0,1,0,0,0,0,1,0,0,0,1,1,0,0,0,0,0,1,0,0
2018.0,,1,9.99,0,Zenz VR,"Zenz VR,Zenz VR",1,0,0,1,0,0,0,0,0,0,0,0,0,1,1,1,0,0,0,0,0,0,0,0,1,0,0,0
2017.0,7.0,0,0.99,0,waterxmelon,"Atriagames,Atriagames",0,0,1,1,0,1,0,0,0,0,0,0,0,0,1,0,0,0,1,1,0,0,0,0,0,0,0,0
2016.0,11.0,0,1.99,0,Charyb Games,"Charyb Games,Charyb Games",1,1,1,1,0,0,1,0,0,0,1,0,0,1,1,1,0,1,1,0,0,0,1,0,0,0,0,0
2018.0,24.0,0,14.97,0,Pavel Kostin,"HeroCraft,HeroCraft",0,0,0,1,0,0,0,0,0,0,0,0,0,0,1,1,0,0,0,0,0,0,0,0,0,1,0,0
2017.0,10.0,0,14.99,0,Climax Studios,"Vision Games Publishing LTD,Vision Games Publishing LTD",0,0,0,0,0,0,0,1,0,0,0,0,0,0,0,0,0,0,0,0,1,0,0,0,0,0,0,0
2016.0,53.0,0,172.67,0,FIVE-BN GAMES,"8Floor,8Floor",0,1,1,0,0,0,0,0,0,0,0,0,0,0,0,1,0,0,1,0,0,0,0,0,0,0,0,0
2015.0,,1,9.99,0,Simon Says: Play!,"Simon Says: Play!,Simon Says: Play!",0,1,0,1,0,0,0,0,0,0,0,0,0,0,1,1,0,0,0,0,0,0,0,0,0,1,0,0
2017.0,16.0,0,4.99,0,SVC Games,"SVC Games,SVC Games",1,0,0,1,0,0,0,0,0,0,0,1,0,1,1,0,0,0,0,0,0,0,0,0,0,0,0,0
2013.0,,1,,0,Space Budgie,"Space Budgie,Space Budgie",0,0,0,1,0,0,0,0,0,0,0,0,0,0,1,0,0,0,0,0,0,0,0,0,0,1,1,0
2019.0,25.0,0,12.99,0,Sand Sailor Studio,"Sand Sailor Studio,Sand Sailor Studio",1,1,1,1,0,0,0,0,0,0,0,1,0,0,1,0,0,0,1,0,0,0,1,0,1,0,0,0
2019.0,9.0,0,1.99,0,Lingtan Studio,"Lingtan Studio,Lingtan Studio",0,1,0,0,0,0,0,0,0,0,0,0,0,0,0,1,0,0,0,0,0,0,0,0,0,0,1,0
2017.0,69.0,0,1.99,0,HFM Games,"HFM Games,HFM Games",0,0,0,0,0,1,0,0,0,0,0,0,0,1,0,0,0,1,0,1,0,0,1,1,0,1,1,1
2018.0,,1,,0,Gizmo VR LTD,"Gizmo VR LTD,Gizmo VR LTD",0,0,0,0,0,0,0,0,0,0,0,0,1,0,0,0,0,0,0,0,0,0,0,0,0,0,0,0
2015.0,,1,14.99,0,One Legged Seagull,"One Legged Seagull,One Legged Seagull",0,0,0,1,0,0,0,1,1,0,0,1,0,0,1,0,0,0,0,0,1,1,1,0,0,0,0,0
2017.0,18.0,0,9.99,0,Inkline Ltd.,"Inkline Ltd.,Inkline Ltd.",0,1,1,1,0,0,0,0,0,0,0,0,0,0,1,1,0,0,1,0,0,0,0,0,0,0,0,0
2012.0,19.0,0,4.99,0,Alfred Lam,"Alfred Lam,Alfred Lam",0,0,1,1,0,0,0,0,0,0,0,0,0,0,1,0,0,0,1,0,0,0,0,0,0,0,0,0
2015.0,,1,0.0,1,IObit,"IObit,IObit",0,0,0,0,0,0,0,0,0,0,0,0,1,0,0,0,0,0,0,0,0,0,0,0,0,0,1,0
2013.0,,1,9.99,0,OVERKILL - a Starbreeze Studio.,"505 Games,505 Games",1,0,0,0,1,0,0,0,0,0,0,0,0,1,0,0,1,0,0,0,0,0,1,1,0,0,0,1
2014.0,,1,,0,Holotech Studios,,0,0,0,0,0,0,0,0,0,0,0,0,0,0,0,0,0,0,0,0,0,0,0,0,0,0,0,0
2017.0,30.0,0,9.99,0,Ska Studios,"Ska Studios,Ska Studios",1,1,0,1,1,0,0,0,0,0,0,0,0,1,1,1,1,0,0,0,0,0,0,0,0,0,1,0
2016.0,,1,14.99,0,VirtualAge,"VirtualAge,VirtualAge",1,0,0,1,0,0,0,0,0,0,0,1,0,1,1,0,0,0,0,0,0,0,0,0,0,0,0,0
2017.0,,1,0.99,0,Conan McPhee,"Catsmeat Studios,Catsmeat Studios",0,1,1,1,1,1,0,0,0,0,0,1,0,0,1,1,1,0,1,1,0,0,0,0,0,0,1,0
2017.0,12.0,0,4.99,0,Surreal Games,"Surreal Games,Surreal Games",1,0,0,1,0,1,0,1,0,0,0,1,0,1,1,0,0,0,0,1,1,0,1,0,0,0,0,0
2013.0,12.0,0,9.99,0,Polytron Corporation,"Trapdoor,Trapdoor",0,0,0,1,0,0,0,0,0,0,0,0,0,0,1,1,0,0,1,0,0,0,0,0,0,1,1,1
2009.0,,1,19.99,0,"Traveller's Tales,Feral Interactive (Mac)","LucasArts,Lucasfilm,Disney Interactive,Feral Interactive (Mac),LucasArts,Lucasfilm,Disney Interactive,Feral Interactive (Mac)",0,1,0,0,0,0,0,0,0,0,0,0,0,1,0,1,0,0,1,0,0,0,1,0,0,1,1,1
2019.0,,1,29.98,0,PinkPeachStudio,"PinkPeach,PinkPeach",1,1,1,1,1,0,0,0,0,0,0,0,0,1,1,1,1,0,1,0,0,0,0,0,0,0,0,0
2016.0,,1,9.99,0,Blue Tea Games,"Big Fish Games,Big Fish Games",0,1,1,0,0,0,0,0,0,0,0,0,0,0,0,1,0,0,1,0,0,0,0,0,0,0,0,0
2018.0,128.0,0,39.99,0,Harebrained Schemes,"Paradox Interactive,Paradox Interactive",1,1,0,0,0,0,1,0,0,0,0,0,0,1,0,1,1,1,0,0,0,0,1,0,0,1,1,1
2015.0,44.0,0,5.99,0,Ivanovich Games,"Ivanovich Games,Ivanovich Games",0,0,0,1,0,1,0,1,1,0,0,0,0,0,1,0,0,0,0,1,1,1,0,0,0,0,0,0
2019.0,,1,0.99,0,AR Gaming,"AR Gaming,AR Gaming",1,1,1,1,0,0,0,0,0,0,0,0,0,1,1,1,0,0,1,0,0,0,0,0,0,0,0,0
2018.0,,1,19.99,0,PixelFade Inc,"PixelFade Inc,PixelFade Inc",1,1,0,1,1,1,0,0,0,0,0,0,0,1,1,1,1,0,0,1,0,0,0,0,0,0,1,0
2018.0,,1,3.99,0,Intermediaware,"Intermediaware,Intermediaware",1,0,0,1,0,0,0,0,0,0,0,0,0,1,1,0,0,0,0,0,0,0,0,0,1,0,0,0
2018.0,,1,4.99,0,Arc System Works,"BANDAI NAMCO Entertainment,BANDAI NAMCO Entertainment",1,0,0,0,0,0,0,0,0,0,0,0,0,1,0,0,0,0,0,0,0,0,0,0,0,0,0,0
2017.0,,1,1.99,0,"Psyonix, Inc.","Psyonix, Inc.,Psyonix, Inc.",1,0,0,1,0,0,0,1,1,0,0,0,0,1,1,0,0,0,0,0,1,1,0,0,0,0,0,0
2017.0,93.0,0,,0,Fiveamp,"Fiveamp,Fiveamp",0,0,1,0,0,1,0,0,0,1,0,0,0,0,0,0,0,0,1,1,0,0,0,0,0,1,1,1
2018.0,13.0,0,0.0,1,"Oscar Ortigueira López,OrtiGames/OrtiSoft","OrtiGames/OrtiSoft,OrtiGames/OrtiSoft",0,0,1,1,0,0,0,0,0,0,0,0,0,0,1,0,0,0,1,0,0,0,0,0,0,0,0,0
2017.0,,1,2.99,0,"Fisher Wagg,Simon Wagg,Aaron Taylor","Stupid Massive Unbelievable Games,Stupid Massive Unbelievable Games",1,1,0,1,0,0,0,0,0,0,0,0,0,1,1,1,0,0,0,0,0,0,0,0,0,0,0,0
2019.0,,1,7.99,0,Other Side Worlds,"Other Side Worlds,Other Side Worlds",1,0,0,1,0,0,0,0,0,0,0,0,0,1,1,0,0,0,0,0,0,0,0,0,1,0,0,0
2010.0,,1,8.99,0,Bohemia Interactive,"Bohemia Interactive,Bohemia Interactive",1,0,0,0,0,1,1,0,0,0,0,0,0,1,0,0,0,1,0,1,0,0,0,1,0,0,0,0
2019.0,,1,,0,Sprite Hills,"Kagura Games,Kagura Games",0,1,0,1,1,0,0,0,0,0,0,0,0,0,1,1,1,0,0,0,0,0,0,0,0,0,0,0
2015.0,,1,6.99,0,Sasha Darko,"Sasha Darko,Sasha Darko",0,1,0,1,0,0,0,0,0,0,0,0,0,0,1,1,0,0,0,0,0,0,0,1,0,1,0,0
2008.0,9.0,0,9.99,0,"Tilted Mill Entertainment, Inc.","Tilted Mill Entertainment, Inc.,Tilted Mill Entertainment, Inc.",0,0,0,0,1,0,1,0,0,0,0,0,0,1,0,0,1,1,0,0,0,0,0,0,0,1,0,1
2017.0,,1,9.99,0,Circus,"MangaGamer,MangaGamer",0,0,1,0,0,0,0,0,0,0,0,0,0,0,0,0,0,0,1,0,0,0,0,0,0,1,0,0
2015.0,,1,9.99,0,Winged Cloud,"Winged Cloud,Winged Cloud",0,0,0,1,0,1,0,0,0,0,0,0,0,0,1,0,0,0,1,1,0,0,0,0,0,1,1,0
2014.0,,1,0.99,0,SCS Software,"SCS Software,SCS Software",0,0,0,1,0,1,0,0,0,0,0,0,0,0,1,0,0,0,0,1,0,0,0,0,0,0,0,0
2016.0,12.0,0,9.99,0,Blazing Badger,"mamor games,mamor games",1,0,0,1,0,0,0,0,0,0,0,0,0,1,1,0,0,0,0,0,0,0,0,0,1,0,0,0
2017.0,38.0,0,19.99,0,"COMPILE HEART,IDEA FACTORY","Idea Factory International,Idea Factory International",0,0,0,0,0,0,1,0,0,0,0,0,0,0,0,0,0,1,0,0,0,0,0,0,0,0,0,0
2017.0,,1,4.99,0,"Hologram Software LTD.,iCandy Games Inc.","iCandy Games Inc.,iCandy Games Inc.",0,0,1,1,0,1,0,0,0,0,0,0,0,0,1,0,0,0,1,1,0,0,0,0,0,0,0,0
2018.0,,1,6.66,0,Milkjug Studios,"Milkjug Studios,Milkjug Studios",0,1,1,1,0,0,1,0,0,0,0,1,0,0,1,1,0,1,1,0,0,0,0,0,0,0,0,0
2014.0,37.0,0,0.99,0,Sinclair Strange,"Sinclair Strange,Sinclair Strange",1,1,0,1,0,0,0,0,0,0,0,0,0,1,1,1,0,0,0,0,0,0,0,0,0,0,0,0
2008.0,,1,19.99,0,49 Games,"DTP Entertainment,DTP Entertainment",0,0,0,0,0,0,0,1,0,0,0,0,0,0,0,0,0,0,0,0,1,0,0,0,0,0,0,0
2018.0,,1,0.0,1,Blueprint Reality,"Blueprint Reality,Blueprint Reality",0,0,0,0,0,0,0,0,0,0,0,0,1,0,0,0,0,0,0,0,0,0,0,0,0,0,0,0
2018.0,,1,0.0,1,Snail Games USA,"Snail Games USA,Snail Games USA",1,1,0,0,1,1,0,0,0,0,1,0,0,1,0,1,1,0,0,1,0,0,1,0,0,0,0,0
2014.0,146.0,0,,0,Ankama Studio,"Ankama Games,Ankama Games",0,1,0,0,1,0,1,0,0,1,1,0,0,0,1,1,1,1,1,0,0,0,1,0,0,0,1,1
2015.0,,1,3.99,0,Arrowhead Game Studios,"PlayStation Mobile Inc.,PlayStation Mobile Inc.",1,0,0,0,0,0,0,0,0,0,0,0,0,1,0,0,0,0,0,0,0,0,0,0,0,0,0,0
2011.0,,1,4.99,0,Colibri Games,"Colibri Games,Colibri Games",0,1,1,1,0,0,0,0,0,0,0,0,0,0,1,1,0,0,1,0,0,0,0,0,0,1,1,0
2014.0,,1,,0,Valve,"Valve,Valve",1,0,0,0,0,0,0,0,0,0,0,0,0,1,0,0,0,0,0,0,0,0,0,0,0,0,0,0
2016.0,,1,4.2,0,Suomi-Peli,"Suomi-Peli,Suomi-Peli",1,1,0,1,0,0,0,0,0,0,0,1,0,1,1,1,0,0,0,0,0,0,0,0,0,0,0,0
2007.0,,1,,0,"HANBITSOFT, INC.,IMC GAMES CO.,LTD.","REDBANA CORPORATION,REDBANA CORPORATION",1,0,0,0,1,0,1,0,0,1,1,0,0,1,0,1,1,1,0,0,0,0,1,0,0,0,0,1
2016.0,,1,4.99,0,Astra Game Studio,"Astra Game Studio,Astra Game Studio",1,0,0,1,0,0,0,0,0,0,0,0,0,1,1,0,0,0,0,0,0,0,0,0,0,0,0,0
2008.0,22.0,0,41.92,0,Lonely Troops,"Lonely Troops,Lonely Troops",0,0,1,1,0,1,1,0,0,0,0,0,0,0,1,0,0,1,1,1,0,0,0,0,0,0,0,0
2017.0,,1,19.99,0,virtualRailroads,"Dovetail Games - Trains,Dovetail Games - Trains",0,0,0,0,0,1,0,0,0,0,0,0,0,0,0,0,0,0,0,1,0,0,0,0,0,0,0,0
2016.0,28.0,0,5.99,0,Whiskey Jack Games,"Whiskey Jack Games,Whiskey Jack Games",0,1,1,1,1,0,0,0,0,0,0,0,0,0,1,1,1,0,1,0,0,0,0,0,0,0,0,0
2010.0,,1,19.99,0,VStep,"Paradox Interactive,Paradox Interactive",0,0,0,0,0,1,0,0,0,0,0,0,0,0,0,1,0,0,0,1,0,0,1,0,0,1,1,1
2014.0,36.0,0,,0,"Gravvit Ltd,Forbes  Consult Ltd","ELYLAND  INVESTMENT COMPANY Ltd,ELYLAND  INVESTMENT COMPANY Ltd",0,0,1,1,0,0,1,0,0,1,1,0,0,0,1,1,1,1,1,0,0,0,1,0,0,1,1,1
2018.0,,1,,0,"Amy Li,Mitchell Shannon,Morgan Wesemann,Stacie McLaury,Tim Arterbury,Trystan Jasperson","Baylor University Game Studios,Baylor University Game Studios",1,0,1,1,0,0,0,0,0,1,0,0,0,1,1,0,0,0,1,0,0,0,0,0,0,0,0,0
2015.0,,1,3.99,0,Lionsgate,,0,0,0,0,0,0,0,0,0,0,0,0,0,1,0,0,0,0,0,0,0,0,0,0,1,0,0,0
2017.0,,1,,0,Screenhit Studios,"Screenhit Studios,Screenhit Studios",0,0,0,1,1,0,1,0,0,1,0,0,0,0,1,0,1,1,0,0,0,0,0,0,0,0,0,0
2015.0,,1,,0,Shifty Chair Games,"Shifty Chair Games,Shifty Chair Games",0,0,0,0,0,0,0,0,0,1,0,0,0,1,0,0,0,0,1,0,0,0,1,1,1,1,1,1
2019.0,50.0,0,59.99,0,"KOEI TECMO GAMES CO., LTD.","KOEI TECMO GAMES CO., LTD.,KOEI TECMO GAMES CO., LTD.",0,0,0,0,1,0,0,0,0,0,0,0,0,0,0,1,1,0,0,0,0,0,0,0,0,1,0,1
2008.0,10.0,0,4.99,0,Dark Castle Software,"Dark Castle Software,Dark Castle Software",0,0,1,1,0,0,0,0,0,0,0,0,0,0,1,0,0,0,0,0,0,0,0,0,0,0,0,0
2010.0,8.0,0,15.99,0,"Black Chicken Studios, inc.","Black Chicken Studios, inc.,Black Chicken Studios, inc.",0,1,0,1,1,1,1,0,0,0,0,0,0,0,1,1,1,1,0,1,0,0,0,0,0,1,0,1
2017.0,,1,11.99,0,"Eidos Montreal,Feral Interactive (Linux),Feral Interactive (Mac)","Square Enix,Feral Interactive (Linux),Feral Interactive (Mac),Square Enix,Feral Interactive (Linux),Feral Interactive (Mac)",1,0,0,0,1,0,0,0,0,0,0,0,0,1,0,0,1,0,0,0,0,0,0,0,0,0,1,0
2016.0,,1,9.99,0,Daybreak Game Company,"Daybreak Game Company,Daybreak Game Company",1,1,0,0,1,0,0,0,0,1,1,0,0,1,0,1,1,0,0,0,0,0,1,0,0,0,0,0
2018.0,,1,29.99,0,Dovetail Games,"Dovetail Games - TSW,Dovetail Games - TSW",0,0,0,0,0,1,0,0,0,0,0,0,0,0,0,0,0,0,0,1,0,0,0,0,0,0,0,0
2017.0,,1,19.99,0,Fishing Planet LLC,"Fishing Planet LLC,Fishing Planet LLC",0,0,0,0,0,1,0,1,0,1,1,0,0,0,0,0,0,0,0,1,1,0,1,0,0,0,0,0
2015.0,9.0,0,3.99,0,Rainbow Games,"Rainbow Games,Rainbow Games",0,0,1,0,0,0,1,0,0,0,0,0,0,0,0,0,0,1,1,0,0,0,0,0,0,0,0,0
2010.0,15.0,0,6.99,0,HeR Interactive,"HeR Interactive,HeR Interactive",0,1,0,0,0,0,0,0,0,0,0,0,0,0,0,1,0,0,0,0,0,0,0,0,0,0,0,0
2017.0,59.0,0,19.99,0,"Fatbot Games, s. r. o.","Fatbot Games, s. r. o.,Fatbot Games, s. r. o.",1,1,0,1,1,0,0,0,0,0,0,0,0,1,1,1,1,0,0,0,0,0,0,0,0,0,1,0
2016.0,,1,18.99,0,Aerosoft GmbH,"Dovetail Games - Flight,Dovetail Games - Flight",0,0,0,0,0,1,0,0,0,0,0,0,0,0,0,0,0,0,0,1,0,0,0,0,0,0,0,0
2017.0,18.0,0,9.99,0,Sunward Games,"Artifex Mundi,Artifex Mundi",0,1,1,0,0,0,0,0,0,0,0,0,0,0,1,1,0,0,1,0,0,0,0,0,0,1,0,0
2014.0,,1,,0,Novalink,"Novalink,Novalink",1,0,0,1,0,0,0,0,0,1,1,0,0,1,1,0,0,0,1,0,0,0,1,1,1,0,1,1
2017.0,9821.0,0,9.99,0,Sacada,"Sacada,Sacada",0,0,1,1,0,0,1,0,0,0,0,0,0,0,1,0,0,1,1,0,0,0,0,0,0,0,0,0
2018.0,,1,0.0,1,KADOKAWA CORPORATION,"AGM PLAYISM,AGM PLAYISM",1,0,0,0,0,0,0,0,0,0,0,0,0,1,0,0,0,0,1,0,0,0,1,0,0,1,0,0
2018.0,25.0,0,19.99,0,Below the Game,"1C Entertainment,1C Entertainment",1,1,0,1,0,0,0,0,0,0,0,0,0,1,1,1,0,0,0,0,0,0,0,0,0,0,0,0
2015.0,14.0,0,0.99,0,Alister Software,"Back To Basics Gaming,Alister Software,Back To Basics Gaming,Alister Software",0,0,0,1,0,0,1,0,0,0,0,0,0,0,1,0,0,1,0,0,0,0,0,0,0,0,0,0
2016.0,25.0,0,14.99,0,Ninja Whale Studios,"Ninja Whale Studios,Ninja Whale Studios",1,0,0,1,0,1,0,1,0,0,0,0,0,1,1,0,0,0,0,1,1,0,0,0,0,0,0,0
2016.0,33.0,0,19.99,0,Directive Games Limited,"Directive Games Limited,Directive Games Limited",1,0,0,0,0,0,0,0,0,0,0,0,0,1,0,0,0,0,0,0,0,0,0,0,0,0,0,0
2015.0,,1,,0,Stardock Entertainment,"Stardock Entertainment,Stardock Entertainment",0,0,0,1,0,0,1,0,0,0,0,0,0,0,1,0,0,1,0,0,0,0,0,0,0,0,0,0
2013.0,46.0,0,9.99,0,Milestone S.r.l.,"Plug In Digital,Milestone S.r.l.,Plug In Digital,Milestone S.r.l.",0,0,0,0,0,1,0,1,1,0,0,0,0,0,0,0,0,0,0,1,1,1,1,0,0,0,1,0
2018.0,,1,0.99,0,EncoderX,"EncoderX,EncoderX",1,0,0,1,0,0,0,0,0,0,0,0,0,1,1,0,0,0,0,0,0,0,0,0,0,0,0,0
2016.0,30.0,0,19.99,0,Spiderweb Software,"Spiderweb Software,Spiderweb Software",0,1,0,1,1,0,1,0,0,0,0,0,0,0,1,1,1,1,0,0,0,0,0,0,0,0,0,0
2017.0,15.0,0,44.96,0,Brave Giant LTD,"Artifex Mundi,Artifex Mundi",0,1,1,0,0,0,0,0,0,0,0,0,0,0,1,1,0,0,1,0,0,0,0,0,0,1,0,0
2017.0,26.0,0,29.99,0,HB Studios,"Maximum Games,Maximum Games",0,0,0,0,0,1,0,1,0,0,0,0,0,0,0,0,0,0,0,1,1,0,1,0,0,0,1,0
2015.0,22.0,0,9.99,0,Straywire,"Dharker Studio,Dharker Studio",0,1,0,1,1,0,0,0,0,0,0,0,0,0,1,1,1,0,0,0,0,0,0,0,0,1,0,0
2017.0,,1,19.99,0,"KOEI TECMO GAMES CO., LTD.","KOEI TECMO GAMES CO., LTD.,KOEI TECMO GAMES CO., LTD.",0,0,0,0,0,0,1,0,0,0,0,0,0,0,0,0,0,1,0,0,0,0,0,0,0,0,0,0
2018.0,5.0,0,24.92,0,Crisp App Studio,"Crisp App Studio,Crisp App Studio",0,1,1,1,0,0,0,0,0,0,0,0,0,0,1,1,0,0,1,0,0,0,0,0,0,1,0,0
2015.0,18.0,0,9.99,0,Crian Soft,"Milestone S.r.l.,Milestone S.r.l.",1,0,0,1,1,0,0,1,0,0,0,0,0,1,1,0,1,0,0,1,1,0,0,0,0,0,1,0
2018.0,1.0,0,,0,"Ian,Megan,Maxen","M.I.M,M.I.M",0,0,0,1,0,0,0,0,0,1,0,0,0,0,1,0,0,0,0,0,0,0,0,0,0,0,0,0
2018.0,7.0,0,17.95,0,singi,"singi,singi",0,0,0,1,1,0,1,0,0,0,0,0,0,0,1,0,1,1,0,0,0,0,0,0,0,1,0,0
2016.0,65.0,0,19.99,0,"2K Boston,2K Australia,Blind Squirrel,Feral Interactive (Mac)","2K,Feral Interactive (Mac),2K,Feral Interactive (Mac)",1,0,0,0,1,0,0,0,0,0,0,0,0,1,0,1,1,0,0,0,0,0,0,1,1,1,1,1
2016.0,,1,19.99,0,Union Workshop,"Dovetail Games - Trains,Dovetail Games - Trains",0,0,0,0,0,1,0,0,0,0,0,0,0,0,0,0,0,0,0,1,0,0,0,0,0,0,0,0
2015.0,9.0,0,2.99,0,Sometimes You,"Sometimes You,Sometimes You",0,0,1,1,0,0,0,0,0,0,0,0,0,0,1,0,0,0,1,0,0,0,0,0,0,0,0,0
2010.0,36.0,0,9.99,0,Oddworld Inhabitants,"Oddworld Inhabitants,Oddworld Inhabitants",1,1,0,0,0,0,1,0,0,0,0,0,0,1,0,1,0,1,0,0,0,0,0,1,1,1,1,1
2018.0,29.0,0,12.99,0,Dan Smith Studios,"Ripstone,Ripstone",0,1,0,1,0,0,1,0,0,0,0,0,0,0,1,1,0,1,0,0,0,0,0,0,0,0,0,0
2012.0,,1,14.99,0,Mind Over Matter Studios,"THQ Nordic,THQ Nordic",0,0,0,0,1,0,1,0,0,0,0,0,0,0,0,0,1,1,0,0,0,0,1,0,0,0,0,0
2013.0,25.0,0,9.99,0,Flippfly LLC,"Flippfly LLC,Flippfly LLC",1,0,0,1,0,0,0,0,1,0,0,0,0,1,1,0,0,0,1,0,0,1,0,0,0,1,1,0
2012.0,,1,0.99,0,"Henrique Pegacha,Rafael Lima,Nuno Guerreiro","Gentlemen in Tuxedos,Gentlemen in Tuxedos",1,1,0,1,0,0,0,0,0,0,0,0,0,1,1,1,0,0,0,0,0,0,0,0,0,0,1,0
2016.0,,1,3.99,0,White Dog,"White Dog,White Dog",1,1,1,1,0,0,0,0,0,0,0,0,0,1,1,1,0,0,1,0,0,0,0,0,0,0,0,0
2016.0,20.0,0,6.99,0,Joe Richardson,"Joe Richardson,Joe Richardson",0,1,0,1,0,0,0,0,0,0,0,0,0,0,1,1,0,0,0,0,0,0,0,0,0,1,0,0
2016.0,16.0,0,3.99,0,Cartboard Games,"Cartboard Games,Cartboard Games",0,0,1,1,0,0,0,0,0,0,0,0,0,0,1,0,0,0,1,1,0,0,0,0,0,0,1,0
2012.0,25.0,0,4.99,0,Cobra Mobile,"Cobra Mobile,Cobra Mobile",0,0,1,1,0,0,1,0,0,0,0,0,0,0,1,0,0,1,1,0,0,0,0,0,0,0,0,0
2014.0,27.0,0,9.99,0,PolarityFlow,"PolarityFlow,PolarityFlow",1,0,0,1,0,0,0,0,0,0,0,0,0,1,1,0,1,0,0,0,0,0,0,0,0,0,0,0
2010.0,38.0,0,9.99,0,Zoetrope Interactive,"Iceberg Interactive,Iceberg Interactive",0,1,0,1,0,0,0,0,0,0,0,0,0,0,1,1,0,0,0,0,0,0,0,0,0,0,0,0
2017.0,,1,6.99,0,Ubisoft,"Ubisoft,Ubisoft",1,1,0,0,0,0,0,0,0,0,0,0,0,1,0,1,0,0,0,0,0,0,0,0,0,0,0,0
2014.0,,1,,0,Scott Cawthon,"Scott Cawthon,Scott Cawthon",1,1,0,1,1,0,0,0,0,0,0,0,0,1,1,1,1,0,0,0,0,0,1,0,0,1,1,1
2017.0,90.0,0,8.99,0,Volker Elzner,"Volker Elzner,Volker Elzner",0,1,0,1,1,0,0,0,0,0,0,0,0,0,1,1,1,0,0,0,0,0,0,0,0,0,0,0
2017.0,,1,3.99,0,The Game Bakers,"The Game Bakers,The Game Bakers",1,0,0,1,0,0,0,0,0,0,0,0,0,1,1,0,0,0,0,0,0,0,0,0,0,0,0,0
2010.0,26.0,0,9.99,0,4sdk,"4sdk,4sdk",0,0,0,1,0,0,1,0,0,0,0,0,0,0,1,0,0,1,0,0,0,0,0,0,0,0,0,0
2011.0,,1,4.99,0,1C-Avalon,"1C Entertainment,1C Entertainment",0,0,0,0,0,1,0,0,1,0,0,0,0,0,0,0,0,0,0,1,0,1,1,0,0,1,1,1
2017.0,,1,,0,CINEMUR,"CINEMUR,CINEMUR",0,0,0,0,0,0,0,0,0,0,0,0,1,0,0,0,0,0,0,1,0,0,0,0,0,0,0,0
2017.0,24.0,0,18.99,0,Alkemi,"Alkemi,Alkemi",1,0,0,1,1,0,0,0,0,0,0,0,0,1,1,0,1,0,0,0,0,0,0,0,1,1,0,0
2014.0,,1,,0,Lightmare Studios,"Lightmare Studios,Yodo1 Games,Lightmare Studios,Yodo1 Games",0,0,0,1,0,0,1,0,0,1,1,0,0,1,1,1,1,1,0,0,0,0,1,0,0,1,1,1
2017.0,10.0,0,9.99,0,Spry Fox LLC,"Spry Fox LLC,Spry Fox LLC",0,0,1,1,0,0,0,0,0,0,0,0,0,0,1,0,0,0,1,0,0,0,0,0,0,0,0,0
2019.0,82.0,0,2.99,0,GameUS Inc,"GameUS Inc,GameUS Inc",1,0,1,1,1,1,1,0,0,1,0,0,0,1,1,0,1,1,1,1,0,0,0,0,0,0,0,0
2018.0,,1,8.99,0,Lycian Studio,"Lycian Studio,Lycian Studio",0,1,0,1,1,1,1,0,0,0,0,0,0,0,1,1,1,1,0,1,0,0,0,0,0,0,0,0
2017.0,67.0,0,59.99,0,Ubisoft Montreal,"Ubisoft,Ubisoft",1,1,0,0,1,0,0,0,0,0,0,0,0,1,0,1,1,0,0,0,0,0,1,0,0,1,1,1
2016.0,33.0,0,4.99,0,"Reailty Smash, Inc.","Reality Smash, Inc.,Reality Smash, Inc.",1,1,1,1,0,1,0,1,1,0,1,1,0,1,1,1,0,0,1,1,1,1,1,0,0,0,0,0
2018.0,,1,0.0,1,MiaoXi Studio,"MiaoXi Studio,MiaoXi Studio",0,0,0,0,0,0,0,0,0,1,0,0,0,1,1,1,0,0,0,0,0,0,1,1,1,0,1,1
2017.0,12.0,0,6.99,0,Pill Bug Interactive,"Pill Bug Interactive,Pill Bug Interactive",0,0,0,1,0,1,1,0,0,0,0,0,0,0,1,0,0,1,1,1,0,0,0,0,0,1,0,0
2010.0,,1,4.99,0,Elite Games Team,"1C Entertainment,1C Entertainment",0,0,0,0,1,0,1,0,0,0,0,0,0,0,0,0,1,1,0,0,0,0,0,0,0,0,0,0
2014.0,,1,,0,Psychic Games Ltd.,"Psychic Games Ltd.,Psychic Games Ltd.",0,0,0,1,1,0,1,0,1,1,1,0,0,1,1,0,1,1,0,0,0,1,1,0,0,0,1,1
2018.0,21.0,0,4.99,0,Revmatek,"Revmatek,Revmatek",1,1,1,1,0,1,0,0,0,0,0,0,0,1,1,1,0,0,1,1,0,0,1,1,0,0,0,0
2016.0,1.0,0,0.0,1,Basaltic studio,"Basaltic studio,Basaltic studio",1,0,0,0,0,0,0,0,0,1,0,0,0,1,1,1,0,0,0,0,0,0,1,0,0,1,1,1
2017.0,,1,,0,GameHollywood,"Global Genom Corporate,Global Genom Corporate",0,0,0,0,1,0,1,0,0,1,1,0,0,0,0,0,1,1,0,0,0,0,1,0,0,0,0,0
2014.0,,1,3.99,0,"Creative Assembly,Feral Interactive (Mac),Feral Interactive (Linux)","SEGA,Feral Interactive (Mac),Feral Interactive (Linux),SEGA,Feral Interactive (Mac),Feral Interactive (Linux)",0,0,0,0,0,0,0,0,0,0,0,0,0,0,0,0,0,0,0,0,0,0,0,0,0,0,0,0
2018.0,,1,,0,Netease Games,"MY.GAMES,MY.GAMES",0,0,0,0,1,0,0,0,0,1,1,0,0,0,0,0,1,0,0,0,0,0,1,0,0,0,0,0
2015.0,,1,39.99,0,Dovetail Games,"Dovetail Games - Trains,Dovetail Games - Trains",0,0,0,0,0,1,0,0,0,0,0,0,0,0,0,0,0,0,0,1,0,0,0,0,0,0,0,0
2017.0,6.0,0,0.0,1,猫薄荷制作组,"猫薄荷制作组,猫薄荷制作组",0,1,1,1,0,0,0,0,0,1,0,0,0,0,1,1,0,0,1,0,0,0,0,0,0,0,1,0
2016.0,,1,5.99,0,Absolutist Ltd.,"Absolutist Ltd.,Absolutist Ltd.",0,1,1,1,0,0,0,0,0,0,0,0,0,0,1,1,0,0,1,0,0,0,0,0,0,1,0,0
2019.0,,1,3.99,0,XWidgetSoft,"XWidgetSoft,XWidgetSoft",0,0,0,0,0,0,0,0,0,0,0,0,1,0,0,0,0,0,0,0,0,0,0,0,0,0,0,0
2018.0,,1,14.99,0,Wolverine Studios,"Wolverine Studios,Wolverine Studios",0,0,0,1,0,1,1,1,0,0,0,0,0,0,1,0,0,1,0,1,1,0,0,0,0,0,0,0
2016.0,16.0,0,3.99,0,Matt Glanville,"Matt Glanville,Matt Glanville",1,0,1,1,0,0,0,0,0,0,0,0,0,1,1,0,0,0,1,0,0,0,0,0,0,1,0,0
2017.0,,1,6.99,0,Little Green Men Games,"Iceberg Interactive,Iceberg Interactive",1,0,0,0,1,1,1,0,0,0,0,0,0,1,0,0,1,1,0,1,0,0,0,0,0,0,0,0
2016.0,,1,4.99,0,"NetherRealm Studios,High Voltage Software,QLOC",,1,0,0,0,0,0,0,0,0,0,0,0,0,1,0,0,0,0,0,0,0,0,0,0,0,0,0,0
2015.0,,1,54.99,0,"KOEI TECMO GAMES CO., LTD.","KOEI TECMO GAMES CO., LTD.,KOEI TECMO GAMES CO., LTD.",0,0,0,0,0,0,1,0,0,0,0,0,0,0,0,0,0,1,0,0,0,0,0,0,0,0,0,0
2019.0,50.0,0,34.99,0,Ice-Pick Lodge,"tinyBuild,tinyBuild",0,1,0,1,1,0,0,0,0,0,0,0,0,0,1,1,1,0,0,0,0,0,0,0,0,1,1,1
2018.0,,1,,0,AAAGAMES,"AAAGAMES,AAAGAMES",1,0,0,1,0,0,0,0,0,1,0,1,0,1,1,0,0,0,0,0,0,0,1,1,0,0,0,0
2011.0,16.0,0,24.99,0,Mode 7,"Mode 7,Mode 7",0,0,0,1,0,0,1,0,0,0,0,0,0,0,1,0,0,1,0,0,0,0,1,0,0,1,1,1
2018.0,,1,,0,Archetype Studios,"Archetype Studios,Archetype Studios",1,0,0,1,0,0,0,0,0,1,1,0,0,1,1,0,0,0,0,0,0,0,1,1,1,1,1,1
2015.0,,1,,0,"IDEA FACTORY Co., Ltd.,COMPILE HEART Co., Ltd.,FELISTELLA Co., Ltd.","Idea Factory International, Inc.,IDEA FACTORY Co., Ltd.,Idea Factory International, Inc.,IDEA FACTORY Co., Ltd.",0,0,0,0,1,0,1,0,0,0,0,0,0,0,0,0,1,1,0,0,0,0,0,0,0,0,0,0
2019.0,,1,0.0,1,Flippancy Studio,"Flippancy Studio,Flippancy Studio",1,0,1,1,0,0,0,0,0,0,0,0,0,1,1,0,0,0,1,0,0,0,0,0,0,0,0,0
2011.0,,1,0.99,0,Relic,"SEGA,SEGA",1,0,0,0,0,0,0,0,0,0,0,0,0,1,0,0,0,0,0,0,0,0,0,0,0,0,0,0
2013.0,,1,,0,Choice of Games,"Choice of Games,Choice of Games",0,0,0,1,1,0,0,0,0,0,0,0,0,0,1,1,1,0,0,0,0,0,0,0,0,0,0,0
2015.0,,1,19.99,0,WarfareSims,"Slitherine Ltd.,Slitherine Ltd.",0,0,0,0,0,1,1,0,0,0,0,0,0,0,0,0,0,1,0,1,0,0,0,0,0,1,0,0
2016.0,6.0,0,16.99,0,"Digits Crossed Interactive, LLC","Image Space Incorporated,Image Space Incorporated",0,0,0,0,0,1,0,0,0,0,0,1,0,0,0,0,0,0,0,1,0,0,0,0,0,0,0,0
2017.0,27.0,0,1.99,0,橘喵喵,"INDIEGAMES.CN,INDIEGAMES.CN",0,0,0,1,1,1,0,0,0,0,0,0,0,0,1,0,1,0,0,1,0,0,0,0,0,0,0,0
2017.0,,1,14.99,0,Meow Studios,"Meow Studios,Meow Studios",1,1,0,1,1,0,0,0,0,0,0,0,0,1,1,1,1,0,1,0,0,0,0,0,0,1,0,0
2019.0,5.0,0,0.99,0,"greenfigure,BlastFM","greenfigure,greenfigure",1,1,1,1,0,0,1,0,0,0,0,0,0,1,1,1,0,1,1,0,0,0,0,0,0,0,0,0
2019.0,,1,9.99,0,Zenimax Online Studios,"Bethesda Softworks,Bethesda Softworks",0,0,0,0,1,0,0,0,0,0,1,0,0,0,0,0,1,0,0,0,0,0,1,0,0,0,0,0
2017.0,43.0,0,,0,Freejam,"Freejam,Freejam",1,0,0,1,1,1,0,0,0,1,1,0,0,1,1,1,1,1,0,1,0,0,1,0,1,0,1,1
2013.0,65.0,0,14.99,0,11 bit studios,"11 bit studios,11 bit studios",1,0,0,1,0,0,1,0,0,0,0,0,0,1,1,0,0,1,0,0,0,0,1,0,0,1,0,1
2017.0,,1,3.99,0,LiMAVR,"Atriagames,Atriagames",0,0,0,1,0,0,0,0,0,0,0,0,0,0,1,0,0,0,0,0,0,0,0,0,0,0,0,0
2018.0,29.0,0,14.99,0,Two-Way Ltd.,"Two-Way Ltd.,Two-Way Ltd.",0,1,0,1,0,0,0,0,0,0,0,0,0,1,1,1,0,0,0,0,0,0,0,0,0,0,0,0
2016.0,14.0,0,9.99,0,m4g,"M4GDEV,M4GDEV",1,1,1,1,1,0,1,0,0,0,0,1,0,1,1,1,1,1,1,0,0,0,1,0,0,1,0,1
2016.0,,1,4.99,0,Neople,"Neople,Neople",1,0,0,0,1,0,0,0,0,1,0,0,0,1,0,0,1,0,0,0,0,0,0,0,0,0,0,0
2014.0,,1,4.99,0,Reload Games Studio,"Strategy First,Strategy First",0,0,0,1,0,0,0,0,0,0,0,0,0,0,1,0,0,0,0,0,0,0,0,0,0,0,0,0
2019.0,,1,0.0,1,"CREATIVE ASSEMBLY,Feral Interactive (Mac),Feral Interactive (Linux)","SEGA,Feral Interactive (Mac),Feral Interactive (Linux),SEGA,Feral Interactive (Mac),Feral Interactive (Linux)",1,0,0,0,0,0,1,0,0,0,0,0,0,1,0,0,0,1,0,0,0,0,0,0,0,0,0,0
2016.0,8.0,0,1.99,0,"Wulo Games,DEADBIT","Back To Basics Gaming,Back To Basics Gaming",0,0,1,1,0,0,0,0,0,0,0,0,0,1,1,0,0,0,1,0,0,0,0,0,0,1,0,1
2017.0,,1,0.0,1,Fold Up Studios,"Fold Up Studios,Fold Up Studios",0,0,1,1,0,0,0,0,0,1,0,0,0,0,1,0,0,0,1,0,0,0,0,0,0,0,0,0
2016.0,,1,,0,Ubisoft,"Ubisoft,Ubisoft",1,1,0,0,0,0,0,0,0,0,0,0,0,1,0,1,0,0,0,0,0,0,0,0,0,0,0,0
2016.0,,1,0.0,1,Borrowed Light Studios,"Borrowed Light Studios,Borrowed Light Studios",0,0,1,1,0,0,0,0,0,0,0,0,0,0,1,0,0,0,1,0,0,0,0,0,0,0,0,0
2014.0,,1,39.99,0,IPACS,"IPACS,IPACS",0,0,0,1,0,1,0,0,0,0,0,0,0,0,1,0,0,0,0,1,0,0,0,0,0,0,0,0
2014.0,,1,9.99,0,Sunside Games,"Sunside Games,Sunside Games",1,1,0,1,0,0,0,0,0,0,0,0,0,1,1,1,0,0,0,0,0,0,0,0,0,0,0,0
2017.0,25.0,0,1.99,0,Warfare Studios,,1,1,0,1,1,0,0,0,0,0,0,0,0,1,1,1,1,0,0,0,0,0,0,0,0,0,0,0
2013.0,,1,14.99,0,The Indie Stone,"The Indie Stone,The Indie Stone",0,0,0,1,1,1,0,0,0,0,0,1,0,0,1,1,1,0,0,1,0,0,1,0,0,1,1,1
2017.0,126.0,0,4.99,0,AZAMATIKA,"AZAMATIKA,AZAMATIKA",0,0,1,1,0,1,0,0,0,0,0,0,0,0,1,0,0,0,1,1,0,0,0,0,0,1,1,0
2013.0,,1,1.99,0,SCS Software,"SCS Software,SCS Software",0,0,0,1,0,1,0,0,0,0,0,0,0,0,1,0,0,0,0,1,0,0,0,0,0,0,0,0
2010.0,,1,9.99,0,Triumph Studios,"Paradox Interactive,Paradox Interactive",0,0,0,0,1,0,1,0,0,0,0,0,0,0,0,0,1,1,0,0,0,0,1,0,0,1,0,1
2015.0,18.0,0,4.99,0,Radiangames,"Radiangames,Radiangames",1,1,0,1,1,0,0,0,0,0,0,0,0,1,1,1,1,0,0,0,0,0,0,0,1,0,0,0
2018.0,1.0,0,0.99,0,Paleno Games,"Paleno Games,Paleno Games",1,0,1,1,0,0,1,0,0,0,0,0,0,1,1,0,0,1,1,0,0,0,0,0,0,0,0,0
2006.0,,1,9.99,0,Rainbow Studios,"THQ Nordic,THQ Nordic",0,0,0,0,0,1,0,0,1,0,0,0,0,0,0,0,0,0,0,1,0,1,1,0,0,0,0,1
2017.0,16.0,0,3.99,0,Heero,"Heero,Heero",1,1,1,1,0,0,0,0,0,0,0,0,0,1,1,1,0,0,1,0,0,0,0,0,0,0,0,0
2017.0,10.0,0,3.99,0,SharkGame,"Laush Studio,Laush Studio",1,0,0,1,0,0,0,0,0,0,0,0,0,1,1,0,0,0,1,0,0,0,0,0,0,1,0,0
2016.0,,1,4.99,0,Riviysky,"Riviysky,Riviysky",1,0,1,1,0,1,0,0,0,0,0,0,0,1,1,0,0,0,1,1,0,0,0,0,0,0,0,0
2014.0,,1,4.99,0,DigitalDNA Games LLC,"DigitalDNA Games LLC,DigitalDNA Games LLC",1,0,0,1,0,0,0,0,0,0,0,0,0,1,1,0,0,0,0,0,0,0,0,0,0,0,0,0
2018.0,,1,14.99,0,John Kevin Corcoran,"John Kevin Corcoran,John Kevin Corcoran",0,0,0,0,0,0,0,0,0,0,0,0,1,0,0,0,0,0,0,0,0,0,0,0,0,0,0,0
2019.0,,1,1.99,0,Only Voxel Games,"Only Voxel Games,Only Voxel Games",1,1,0,1,0,0,0,0,0,0,0,0,0,1,1,1,0,0,0,0,0,0,0,0,0,0,0,0
2017.0,1.0,0,9.99,0,Freebird Games,"Freebird Games,Freebird Games",0,1,0,1,1,0,0,0,0,0,0,0,0,0,1,1,1,0,0,0,0,0,0,0,0,1,1,0
2018.0,20.0,0,12.0,0,Buckshot Software,"gaming company,gaming company",1,0,0,1,0,0,0,0,0,0,0,0,0,1,1,0,0,0,0,0,0,0,0,1,0,1,1,0
2018.0,,1,1.99,0,HL-Galgame,"SakuraGame,SakuraGame",0,1,1,1,0,0,0,0,0,0,0,0,0,0,1,1,0,0,1,0,0,0,0,0,0,0,0,0
2018.0,,1,24.99,0,Project Moon,"Project Moon,Project Moon",0,0,0,1,0,1,0,0,0,0,0,0,0,0,1,0,0,1,0,1,0,0,0,0,0,1,1,0
2018.0,37.0,0,29.99,0,New World Interactive,"Focus Home Interactive,Focus Home Interactive",1,0,0,0,0,0,0,0,0,0,0,0,0,1,1,0,0,0,0,1,0,0,1,1,1,0,1,1
2017.0,,1,9.99,0,Magic Tavern,"Magic Tavern,Magic Tavern",1,0,1,1,0,0,1,0,0,0,0,0,0,1,1,0,0,1,1,0,0,0,0,0,0,0,0,0
2016.0,10.0,0,,0,Counterplay Games Inc.,"BANDAI NAMCO Entertainment America,BANDAI NAMCO Entertainment America",0,0,0,1,0,0,1,0,0,1,0,0,0,0,1,0,0,1,0,0,0,0,1,0,0,0,1,0
2016.0,11.0,0,4.99,0,Shine Research,"Plug In Digital,Plug In Digital",0,0,1,0,0,0,0,0,0,0,0,0,0,0,0,0,0,0,1,0,0,0,0,0,0,0,0,0
2017.0,47.0,0,19.99,0,MAG Studios,"MAG Studios,MAG Studios",1,1,1,1,0,1,0,0,0,0,0,0,0,1,1,1,0,0,1,1,0,0,0,0,0,0,0,0
2012.0,64.0,0,19.99,0,"Rocksteady Studios,Feral Interactive (Mac)","Warner Bros. Interactive Entertainment,Feral Interactive (Mac),Warner Bros. Interactive Entertainment,Feral Interactive (Mac)",1,1,0,0,0,0,0,0,0,0,0,0,0,1,0,1,0,0,0,0,0,0,0,0,0,1,1,1
2018.0,,1,14.99,0,Colossal Order Ltd.,"Paradox Interactive,Paradox Interactive",0,0,0,0,0,1,1,0,0,0,0,0,0,0,0,0,0,1,0,1,0,0,0,0,0,1,0,1
2019.0,,1,9.99,0,Overhype Studios,,0,0,0,1,1,0,1,0,0,0,0,0,0,0,1,0,1,1,0,0,0,0,0,0,0,0,0,0
2018.0,51.0,0,29.99,0,Konami Digital Entertainment,"Konami Digital Entertainment,Konami Digital Entertainment",1,1,0,0,0,0,1,0,0,0,0,0,0,1,0,1,0,1,0,0,0,0,1,0,0,1,1,1
2011.0,,1,0.99,0,Splash Damage,"Bethesda Softworks,Bethesda Softworks",1,0,0,0,0,0,0,0,0,0,0,0,0,1,0,0,0,0,0,0,0,0,0,0,0,0,0,0
2017.0,154.0,0,0.99,0,Blender Games,"Blender Games,Blender Games",0,0,1,1,0,0,0,0,0,0,0,0,0,0,1,0,0,0,1,0,0,0,0,0,0,1,0,0
2018.0,3.0,0,4.99,0,Blue Entropy Studios,"Blue Entropy Studios,Blue Entropy Studios",0,1,0,1,0,0,1,0,0,0,0,0,0,0,1,1,0,1,0,0,0,0,0,0,0,0,0,0
2018.0,28.0,0,5.99,0,Stranga,"GrabTheGames,GrabTheGames",0,1,0,1,0,0,0,0,0,0,0,0,0,0,1,1,1,0,0,0,0,0,0,0,0,1,0,0
2018.0,34.0,0,34.99,0,Two Point Studios,"SEGA,SEGA",0,0,0,1,0,1,0,0,0,0,0,0,0,0,1,0,0,1,1,1,0,0,1,0,0,1,1,1
2015.0,,1,2.99,0,Ink Stains Games,,1,0,0,1,0,0,0,0,0,0,0,0,0,1,1,0,0,0,0,0,0,0,0,0,0,0,0,0
2016.0,30.0,0,4.99,0,Nawia Games,"Forever Entertainment S. A.,Forever Entertainment S. A.",1,0,1,1,0,0,0,0,0,0,0,0,0,1,1,0,0,0,1,0,0,0,0,0,0,0,1,0
2017.0,20.0,0,12.99,0,CtrlMovie,"Wales Interactive,Wales Interactive",0,1,0,1,0,0,0,0,0,0,0,0,0,0,1,1,0,0,0,0,0,0,0,0,0,1,1,1
2015.0,,1,9.99,0,Aldorlea Games,"Degica,Degica",0,1,1,1,1,0,1,0,0,0,0,0,0,0,1,1,1,1,1,0,0,0,0,0,0,1,0,0
2015.0,68.0,0,44.99,0,Rebellion,"Rebellion,Rebellion",1,0,0,0,0,0,0,0,0,0,0,0,0,1,0,0,0,0,0,0,0,0,1,1,1,1,1,1
2018.0,6.0,0,0.99,0,Walter Machado,"Walter Machado,Walter Machado",1,0,0,1,0,0,0,0,0,0,0,0,0,1,1,0,0,0,0,0,0,0,0,0,0,0,0,0
2011.0,20.0,0,8.99,0,Curve Studios,"Curve Digital,Curve Digital",1,1,1,1,0,0,0,0,0,0,0,0,0,1,1,1,0,0,1,0,0,0,0,0,0,1,0,1
2014.0,32.0,0,3.99,0,ONE MORE LEVEL,"ONE MORE LEVEL,ONE MORE LEVEL",1,1,0,1,0,0,0,0,0,0,0,0,0,1,1,1,0,0,0,0,0,0,0,0,0,0,0,0
2016.0,103.0,0,19.99,0,GSC Game World,"GSC Game World,GSC Game World",0,0,0,0,0,0,1,0,0,0,0,0,0,1,0,1,0,1,0,0,0,0,1,0,0,1,1,1
2017.0,11.0,0,0.99,0,自由愉悦小黄猫(Free pleasure little yellow cat),"自由愉悦小黄猫(Free pleasure little yellow cat),自由愉悦小黄猫(Free pleasure little yellow cat)",0,0,0,1,0,0,1,0,0,0,0,0,0,0,1,1,1,1,0,0,0,0,0,0,0,1,0,1
2018.0,31.0,0,19.99,0,Blue Wizard Digital,"Blue Wizard Digital,Blue Wizard Digital",0,0,0,1,0,0,1,0,0,0,0,0,0,0,1,0,0,1,0,0,0,0,0,0,0,0,1,0
2016.0,32.0,0,4.99,0,Havishamone Games,"Havishamone Games,Havishamone Games",0,1,0,1,1,0,0,0,0,0,0,0,0,0,1,1,1,0,0,0,0,0,0,0,0,0,0,0
2019.0,,1,15.99,0,Rikodu,"Rikodu,Rikodu",1,1,0,1,0,0,0,0,0,0,0,1,0,1,1,1,0,0,0,0,0,0,1,0,1,1,0,1
2017.0,37.0,0,14.99,0,Secret Location Inc.,"Secret Location Inc.,Secret Location Inc.",1,0,0,0,0,0,0,0,0,0,0,0,0,1,0,0,0,0,0,0,0,0,0,0,0,0,0,0
2016.0,13.0,0,2.99,0,Storm Sharks Production,"Storm Sharks Production,Storm Sharks Production",1,1,1,1,1,0,0,0,0,0,0,0,0,1,1,1,1,0,1,0,0,0,0,0,0,0,0,0
2015.0,,1,5.99,0,Capcom,"Capcom,Capcom",1,1,0,0,0,0,0,0,0,0,0,0,0,1,0,1,0,0,0,0,0,0,0,0,0,0,0,0
2015.0,8.0,0,4.99,0,Brandon Brizzi,"Brandon Brizzi,Brandon Brizzi",0,1,0,1,0,0,0,0,0,0,0,0,0,0,1,1,0,0,0,0,0,0,0,0,0,0,0,0
2018.0,41.0,0,9.99,0,"Formal Sheep, LLC","Formal Sheep, LLC,Formal Sheep, LLC",0,0,0,1,0,0,0,0,0,0,0,0,0,0,1,0,0,0,1,0,0,0,0,0,0,0,0,0
2017.0,,1,2.99,0,Boogygames Studios,"Boogygames Studios,Boogygames Studios",0,1,0,1,0,0,1,0,0,0,0,1,0,0,1,1,0,1,0,0,0,0,0,0,0,1,0,0
2017.0,,1,0.0,1,iDragons creative studio,,0,0,0,0,0,0,0,0,0,0,0,0,0,1,0,0,0,0,0,0,0,0,0,0,0,0,0,0
2015.0,,1,9.99,0,"PlayWay,Si7","Ravenscourt,Ravenscourt",0,0,0,0,0,1,0,0,0,0,0,0,0,0,0,0,0,0,0,1,0,0,0,0,0,0,0,0
2017.0,6.0,0,3.99,0,7DOTS,"Dagestan Technology,Dagestan Technology",0,1,1,1,0,0,0,0,0,0,0,0,0,0,1,1,0,0,1,0,0,0,0,0,0,1,1,0
2017.0,,1,14.99,0,Bloom Digital Media,"Bloom Digital Media,Bloom Digital Media",0,1,1,1,1,1,0,0,0,0,0,0,0,0,1,1,1,0,1,1,0,0,0,0,0,0,0,0
2017.0,44.0,0,,0,Solid Patterns,"Solid Patterns,Solid Patterns",1,0,0,1,0,0,0,0,0,1,0,1,0,1,1,0,0,0,0,0,0,0,0,0,0,0,0,0
2015.0,,1,9.99,0,DiggerWorld Ltd.,"DiggerWorld Ltd.,DiggerWorld Ltd.",1,1,0,0,0,0,0,0,0,0,0,0,0,1,1,1,1,0,0,1,0,0,1,0,1,0,1,0
2015.0,12.0,0,15.0,0,Tipping Goat LLC,"Tipping Goat LLC,Tipping Goat LLC",1,0,0,1,0,0,0,1,0,0,0,0,0,1,1,0,0,0,0,0,1,0,1,0,0,1,0,1
2016.0,47.0,0,9.99,0,Lazy Bear Games,"tinyBuild,tinyBuild",0,0,0,1,1,0,1,0,0,0,0,0,0,1,1,0,1,1,1,1,1,0,0,0,0,1,1,1
2017.0,,1,0.0,1,OneTechAsia,"OneTechAsia,OneTechAsia",0,1,0,0,0,1,0,0,0,0,0,1,0,0,0,1,0,0,0,1,0,0,0,0,0,0,0,0
2017.0,8.0,0,,0,KEXBOY,"KEXBOY,KEXBOY",0,1,1,1,0,0,0,0,0,1,0,0,0,0,1,1,0,0,1,0,0,0,0,0,0,0,1,0
2016.0,,1,19.99,0,Behaviour Digital Inc.,"Behaviour Digital Inc.,Behaviour Digital Inc.",1,0,0,0,0,0,0,0,0,0,0,0,0,1,0,1,0,1,0,0,0,0,1,0,0,0,0,1
2015.0,,1,9.99,0,tobyfox,,0,0,0,1,1,0,0,0,0,0,0,0,0,0,1,0,1,0,0,0,0,0,0,0,0,1,1,0
2013.0,,1,14.99,0,Eagle Dynamics SA,"The Fighter Collection,The Fighter Collection",0,0,0,0,0,1,0,0,0,0,0,0,0,0,0,0,0,0,0,1,0,0,0,0,0,0,0,0
2017.0,13.0,0,8.99,0,N-Gon Entertainment,"Headup Games,Headup Games",1,0,1,1,0,0,0,0,0,0,0,0,0,1,1,0,0,0,1,0,0,0,0,0,0,0,0,0
2016.0,9.0,0,67.96,0,Bombservice,"AGM PLAYISM,AGM PLAYISM",1,1,0,1,0,0,0,0,0,0,0,0,0,1,1,1,0,0,0,0,0,0,0,0,0,1,1,1
2017.0,50.0,0,59.99,0,Bethesda Game Studios,"Bethesda Softworks,Bethesda Softworks",0,0,0,0,1,0,0,0,0,0,0,0,0,1,0,1,1,0,0,0,0,0,1,1,1,1,1,1
2009.0,,1,9.99,0,3000AD,"3000AD,3000AD",1,0,0,0,0,1,0,0,0,0,0,0,0,1,0,0,0,0,0,1,0,0,0,0,0,0,0,0
2016.0,,1,1.99,0,HFM Games,"HFM Games,HFM Games",1,1,1,1,0,0,0,1,1,0,1,1,0,1,1,1,0,0,1,0,1,1,1,0,0,0,0,0
2017.0,20.0,0,28.97,0,"Mindware Co.,Ltd.","Mindware Co.,Ltd.,Mindware Co.,Ltd.",1,0,0,1,0,0,0,0,0,0,0,0,0,1,1,0,0,0,0,0,0,0,0,0,0,0,0,0
2018.0,,1,14.99,0,PinkPeachStudio,"PinkPeach,PinkPeach",1,1,1,1,1,0,0,0,0,0,0,0,0,1,1,1,1,0,1,0,0,0,0,0,0,0,0,0
2015.0,,1,6.99,0,Space Monkey International,"1C Company,1C Company",0,1,1,0,0,0,0,0,0,0,0,0,0,0,0,1,0,0,1,0,0,0,0,0,0,0,0,0
2016.0,118.0,0,0.99,0,Quiet River,"Quiet River,Quiet River",0,0,1,1,0,0,0,0,0,0,0,0,0,0,1,0,0,0,1,0,0,0,0,0,0,1,1,1
2019.0,5.0,0,0.99,0,Bad Coffee Games,"Bad Coffee Games,Bad Coffee Games",0,0,1,1,0,0,0,0,0,0,0,0,0,0,1,0,0,0,1,0,0,0,0,0,0,0,0,0
2016.0,12.0,0,9.99,0,"VisualPath,IndieVision Studio","VisualPath,VisualPath",0,1,0,1,1,0,0,0,0,0,0,0,0,0,1,1,1,0,0,0,0,0,0,0,0,0,0,0
2016.0,,1,14.99,0,"Pyramid,Chara-Ani","Degica,Degica",1,0,0,0,0,0,0,0,0,0,0,0,0,1,0,0,0,0,0,0,0,0,0,0,0,0,0,0
2016.0,,1,4.99,0,Mauro Vos,"Paradox Interactive,Paradox Interactive",0,0,0,0,0,1,1,0,0,0,0,0,0,0,0,0,0,1,0,1,0,0,0,0,0,0,0,0
2017.0,11.0,0,2.99,0,All Seeing Eye Games,"All Seeing Eye Games,All Seeing Eye Games",1,0,0,1,0,0,0,0,0,0,0,0,0,1,1,0,0,0,1,0,0,0,0,0,0,0,1,0
2017.0,1.0,0,7.99,0,DRUNKEN APES,"DRUNKEN APES,DRUNKEN APES",1,1,1,1,0,0,0,0,0,0,0,1,0,1,1,1,0,0,1,0,0,0,0,0,0,0,0,0
2018.0,,1,,0,UNAmedia,"UNAmedia,UNAmedia",0,0,0,0,0,0,0,0,0,0,0,1,1,0,0,0,0,0,0,0,0,0,0,0,0,0,0,0
2010.0,,1,9.99,0,Ubisoft Romania,"Ubisoft,Ubisoft",0,0,0,0,0,1,0,0,0,0,0,0,0,0,0,0,0,1,0,1,0,0,1,0,0,1,1,1
2013.0,,1,2.99,0,,"Strategy First,Strategy First",0,0,0,0,0,1,0,0,0,0,0,0,0,0,0,0,0,0,0,1,1,0,0,0,0,0,0,0
2015.0,,1,4.99,0,Best Gaem Studio,"Best Gaem Studio,Best Gaem Studio",0,1,1,1,1,1,0,0,0,0,0,0,0,0,1,1,1,0,1,1,0,0,0,0,0,0,0,0
2017.0,,1,49.99,0,Eagle Dynamics SA,"Eagle Dynamics SA,Eagle Dynamics SA",0,0,0,0,0,1,0,0,0,0,0,0,0,0,0,0,0,0,0,1,0,0,0,0,0,0,0,0
2019.0,20.0,0,14.99,0,Mild Beast Games,"Versus Evil,Versus Evil",1,0,1,1,0,0,0,0,0,0,0,0,0,1,1,0,0,0,1,0,0,0,1,0,1,0,0,0
2016.0,,1,,0,"Apocoplay LLC,Ludeme Games,Coreedge Inc","Apocoplay LLC,Apocoplay LLC",0,0,0,1,0,0,1,0,0,1,0,0,0,0,1,0,0,1,0,0,0,0,0,0,0,0,0,0
2014.0,,1,,0,Super Duper Garrett Cooper,"Super Duper Garrett Cooper,Super Duper Garrett Cooper",1,0,0,1,1,0,0,0,0,0,0,0,0,1,1,0,1,0,0,0,0,0,0,0,0,0,0,0
2015.0,31.0,0,9.99,0,LifeSpark Entertainment,"LifeSpark Entertainment,LifeSpark Entertainment",1,1,0,1,1,0,0,0,0,0,0,0,0,1,1,1,1,0,0,0,0,0,0,0,0,0,0,0
2015.0,,1,3.99,0,Haemimont Games,"Kalypso Media Digital,Kalypso Media Digital",0,0,0,0,1,1,1,0,0,0,0,0,0,0,0,0,1,1,0,1,0,0,0,0,0,0,0,0
2017.0,12.0,0,9.99,0,Davit Andreasyan,"Iceberg Interactive,Iceberg Interactive",0,1,0,1,0,0,0,0,0,0,0,0,0,0,1,1,0,0,0,0,0,0,0,0,0,0,0,0
2016.0,13.0,0,19.99,0,Night School Studio,"Night School Studio,Night School Studio",0,1,0,1,0,0,0,0,0,0,0,0,0,0,1,1,0,0,0,0,0,0,0,0,0,1,1,0
2013.0,29.0,0,4.99,0,Zootfly,"505 Games,505 Games",1,1,0,0,0,0,0,0,0,0,0,0,0,1,1,1,0,0,0,0,0,0,0,0,0,1,1,1
2015.0,,1,2.99,0,Capcom,"Capcom,Capcom",1,1,0,0,0,0,0,0,0,0,0,0,0,1,0,1,0,0,0,0,0,0,0,0,0,0,0,0
2015.0,29.0,0,8.99,0,Astronomic Games,"New Reality Games,New Reality Games",0,1,0,1,1,0,0,0,0,0,0,0,0,0,1,1,1,0,0,0,0,0,0,0,0,0,0,0
2019.0,10.0,0,6.99,0,"Halit Büyükyılmaz,Kaan Kurtuluş","Halit Büyükyılmaz,Halit Büyükyılmaz",0,1,1,1,0,0,0,0,0,0,0,1,0,0,1,1,0,0,1,0,0,0,0,0,0,1,0,0
2018.0,,1,,0,Ninja Kiwi,"Ninja Kiwi,Ninja Kiwi",0,0,0,0,1,0,0,0,0,0,0,0,0,0,0,1,1,1,0,0,0,0,1,0,0,0,0,0
2014.0,5.0,0,4.99,0,Fireproof Games,"Fireproof Games,Fireproof Games",0,1,0,1,0,0,0,0,0,0,0,0,0,0,1,1,0,0,1,0,0,0,0,0,0,1,1,1
2019.0,,1,,0,AMT Games,"AMT Games,AMT Games",0,0,1,1,0,0,1,0,0,1,1,0,0,0,1,0,0,1,1,0,0,0,1,0,0,0,0,0
2018.0,,1,19.99,0,Peernet Games,"Peernet Games,Peernet Games",1,1,0,1,1,0,0,0,0,0,0,1,0,1,1,1,1,0,0,0,0,0,0,0,0,0,0,0
2018.0,,1,3.99,0,Yurae,"PsychoFlux Entertainment,PsychoFlux Entertainment",0,1,1,1,0,0,0,0,0,0,0,0,0,0,1,1,0,0,1,0,0,0,0,0,0,1,0,0
2016.0,,1,,0,CREATIVE ASSEMBLY,"SEGA,SEGA",0,0,0,0,0,0,1,0,0,1,0,0,0,1,0,0,0,1,1,0,0,0,1,0,0,1,1,1
2016.0,50.0,0,49.99,0,"Spike Chunsoft Co., Ltd.","BANDAI NAMCO Entertainment,BANDAI NAMCO Entertainment",1,0,0,0,0,0,0,0,0,0,0,0,0,1,0,0,0,0,0,0,0,0,1,0,0,1,1,1
2016.0,73.0,0,19.99,0,Wastelands Interactive,"Wastelands Interactive,Wastelands Interactive",0,0,0,1,1,1,1,0,0,0,0,0,0,0,1,0,1,1,0,1,0,0,0,0,0,0,0,0
2016.0,25.0,0,9.99,0,HandyGames,"HandyGames,HandyGames",0,0,1,0,0,1,0,0,0,0,0,0,0,0,0,0,0,0,1,1,0,0,0,0,0,0,0,0
2017.0,5.0,0,1.99,0,Tonguç Bodur,"Tonguç Bodur,Tonguç Bodur",0,1,1,1,0,0,0,0,0,0,0,0,0,0,1,1,0,0,1,0,0,0,0,0,0,1,0,0
2016.0,,1,4.99,0,"A. Fruit,Alexey Bokulev,Sergei Klimov,Charlie Oscar Lima Tango Interactive Entertainment","The Merchant Guild of Run (Limited),The Merchant Guild of Run (Limited)",0,0,0,1,0,0,1,0,0,0,0,0,0,0,1,0,0,1,0,0,0,0,0,0,0,0,0,0
2014.0,,1,,0,Senshi.Labs,"Senshi.Labs,Senshi.Labs",0,0,1,1,1,0,0,0,0,1,0,0,0,0,1,0,1,0,1,0,0,0,0,0,0,0,0,0
2014.0,6.0,0,2.99,0,Matthew Brown,"Matthew Brown,Matthew Brown",0,0,1,1,0,0,1,0,0,0,0,0,0,0,1,0,0,1,1,0,0,0,0,0,0,1,1,1
2017.0,40.0,0,29.99,0,Logic Artists,"THQ Nordic,THQ Nordic",0,0,0,1,1,0,1,0,0,0,0,0,0,0,1,1,1,1,0,0,0,0,1,0,0,1,1,1
2014.0,47.0,0,9.99,0,Sproing,"THQ Nordic,THQ Nordic",0,0,0,0,0,1,1,0,0,0,0,0,0,0,0,0,0,1,0,1,0,0,0,0,0,0,0,0
2018.0,8.0,0,0.99,0,Malaca Games,"MoyBatya,MoyBatya",0,0,1,0,0,1,0,0,0,0,0,0,0,0,0,0,0,0,1,1,0,0,0,0,0,0,0,0
2016.0,,1,6.99,0,Brainchild,"Brainchild,Brainchild",0,1,0,1,0,0,0,0,0,0,0,0,0,0,1,1,0,0,0,0,0,0,0,0,0,0,0,0
2019.0,,1,19.99,0,Super Icon Ltd,"PQube Limited,PQube Limited",1,1,0,1,0,0,0,0,0,0,0,0,0,1,1,1,0,0,0,0,0,0,0,0,0,0,0,0
2017.0,,1,3.99,0,ZovGame,"Blue Whale Games,Blue Whale Games",0,0,1,1,0,1,0,1,0,0,0,0,0,0,1,0,0,0,1,1,1,0,0,0,0,0,0,0
2017.0,,1,0.0,1,marnamai,"marnamai,marnamai",1,0,0,0,0,0,0,0,0,1,0,0,0,1,0,0,0,0,0,0,0,0,1,1,1,1,1,1
2019.0,,1,4.99,0,"TALESSHOP Co., Ltd.",,0,0,1,1,0,1,0,0,0,0,0,0,0,0,1,0,0,0,1,1,0,0,0,0,0,0,0,0
2013.0,45.0,0,11.99,0,Square Enix,"Square Enix,Square Enix",0,0,0,0,1,0,0,0,0,0,0,0,0,1,0,1,1,0,0,0,0,0,0,0,0,1,1,1
2015.0,13.0,0,107.87,0,Atomicom Limited,"Green Man Gaming Publishing,Green Man Gaming Publishing",1,0,0,1,0,0,0,0,1,0,0,0,0,1,1,0,0,0,0,0,0,1,0,0,0,0,0,0
2017.0,5.0,0,0.99,0,Dexion Games,"Dexion Games,Dexion Games",0,0,1,1,0,1,1,0,0,0,0,0,0,0,1,0,0,1,1,1,0,0,0,0,0,0,0,0
2019.0,,1,2.99,0,FastGame,"FastGame,FastGame",0,0,0,1,0,1,1,1,0,0,0,0,0,0,1,0,0,1,0,1,1,0,0,0,0,0,0,0
2017.0,41.0,0,24.99,0,"Gothic Labs,The Lordz Games Studio","Slitherine Ltd.,Slitherine Ltd.",0,0,0,0,0,1,1,0,0,0,0,0,0,0,1,0,0,1,0,1,0,0,0,0,0,1,0,0
2017.0,,1,19.99,0,Kmany Design,"Kmany Design,Kmany Design",0,0,0,0,0,0,0,0,0,0,0,1,1,0,1,0,1,0,0,0,0,0,0,0,0,0,0,0
2018.0,,1,0.0,1,PigeonCube Studios,"PigeonCube Studios,PigeonCube Studios",1,1,0,1,0,0,0,0,0,0,0,0,0,1,1,1,0,0,0,0,0,0,0,0,0,0,0,0
2017.0,12.0,0,,0,The Gentlebros,"PQube Limited,PQube Limited",1,1,0,1,1,0,0,0,0,0,0,0,0,1,1,1,1,0,1,0,0,0,1,0,0,1,1,1
2018.0,10.0,0,6.99,0,SVGames,"SVGames,SVGames",0,1,0,1,0,1,0,0,0,0,0,0,0,0,1,1,0,0,0,1,0,0,0,0,0,0,0,0
2016.0,,1,2.99,0,Capitola VR,"Capitola VR,Capitola VR",1,0,1,1,0,0,0,0,0,0,0,0,0,1,1,0,0,0,1,0,0,0,0,0,0,0,0,0
2017.0,28.0,0,19.99,0,Studio MDHR Entertainment Inc.,"Studio MDHR Entertainment Inc.,Studio MDHR Entertainment Inc.",1,0,0,1,0,0,0,0,0,0,0,0,0,1,1,0,0,0,0,0,0,0,1,0,0,1,1,1
2017.0,11.0,0,14.99,0,WolfCoder Workshop,"WOLFCODER WORKSHOP LLC,WOLFCODER WORKSHOP LLC",0,0,0,1,1,0,0,0,0,0,0,1,0,0,1,1,1,0,0,0,0,0,1,0,0,0,0,0
2017.0,,1,3.99,0,Rebellion,"Rebellion,Rebellion",1,1,0,0,0,0,0,0,0,0,0,0,0,1,0,1,0,0,0,0,0,0,0,0,0,0,0,0
2014.0,,1,99.99,0,Leadwerks Software,,0,0,0,0,0,0,0,0,0,0,0,0,0,0,0,0,0,0,0,0,0,0,0,0,0,0,0,0
2019.0,,1,,0,Expansive Worlds,,0,1,0,0,0,1,0,1,0,0,0,0,0,0,0,1,0,0,0,1,1,0,0,0,0,0,0,0
2014.0,,1,,0,Senscape,"Senscape,Senscape",0,1,0,1,0,0,0,0,0,0,0,0,0,0,1,1,0,0,0,0,0,0,0,1,0,1,1,0
2017.0,49.0,0,29.99,0,"KOEI TECMO GAMES CO., LTD.","KOEI TECMO GAMES CO., LTD.,KOEI TECMO GAMES CO., LTD.",0,0,0,0,1,0,0,0,0,0,0,0,0,1,0,0,1,0,0,0,0,0,0,0,0,1,1,1
2015.0,,1,19.99,0,"Kevin Nitschmann,Darius Bode","Aerosoft GmbH,Aerosoft GmbH",0,0,0,0,0,1,0,0,0,0,0,0,0,0,0,0,0,0,0,1,0,0,0,0,0,0,0,0
2017.0,23.0,0,11.99,0,Jajaben Games,"Indietopia Games ,Indietopia Games ",0,1,0,1,1,0,1,0,0,0,0,0,0,0,1,1,1,1,0,0,0,0,0,0,0,1,0,0
2017.0,124.0,0,1.99,0,GAMES FOR HUMANS,"GAMES FOR HUMANS,GAMES FOR HUMANS",1,0,1,1,0,0,0,0,0,0,0,0,0,1,1,0,0,0,1,0,0,0,0,0,0,0,0,0
2018.0,,1,36.73,0,RewindApp,"RewindApp,RewindApp",0,0,1,1,0,1,0,0,1,0,0,0,0,0,1,0,0,0,1,1,0,1,0,0,0,0,0,0
2013.0,,1,7.99,0,Haemimont Games,,0,0,0,0,0,1,1,0,0,0,0,0,0,0,0,0,0,1,0,1,0,0,0,0,0,0,0,0
2010.0,,1,6.99,0,studio4,"Akella,Akella",0,0,0,0,0,1,0,0,0,0,0,0,0,0,0,0,0,0,0,1,0,0,0,0,0,0,0,0
2010.0,,1,1.99,0,City Interactive,"CI Games,CI Games",1,0,0,0,0,0,0,0,0,0,0,0,0,1,0,0,0,0,0,0,0,0,0,0,0,0,0,0
2017.0,,1,6.99,0,Brace Yourself Games,"Brace Yourself Games,Brace Yourself Games",1,0,0,1,1,0,0,0,0,0,0,0,0,1,1,0,1,0,0,0,0,0,0,0,0,0,1,0
2015.0,11.0,0,17.99,0,"CINEMAX, s.r.o.","CINEMAX, s.r.o.,CINEMAX, s.r.o.",0,0,0,0,0,0,0,0,0,0,0,0,1,0,1,0,0,0,0,0,0,0,0,0,0,0,0,0
2017.0,14.0,0,14.99,0,Super Mega Team,"Adult Swim Games,Adult Swim Games",1,0,0,1,0,0,0,0,0,0,0,0,0,1,1,1,0,0,0,0,0,0,0,0,1,0,1,0
2019.0,,1,,0,Flow Fire Games,"Flow Fire Games,Flow Fire Games",1,0,0,1,0,0,0,0,0,1,0,0,0,1,1,0,0,0,0,0,0,0,1,0,1,0,1,0
2018.0,,1,0.0,1,Streum On Studio,"Focus Home Interactive,Focus Home Interactive",1,1,0,0,0,0,0,0,0,0,0,0,0,1,0,1,0,0,0,0,0,0,0,0,0,0,0,0
2017.0,80.0,0,9.99,0,Arc System Works,"Arc System Works,Arc System Works",0,0,0,0,0,1,0,0,0,0,0,0,0,0,0,0,0,0,0,1,0,0,0,0,0,1,0,0
2015.0,12.0,0,9.99,0,Jae Lee Productions,"Digital Tribe,Digital Tribe",1,0,0,1,0,0,0,0,0,0,0,0,0,1,1,0,0,0,0,0,0,0,0,0,0,0,1,0
2016.0,23.0,0,130.92,0,Teku Studios,"Daedalic Entertainment,Daedalic Entertainment",0,1,0,1,0,0,0,0,0,0,0,0,0,0,1,1,0,0,0,0,0,0,0,0,0,0,0,1
2018.0,39.0,0,19.99,0,Slipgate Ironworks™,"HandyGames,3D Realms,HandyGames,3D Realms",1,1,0,1,0,0,0,0,0,0,0,0,0,1,1,1,0,0,0,0,0,0,0,0,0,0,0,0
2017.0,,1,4.99,0,GSC Game World,,0,0,0,0,0,0,1,0,0,0,0,0,0,0,0,0,0,1,0,0,0,0,1,0,0,1,0,0
2018.0,,1,14.99,0,MC Games,"MC Games,MC Games",1,1,0,0,0,1,1,0,0,0,0,0,0,1,1,1,0,1,0,1,0,0,0,0,0,0,0,0
2011.0,35.0,0,4.99,0,SCS Software,"SCS Software,SCS Software",0,0,0,1,0,1,0,0,0,0,0,0,0,0,1,0,0,0,0,1,0,0,0,0,0,1,0,1
2016.0,11.0,0,,0,Springloaded,"Springloaded,Springloaded",0,0,1,1,0,0,0,0,0,1,0,0,0,0,1,0,0,0,1,0,0,0,0,0,0,0,1,0
2010.0,,1,14.99,0,"Infinity Ward,Aspyr (Mac)","Activision,Aspyr (Mac),Activision,Aspyr (Mac)",1,0,0,0,0,0,0,0,0,0,0,0,0,1,0,0,0,0,0,0,0,0,1,1,0,1,0,1
2018.0,,1,1.99,0,Pin-Point,"Paradise Project,Paradise Project",0,1,0,1,1,0,0,0,0,0,0,0,0,0,1,1,1,0,0,0,0,0,0,0,0,0,0,0
2016.0,13.0,0,12.99,0,Spelkraft,"Might and Delight,Might and Delight",0,1,0,1,0,0,0,0,0,0,0,0,0,0,1,1,0,0,0,0,0,0,0,0,0,0,0,0
2018.0,8.0,0,4.99,0,vidiludi games and entertainment,"vidiludi games and entertainment,vidiludi games and entertainment",1,1,1,1,0,1,1,0,0,0,0,0,0,1,1,1,0,1,1,1,0,0,0,0,0,0,0,0
2018.0,57.0,0,9.99,0,Sköll Studio,"Light Maze,Light Maze",0,0,0,1,0,0,0,0,0,0,0,0,0,0,1,0,0,0,0,0,0,0,0,0,0,0,0,0
2016.0,20.0,0,7.99,0,neko.works,"neko.works,neko.works",0,0,0,1,0,1,0,1,1,0,0,0,0,0,1,0,0,0,0,1,1,1,0,0,0,1,0,0
2019.0,,1,1.99,0,白信鸽工作室,"白信鸽工作室,白信鸽工作室",0,0,1,1,0,0,1,0,0,0,0,0,0,0,1,0,0,1,1,0,0,0,0,0,0,0,0,0
2014.0,,1,,0,Choice of Games,"Choice of Games,Choice of Games",0,1,0,1,1,0,0,0,0,0,0,0,0,0,1,1,1,0,0,0,0,0,0,0,0,0,0,0
2017.0,,1,6.99,0,Mahdi Bahrami,"Mahdi Bahrami,Mahdi Bahrami",0,0,0,1,0,0,0,0,0,0,0,0,0,0,1,0,0,0,0,0,0,0,0,0,0,0,0,0
2018.0,,1,9.99,0,Klei Entertainment,"Klei Entertainment,Klei Entertainment",0,1,0,1,0,1,0,0,0,0,0,0,0,0,1,1,0,0,0,1,0,0,0,0,0,0,0,0
2017.0,24.0,0,14.99,0,Stroboskop,"Stroboskop,Stroboskop",0,1,0,0,0,0,0,0,0,0,0,0,0,0,0,1,0,0,0,0,0,0,0,0,0,0,0,0
2017.0,,1,7.99,0,"What Pumpkin Games, Inc.","What Pumpkin Games, Inc.,What Pumpkin Games, Inc.",0,1,0,1,1,0,0,0,0,0,0,0,0,0,1,1,1,0,0,0,0,0,0,0,0,0,0,0
2011.0,67.0,0,29.99,0,"2K Czech,Feral Interactive (Mac)","2K,Feral Interactive (Mac),2K,Feral Interactive (Mac)",1,0,0,0,0,0,0,0,0,0,0,0,0,1,0,1,0,0,0,0,0,0,1,0,1,1,1,1
2017.0,70.0,0,0.99,0,"hyperboreanGames,Svarog Studios","Back To Basics Gaming,Back To Basics Gaming",1,0,1,1,0,1,0,0,0,0,0,0,0,1,1,0,0,0,1,1,0,0,0,0,0,1,1,1
2018.0,,1,,0,upjers,"upjers,upjers",1,0,1,0,0,0,0,0,0,1,0,0,0,1,0,0,0,1,1,0,0,0,1,0,0,0,0,0
2015.0,,1,1.99,0,Brace Yourself Games,,1,0,0,1,1,0,0,0,0,0,0,0,0,1,1,0,1,0,0,0,0,0,0,0,0,0,0,0
2014.0,,1,4.99,0,Vinci Games,"Vinci Games,Vinci Games",1,0,0,1,0,0,0,0,0,0,0,0,0,1,1,0,0,0,0,0,0,0,0,1,1,0,0,0
2019.0,,1,14.99,0,BusTrainz,"Aerosoft GmbH,Aerosoft GmbH",0,0,0,0,0,1,0,0,0,0,0,0,0,0,0,0,0,0,0,1,0,0,0,0,0,0,0,0
2017.0,15.0,0,6.99,0,Elknight,"Elknight,Elknight",1,0,1,1,0,0,0,0,0,0,0,0,0,1,1,0,0,0,1,0,0,0,0,0,0,0,0,0
2019.0,,1,,0,Foxie Games,"App Business Ventures LLC,App Business Ventures LLC",1,1,1,0,1,1,0,0,1,1,1,0,0,1,0,1,1,0,1,1,0,1,1,0,0,0,0,0
2015.0,21.0,0,4.99,0,Andy Wallace,"EQG,EQG",1,1,0,1,0,0,0,0,0,0,0,0,0,1,1,1,0,0,1,0,0,0,1,0,1,1,1,1
2018.0,,1,5.99,0,Danl2o2o,"Danl2o2o,Danl2o2o",1,1,0,1,1,0,0,0,0,0,0,0,0,1,1,1,1,0,0,0,0,0,0,0,0,0,0,0
2016.0,16.0,0,3.99,0,,,1,0,0,1,0,0,0,0,1,0,0,0,0,1,1,0,0,0,0,0,0,1,0,0,0,0,0,0
2017.0,8.0,0,8.99,0,Jeroen Wimmers,"Jeroen Wimmers,Jeroen Wimmers",0,0,1,1,0,0,0,0,0,0,0,0,0,0,1,0,0,0,1,0,0,0,0,0,0,0,0,0
2015.0,,1,0.99,0,Miguel Lleras,"Miguel Lleras,Miguel Lleras",1,0,0,1,0,0,0,0,0,0,0,0,0,1,1,0,0,0,0,0,0,0,0,0,0,0,0,0
2017.0,,1,1.99,0,Runner Duck,"Curve Digital ,Curve Digital ",0,0,0,0,0,1,1,0,0,0,0,0,0,0,0,0,0,1,0,1,0,0,0,0,0,0,0,0
2014.0,23.0,0,14.99,0,MercurySteam,"Konami Digital Entertainment,Konami Digital Entertainment",1,1,0,0,0,0,0,0,0,0,0,0,0,1,0,1,0,0,0,0,0,0,0,0,0,1,1,1
2018.0,14.0,0,69.95,0,Lienzo,"Lienzo,Lienzo",1,1,0,1,0,0,0,0,0,0,0,0,0,1,1,1,0,0,0,0,0,0,0,0,0,0,0,0
2017.0,,1,,0,"KOEI TECMO GAMES CO., LTD.","KOEI TECMO GAMES CO., LTD.,KOEI TECMO GAMES CO., LTD.",0,0,0,0,0,1,0,0,0,0,0,0,0,0,0,0,0,0,0,1,0,0,0,0,0,0,0,0
2017.0,20.0,0,9.99,0,Visumeca Games,"Visumeca Games,Visumeca Games",1,1,1,1,0,0,1,0,0,0,0,0,0,1,1,1,0,1,1,0,0,0,0,0,0,1,0,0
2017.0,,1,16.99,0,Heluo Studio,"FHYX（凤凰游戏）,FHYX（凤凰游戏）",0,1,0,0,1,0,1,0,0,0,0,0,0,0,0,1,1,1,0,0,0,0,0,0,0,0,1,0
2017.0,,1,9.99,0,"Capcom Game Studio Vancouver, Inc.","Capcom,Capcom",1,0,0,0,0,0,0,0,0,0,0,0,0,1,0,0,0,0,0,0,0,0,0,0,0,0,0,0
2013.0,36.0,0,11.99,0,Square Enix,"Square Enix,Square Enix",0,0,0,0,1,0,0,0,0,0,0,0,0,0,0,1,1,1,0,0,0,0,0,0,0,1,1,1
2019.0,,1,11.99,0,Julian Glander,"Glanderco,Glanderco",0,0,1,1,0,1,0,0,0,0,0,0,0,0,1,0,0,0,1,1,0,0,0,0,0,0,0,0
2018.0,,1,,0,Different Game Studio,"Different Game Studio,Different Game Studio",1,1,1,1,0,0,0,0,0,1,0,1,0,1,1,1,0,0,1,0,0,0,0,0,0,0,0,0
2019.0,12.0,0,12.99,0,StelloHexis,"StelloHexis,StelloHexis",0,0,0,1,1,0,1,0,0,0,0,0,0,0,1,0,1,1,0,0,0,0,0,0,0,1,0,0
2016.0,17.0,0,9.99,0,"The House of Fables,Gogii Games","Artifex Mundi,Artifex Mundi",0,1,1,0,0,0,0,0,0,0,0,0,0,0,1,1,0,0,1,0,0,0,0,0,0,1,0,0
2015.0,,1,14.99,0,Eversim,"Eversim,Eversim",0,0,0,1,0,1,1,0,0,0,0,0,0,0,1,0,0,1,0,1,0,0,0,0,0,0,0,0
2014.0,24.0,0,0.99,0,Giant Box Games,"Giant Box Games,Giant Box Games",1,0,0,1,1,0,0,0,0,0,0,0,0,1,1,0,1,0,0,0,0,0,0,0,1,0,0,0
2008.0,,1,9.99,0,Ubisoft Montreal,"Ubisoft,Ubisoft",1,1,0,0,0,0,0,0,0,0,0,0,0,1,0,1,0,0,0,0,0,0,0,0,0,1,1,1
2018.0,31.0,0,19.99,0,Grab Games,"Grab Games,Grab Games",0,0,0,0,0,0,0,1,0,0,0,0,0,0,0,0,0,0,0,0,1,0,0,0,0,0,0,0
2019.0,,1,12.99,0,Draw Distance,"Draw Distance,Draw Distance",1,0,0,0,0,0,0,0,0,0,0,1,0,1,1,0,0,0,0,0,0,0,0,0,1,1,0,0
2008.0,,1,12.99,0,GFI Russia,"Game Factory Interactive,Game Factory Interactive",0,0,0,0,0,0,1,0,0,0,0,0,0,0,0,0,0,1,0,0,0,0,0,0,0,0,0,0
2013.0,,1,0.99,0,"Crystal Dynamics,Feral Interactive (Mac),Feral Interactive (Linux)","Square Enix,Feral Interactive (Mac),Feral Interactive (Linux),Square Enix,Feral Interactive (Mac),Feral Interactive (Linux)",1,1,0,0,0,0,0,0,0,0,0,0,0,1,0,1,0,0,0,0,0,0,0,0,0,0,0,0
2017.0,30.0,0,6.99,0,"Pixel Prototype, LLC","Pixel Prototype, LLC,Pixel Prototype, LLC",0,1,0,1,0,1,1,0,0,0,0,0,0,0,1,1,0,1,1,1,0,0,0,0,0,1,0,1
2018.0,,1,0.0,1,PixelKiln,"PixelKiln,PixelKiln",1,1,1,1,0,0,0,0,0,1,0,0,0,1,1,1,0,0,1,0,0,0,0,1,0,0,0,0
2017.0,21.0,0,,0,Noble Master LLC,"Noble Master LLC,Noble Master LLC",0,0,0,1,0,0,1,0,0,1,0,0,0,0,1,0,0,1,0,0,0,0,1,0,0,0,1,0
2017.0,32.0,0,2.99,0,Ploosh GmbH,"Ploosh GmbH,Ploosh GmbH",0,1,1,1,0,0,0,0,0,0,0,0,0,0,1,1,0,0,1,0,0,0,0,0,0,1,0,0
2012.0,71.0,0,14.99,0,BlackMark Studio,"Akella,Akella",0,0,0,0,1,0,0,0,0,0,0,0,0,0,0,1,1,0,0,0,0,0,0,0,0,0,1,0
2018.0,,1,4.99,0,Music Breath,"Music Breath,Music Breath",0,0,0,0,0,0,0,0,0,0,0,0,1,0,0,0,0,0,0,0,0,0,0,0,0,0,0,0
2019.0,,1,5.99,0,TT Games,,1,1,0,0,0,0,0,0,0,0,0,0,0,1,0,1,0,0,0,0,0,0,0,0,0,0,0,0
2018.0,1.0,0,6.99,0,Souluted Games,"Souluted Games,Souluted Games",0,1,0,1,0,0,0,0,0,0,0,0,0,0,1,1,0,0,0,0,0,0,0,0,0,0,0,0
2011.0,,1,9.99,0,Endlessfluff Games,"Endlessfluff Games,Endlessfluff Games",0,0,1,1,0,0,0,0,0,0,0,0,0,0,1,0,1,0,1,0,0,0,0,0,0,0,0,0
2019.0,8.0,0,4.99,0,HZ3 Software,"AGM PLAYISM,AGM PLAYISM",0,1,1,1,0,0,0,0,0,0,0,0,0,0,1,1,0,0,1,0,0,0,0,0,0,1,0,0
2015.0,,1,,0,John Wizard,"John Wizard,John Wizard",0,0,0,1,1,0,1,0,0,0,0,0,0,0,1,0,1,1,0,0,0,0,0,0,0,0,1,0
2016.0,50.0,0,2.99,0,GoManga Interactive,"IV Productions,IV Productions",1,1,0,1,0,0,0,0,0,0,0,0,0,1,1,1,0,0,0,0,0,0,0,0,0,0,0,0
2015.0,16.0,0,17.99,0,Team Junkfish,"Junkfish Limited,Junkfish Limited",0,0,0,1,0,0,0,0,0,0,0,0,0,1,1,0,0,0,0,0,0,0,0,0,0,1,1,1
2019.0,,1,12.99,0,Funnypack,"Funnypack,Funnypack",1,0,0,1,0,0,0,1,0,0,0,0,0,1,1,0,0,0,0,0,1,0,0,0,0,0,0,0
2013.0,,1,0.99,0,Capcom,"Capcom,Capcom",1,1,0,0,0,0,0,0,0,0,0,0,0,1,0,1,0,0,0,0,0,0,0,0,0,0,0,0
2017.0,20.0,0,10.99,0,Studio HG,"YJM GAMES,YJM GAMES",1,0,1,0,0,0,0,0,0,0,0,0,0,1,0,0,0,0,1,0,0,0,0,0,0,0,0,0
2016.0,51.0,0,19.99,0,EXAMU,"XSEED Games,Marvelous USA, Inc.,Marvelous,XSEED Games,Marvelous USA, Inc.,Marvelous",1,0,0,0,0,0,0,0,0,0,0,0,0,1,0,0,0,0,0,0,0,0,0,0,0,1,1,1
2018.0,31.0,0,14.99,0,Kimmo Lahtinen,"Kimmo Lahtinen,Kimmo Lahtinen",1,0,0,1,0,0,0,0,0,0,0,0,0,1,1,0,1,0,0,0,0,0,0,0,0,1,0,0
2016.0,15.0,0,7.99,0,"SNK CORPORATION,DotEmu","SNK CORPORATION,SNK CORPORATION",1,0,0,0,0,0,0,0,0,0,0,0,0,1,0,0,0,0,0,0,0,0,0,0,0,0,0,0
2014.0,,1,,0,Peoleo Entertainment,"Peoleo Entertainment,Peoleo Entertainment",0,0,0,1,0,0,1,0,0,1,0,0,0,1,1,0,0,1,0,0,0,0,0,0,0,0,0,0
2018.0,84.0,0,,0,Digitalmindsoft,"Digitalmindsoft,Digitalmindsoft",1,0,0,1,0,1,1,0,0,1,0,0,0,1,1,0,0,1,0,1,0,0,1,1,1,1,1,1
2014.0,1.0,0,4.99,0,WZOGI,"WZOGI,WZOGI",0,1,0,1,0,0,0,0,0,0,0,0,0,0,1,1,1,0,0,0,0,0,0,0,0,1,1,1
2018.0,50.0,0,14.99,0,Stitch Heads Entertainment,"Stitch Heads Entertainment,Stitch Heads Entertainment",1,0,0,1,0,0,0,1,0,0,0,0,0,1,1,0,0,0,0,0,1,0,1,0,0,0,0,0
2014.0,,1,0.99,0,HCP Games,"HCPGames,HCPGames",0,1,0,1,0,0,0,0,0,0,0,0,0,0,1,1,0,0,0,0,0,0,0,0,0,0,0,0
2015.0,,1,2.99,0,Ankama Animations,,0,0,0,0,0,0,0,0,0,0,0,0,0,1,0,0,0,0,0,0,0,0,0,0,0,0,0,0
2016.0,10.0,0,19.99,0,Overflow,"Phoenix Online Publishing,Phoenix Online Publishing",1,1,0,1,0,0,0,0,0,0,0,0,0,1,1,1,1,0,0,0,0,0,0,0,0,0,0,0
2009.0,,1,9.99,0,Wadjet Eye Games,"PlayFirst,PlayFirst",0,1,0,0,0,0,0,0,0,0,0,0,0,0,0,1,0,0,0,0,0,0,0,0,0,0,0,0
2016.0,10.0,0,4.99,0,TrerPlay,"TrerPlay,TrerPlay",0,0,1,1,0,1,0,0,0,0,0,0,0,0,1,0,0,0,1,1,0,0,0,0,0,1,1,0
2017.0,14.0,0,3.99,0,ClickGames,"ClickGames,ClickGames",1,1,0,1,0,0,0,0,0,0,0,0,0,1,1,1,0,0,0,0,0,0,0,0,0,0,0,0
2015.0,,1,7.99,0,Petroglyph,"Grey Box,Grey Box",0,0,0,0,0,0,1,0,0,0,0,0,0,0,0,0,0,1,0,0,0,0,0,0,0,0,0,0
2017.0,,1,,0,Super Suite Studios,"Super Suite Studios,Super Suite Studios",1,0,0,1,0,0,1,0,0,1,0,0,0,1,1,0,0,1,0,0,0,0,0,0,0,0,0,0
2012.0,,1,19.99,0,2x2 Games,"2x2 Games,2x2 Games",0,0,0,1,0,0,1,0,0,0,0,0,0,0,1,0,0,1,0,0,0,0,0,0,0,1,1,0
2019.0,14.0,0,6.99,0,thatgamecompany,"Annapurna Interactive,Annapurna Interactive",0,1,1,0,0,0,0,0,0,0,0,0,0,0,0,1,0,0,1,0,0,0,0,0,0,0,1,0
2015.0,,1,1.99,0,Rocksteady Sudios,,1,1,0,0,0,0,0,0,0,0,0,0,0,1,0,1,0,0,0,0,0,0,0,0,0,0,0,0
2018.0,6.0,0,0.0,1,LLC RIKOR IMT,"LLC RIKOR IMT,LLC RIKOR IMT",1,0,0,0,0,0,0,0,0,1,1,0,0,1,0,0,0,0,0,0,0,0,1,1,1,0,1,1
2017.0,,1,9.99,0,Portal Studios,"Portal Studios,Portal Studios",1,0,1,1,0,0,0,0,0,0,0,0,0,1,1,0,0,0,1,0,0,0,0,1,1,0,0,0
2016.0,9.0,0,6.99,0,Anarchy Enterprises,"Anarchy Enterprises,Anarchy Enterprises",0,1,1,1,0,0,0,0,0,0,0,0,0,0,1,1,0,0,1,0,0,0,0,0,0,1,0,0
2017.0,42.0,0,39.99,0,BANDAI NAMCO Studios Inc.,"BANDAI NAMCO Entertainment,BANDAI NAMCO Entertainment",1,0,0,0,0,0,0,1,0,0,0,0,0,1,0,0,0,0,0,0,1,0,1,0,0,1,1,1
2017.0,7.0,0,0.99,0,,,0,0,0,1,0,0,1,0,0,0,0,0,0,0,1,0,0,1,0,0,0,0,0,0,0,0,0,0
2018.0,22.0,0,14.99,0,Team HalfBeard,"Team HalfBeard,Team HalfBeard",0,1,1,1,0,0,0,0,0,0,0,0,0,0,1,1,0,0,1,0,0,0,0,0,0,1,1,0
2019.0,59.0,0,29.99,0,SEGA,"SEGA,SEGA",1,1,0,0,1,0,0,0,0,0,0,0,0,1,0,1,1,0,0,0,0,0,0,0,0,1,1,1
2014.0,39.0,0,1.99,0,Hollowings,"Hollowings,Hollowings",0,1,1,1,0,0,0,0,0,0,0,0,0,0,1,1,0,0,1,0,0,0,0,0,0,0,1,0
2016.0,,1,19.99,0,CD PROJEKT RED,"CD PROJEKT RED,CD PROJEKT RED",0,0,0,0,1,0,0,0,0,0,0,0,0,1,0,1,1,0,0,0,0,0,0,0,0,1,1,1
2016.0,25.0,0,1.99,0,Ish Games,"Ish Games,Ish Games",0,0,1,1,0,1,1,0,0,0,0,0,0,0,1,0,0,1,1,1,0,0,0,0,0,0,0,0
2019.0,42.0,0,,0,Lemix game,"Lemix game,Lemix game",0,0,1,0,0,1,1,0,0,1,0,0,0,0,0,0,0,1,1,1,0,0,0,0,0,0,0,0
2018.0,17.0,0,9.99,0,"BEHEMUTT,Kishimoto Studios","BEHEMUTT,BEHEMUTT",1,0,0,1,1,0,0,0,0,0,0,0,0,1,1,0,1,0,0,0,0,0,0,0,0,1,0,0
2018.0,28.0,0,19.99,0,"Nightdive Studios,Probe Entertainment,Iguana Entertainment","Nightdive Studios,Nightdive Studios",1,1,0,0,0,0,0,0,0,0,0,0,0,1,0,1,0,0,0,0,0,0,0,1,0,0,0,0
2013.0,,1,19.99,0,Illwinter Game Design,"Illwinter Game Design,Illwinter Game Design",0,0,0,1,0,0,1,0,0,0,0,0,0,0,1,0,0,1,0,0,0,0,1,0,0,1,0,1
2011.0,18.0,0,4.99,0,Eclipse Games,,1,0,0,1,0,0,0,0,0,0,0,0,0,1,1,0,0,0,1,0,0,0,0,0,0,0,0,0
2019.0,1.0,0,0.99,0,Kavkaz Sila Games,"Kavkaz Sila Games,Kavkaz Sila Games",0,0,0,0,0,1,0,0,0,0,0,0,0,0,0,0,0,0,0,1,0,0,0,0,0,0,0,0
2017.0,25.0,0,9.99,0,Phantom Compass,"Phantom Compass,Phantom Compass",1,0,0,1,0,0,0,0,0,0,0,0,0,1,1,0,0,0,0,0,0,0,1,0,1,0,0,0
2012.0,13.0,0,9.99,0,"Hassey Enterprises, Inc.","Hassey Enterprises, Inc.,Hassey Enterprises, Inc.",1,1,0,1,0,0,0,0,0,0,0,0,0,1,1,1,0,0,0,0,0,0,0,0,0,0,0,0
2010.0,,1,4.99,0,"Firaxis Games,Aspyr (Mac),Aspyr (Linux)","2K,Aspyr (Mac),Aspyr (Linux),2K,Aspyr (Mac),Aspyr (Linux)",0,0,0,0,0,0,1,0,0,0,0,0,0,0,0,0,0,1,0,0,0,0,0,0,0,0,0,0
2016.0,,1,2.99,0,SCS Software,"SCS Software,SCS Software",0,0,0,1,0,1,0,0,0,0,0,0,0,0,1,0,0,0,0,1,0,0,1,0,0,1,0,1
2007.0,,1,14.97,0,Anarchy Enterprises,"Anarchy Enterprises,Anarchy Enterprises",0,1,1,1,0,0,0,0,0,0,0,0,0,0,1,1,0,0,1,0,0,0,0,0,0,1,0,0
2010.0,,1,4.99,0,Ivy Games,"Wadjet Eye Games,Wadjet Eye Games",0,1,0,1,0,0,0,0,0,0,0,0,0,0,1,1,0,0,0,0,0,0,0,0,0,1,0,1
2017.0,13.0,0,14.99,0,Messhof,"Messhof,Messhof",1,0,1,1,0,0,0,0,0,0,0,0,0,1,1,0,0,0,1,0,1,0,1,0,0,0,1,0
2018.0,102.0,0,29.99,0,Sports Interactive,"SEGA,SEGA",0,0,0,0,0,1,0,1,0,0,0,0,0,0,0,0,0,0,0,1,1,0,0,0,0,0,0,0
2019.0,,1,0.0,1,Magic Spell Studios,"Magic Spell Studios,Magic Spell Studios",1,0,0,1,0,0,0,0,0,0,0,0,0,1,1,0,0,0,0,0,0,0,0,0,0,0,0,0
2016.0,,1,9.99,0,KADOKAWA,"Degica,Degica",0,0,0,0,0,0,0,0,0,0,0,0,0,0,0,0,0,0,0,0,0,0,0,0,0,0,0,0
2018.0,,1,0.0,1,Tall James Games,"Tall James Games,Tall James Games",0,0,0,1,0,0,0,0,1,1,0,0,0,0,1,0,0,0,0,0,0,1,0,0,0,0,0,0
2014.0,,1,,0,Lavaboots Studios,"Lavaboots Studios,Lavaboots Studios",1,1,0,1,1,0,0,0,0,1,0,0,0,1,1,1,1,0,0,0,0,0,0,0,0,0,0,0
2016.0,18.0,0,2.99,0,"BlauwPrint,3xBlast","BlauwPrint,BlauwPrint",1,0,1,1,0,0,0,0,0,0,0,0,0,1,1,0,0,0,1,0,0,0,0,0,0,0,0,0
2017.0,,1,59.99,0,Degica,"Degica,Degica",0,0,0,0,0,0,0,0,0,0,0,0,0,0,0,0,1,0,0,0,0,0,0,0,0,0,0,0
2017.0,,1,39.99,0,ChamferZone,,0,0,0,0,0,0,0,0,0,0,0,0,0,0,0,0,0,0,0,0,0,0,0,0,0,0,0,0
2017.0,,1,9.99,0,AlienThink.com,,0,0,0,0,0,0,0,0,0,0,0,0,0,0,0,0,0,0,0,0,0,0,0,0,0,0,0,0
2016.0,,1,4.99,0,United Independent Entertainment GmbH,"United Independent Entertainment GmbH,United Independent Entertainment GmbH",0,0,1,0,0,1,0,0,0,0,0,0,0,0,0,0,0,0,1,1,0,0,0,0,0,0,0,0
2018.0,,1,4.99,0,spleen,,1,1,1,1,0,1,1,0,0,1,1,0,0,1,1,1,0,1,1,1,0,0,1,0,0,0,0,0
2018.0,20.0,0,1.99,0,属音制作组,"SakuraGame,SakuraGame",0,1,0,1,0,1,0,0,0,0,0,0,0,0,1,1,0,0,1,1,0,0,0,0,0,0,1,0
2014.0,4.0,0,14.99,0,Infinitap Games,"Infinitap Games,Infinitap Games",1,1,0,1,0,0,0,0,0,0,0,0,0,1,1,1,0,0,0,0,0,0,0,0,0,1,1,0
2017.0,,1,29.99,0,Purple Software,"Sekai Project,Sekai Project",0,1,1,0,0,0,0,0,0,0,0,0,0,0,0,1,0,0,1,0,0,0,0,0,0,0,0,0
2016.0,24.0,0,6.99,0,MonkeyToons,"MonkeyToons,MonkeyToons",0,1,0,1,0,0,0,0,0,0,0,0,0,0,1,1,0,0,0,0,0,0,0,0,0,1,0,0
2017.0,,1,14.99,0,NiVision,"NiVision,NiVision",0,0,1,1,0,0,0,0,0,0,0,0,0,0,1,0,0,0,1,0,0,0,0,0,0,0,0,0
2017.0,55.0,0,39.99,0,Croteam VR,"Devolver Digital,Croteam,Devolver Digital,Croteam",1,0,0,1,0,0,0,0,0,0,0,0,0,1,1,0,0,0,0,0,0,0,0,1,1,1,1,1
2016.0,,1,4.99,0,Fishing Planet LLC,,0,0,0,0,0,1,0,1,0,1,1,0,0,0,0,0,0,0,0,1,1,0,1,0,0,0,0,0
2015.0,30.0,0,9.99,0,Skilltree Studios,"Kalypso Media Digital,Kalypso Media Digital",0,0,0,0,0,1,1,0,0,0,0,0,0,0,0,0,0,1,0,1,0,0,0,0,0,0,0,0
2017.0,43.0,0,0.0,1,Leiting Interactive,"Leiting Interactive,Leiting Interactive",1,1,0,0,1,1,1,1,0,0,0,0,0,1,0,1,1,1,0,1,1,0,0,0,0,0,0,0
2014.0,,1,4.99,0,Positech Games,"Positech Games,Positech Games",0,0,0,1,0,1,1,0,0,0,0,0,0,0,1,0,0,1,0,1,0,0,0,0,0,0,0,0
2018.0,44.0,0,59.99,0,"KOEI TECMO GAMES CO., LTD.","KOEI TECMO GAMES CO., LTD.,KOEI TECMO GAMES CO., LTD.",1,0,0,0,0,0,0,0,0,0,0,0,0,1,0,0,0,0,0,0,0,0,0,0,0,1,1,1
2015.0,25.0,0,,0,Binary Zoo,,1,0,0,1,0,0,0,0,0,1,0,0,0,1,1,0,0,0,0,0,0,0,0,0,1,1,1,1
2015.0,55.0,0,9.99,0,Raven Travel Studios,"Merge Games,IV Productions,Merge Games,IV Productions",1,1,0,1,0,0,0,0,0,0,0,0,0,1,1,1,0,0,0,0,0,0,0,0,0,0,0,0
2013.0,,1,29.99,0,The Writer Zone,"The Writer Zone,The Writer Zone",0,0,0,0,0,0,0,0,0,0,0,0,1,0,0,0,0,0,0,0,0,0,0,0,0,0,0,0
2013.0,,1,29.99,0,"Sujin Ri,Yunjeong Yun,Hyein Go,Minsu Ock,Marcos Arroyo,Seona Lee,Sohyeon Jeon","Cheritz,Cheritz",0,0,0,0,0,1,0,0,0,0,0,0,0,0,0,0,0,0,0,1,0,0,0,0,0,0,1,0
2018.0,16.0,0,8.99,0,rokapublish,"rokapublish,rokapublish",0,0,1,0,0,0,0,0,0,0,0,0,0,0,1,1,0,0,1,0,0,0,0,0,0,0,0,0
2018.0,,1,39.99,0,Simtech Vision,"Dovetail Games - Trains,Dovetail Games - Trains",0,0,0,0,0,1,0,0,0,0,0,0,0,0,0,0,0,0,0,1,0,0,0,0,0,0,0,0
2014.0,17.0,0,9.99,0,Terri Vellmann,"Devolver Digital,Devolver Digital",1,0,0,1,0,0,0,0,0,0,0,0,0,1,1,1,0,0,0,0,0,0,0,1,1,1,1,1
2018.0,120.0,0,0.99,0,DRUNKEN APES,"DRUNKEN APES,DRUNKEN APES",0,0,1,1,0,0,0,0,0,0,0,0,0,0,1,0,0,0,1,1,0,0,0,0,0,1,0,0
2017.0,,1,19.99,0,"Team NINJA,KOEI TECMO GAMES CO., LTD.","KOEI TECMO GAMES CO., LTD.,KOEI TECMO GAMES CO., LTD.",1,0,0,0,0,0,0,0,0,0,0,0,0,1,0,0,0,0,0,0,0,0,0,0,0,0,0,0
2018.0,200.0,0,48.55,0,Blender Games,"Blender Games,Blender Games",0,0,1,1,0,0,0,0,0,0,0,0,0,0,1,0,0,0,1,0,0,0,0,0,0,1,0,0
2016.0,22.0,0,0.0,1,From Earth Team,"Half-Life 2: Short Stories Team,Half-Life 2: Short Stories Team",1,1,0,1,0,0,0,0,0,0,0,0,0,1,1,1,0,0,0,0,0,0,0,0,0,0,0,0
2017.0,,1,19.99,0,Digital Extremes,,1,0,0,0,0,0,0,0,0,1,0,0,0,1,0,0,0,0,0,0,0,0,0,0,0,0,0,0
2019.0,,1,4.99,0,momoStorm Entertainment,"momoStorm Entertainment,momoStorm Entertainment",1,1,0,1,0,0,1,0,0,1,1,1,0,1,1,1,0,1,0,0,0,0,1,0,1,0,0,0
2017.0,22.0,0,8.99,0,Nerdook Productions,"Digerati,Digerati",1,0,0,1,0,0,0,0,0,0,0,0,0,1,1,0,1,0,0,0,0,0,0,0,0,1,1,0
2017.0,32.0,0,16.99,0,Appliks Apps Studios,"Appliks Apps Studios,Appliks Apps Studios",0,0,0,1,0,1,1,0,0,0,0,1,0,0,1,0,0,1,1,1,0,0,0,0,0,0,0,0
2016.0,,1,,0,Green Moon Games,"RPG Maker MV,RPG Maker MV",1,1,1,1,1,0,1,0,0,1,0,0,0,1,1,1,1,1,1,0,0,0,0,0,0,0,0,0
2015.0,10.0,0,9.99,0,Nexeon Studios,"Nexeon Studios,Nexeon Studios",0,0,1,1,0,1,0,0,0,0,0,0,0,0,1,0,0,1,1,1,0,0,0,0,0,0,0,0
2017.0,27.0,0,2.99,0,Agar3s,"Giant Fox Studios,Giant Fox Studios",1,0,0,0,0,0,0,0,0,0,0,0,0,1,0,0,0,0,0,0,0,0,0,0,0,0,0,0
2019.0,1.0,0,,0,Andrew Smith,"Hitcents,Hitcents",1,1,0,1,0,0,0,0,0,0,0,1,0,1,1,1,0,0,0,0,0,0,0,1,1,0,0,0
2016.0,,1,3.99,0,Hipix Studio,"Dagestan Technology,Dagestan Technology",1,0,1,1,0,0,0,0,0,0,0,0,0,1,1,0,0,0,1,0,0,0,0,0,0,0,0,0
2015.0,9.0,0,0.99,0,Panda Indie Studio,"Panda Indie Studio,Panda Indie Studio",1,0,0,0,0,0,0,0,0,0,0,0,0,1,0,0,0,0,0,0,0,0,0,0,1,0,0,0
2013.0,,1,14.99,0,"Flashback Games,The Lordz Games Studio","Slitherine Ltd.,Slitherine Ltd.",0,0,0,0,0,0,1,0,0,0,0,0,0,0,0,0,0,1,0,0,0,0,0,0,0,0,0,0
2015.0,41.0,0,24.99,0,"Idea Factory,Compile Heart,Felistella","Idea Factory,Idea Factory International,Idea Factory,Idea Factory International",0,0,0,0,1,0,1,0,0,0,0,0,0,1,0,1,1,1,0,0,0,0,0,0,0,1,1,1
2018.0,21.0,0,4.99,0,Genetix Studio,"Genetix Studio,Genetix Studio",1,1,0,1,1,0,1,0,0,0,0,0,0,1,1,1,1,1,0,0,0,0,0,0,0,0,0,0
2017.0,21.0,0,9.99,0,Magesoft,"Magesoft,Magesoft",1,0,0,1,0,0,0,0,0,0,0,0,0,1,1,0,0,0,0,0,0,0,0,0,0,0,0,0
2017.0,,1,24.99,0,"Team Fusion Simulations,1C: Maddox Games","1C Entertainment,1C Entertainment",0,0,0,0,0,1,0,0,0,0,0,0,0,0,0,0,0,0,0,1,0,0,1,0,0,0,1,0
2017.0,58.0,0,8.99,0,Astronomic Games,"New Reality Games,New Reality Games",0,1,0,1,1,0,0,0,0,0,0,0,0,0,1,1,1,0,0,0,0,0,0,0,0,0,0,0
2018.0,4.0,0,4.99,0,BAKENEKO GAMES,"BAKENEKO GAMES,BAKENEKO GAMES",0,1,0,0,0,0,0,0,0,0,0,0,0,0,0,1,0,0,0,0,0,0,0,0,0,0,0,0
2013.0,50.0,0,9.99,0,Kylotonn Entertainment,"Plug In Digital,Bigben Interactive,Plug In Digital,Bigben Interactive",0,0,0,0,0,0,0,0,1,0,0,0,0,1,0,0,0,0,0,0,0,1,0,0,0,0,0,0
2015.0,,1,4.99,0,Darkling Room,"Iceberg Interactive,Iceberg Interactive",0,1,0,1,0,0,0,0,0,0,0,0,0,0,1,1,0,0,0,0,0,0,0,0,0,0,0,0
2014.0,62.0,0,,0,Infinity Plus 2,"505 Games,505 Games",1,1,1,0,1,0,1,0,0,1,0,0,0,1,1,1,1,1,1,0,0,0,1,0,0,1,1,1
2017.0,,1,0.99,0,Element Studios,"Element Studios,Element Studios",0,0,0,1,0,0,1,0,0,0,0,0,0,0,1,0,0,1,0,0,0,0,0,0,0,1,0,0
2018.0,,1,9.99,0,"Circus,YAMAYURI GAMES","SakuraGame,SakuraGame",0,1,0,1,1,0,0,0,0,0,0,0,0,0,1,1,1,0,0,0,0,0,0,0,0,0,0,0
2014.0,,1,,0,"Nina Freeman,Emmett Butler,Decky Coss,Joni Kittaka","none,none",0,0,0,1,0,0,0,0,0,1,0,0,0,0,1,0,0,0,0,0,0,0,0,0,0,1,1,0
2018.0,30.0,0,75.93,0,Milestone S.r.l.,"Milestone S.r.l.,Milestone S.r.l.",0,0,0,0,0,0,0,1,1,0,0,0,0,0,0,0,0,0,0,0,1,1,1,0,0,0,0,0
2014.0,,1,14.99,0,Infinity Ward,"Activision,Activision",1,0,0,0,0,0,0,0,0,0,0,0,0,1,0,0,0,0,0,0,0,0,1,1,1,1,0,1
2018.0,15.0,0,1.99,0,Gisa Ferreira,"Glitch Pixel,Glitch Pixel",0,1,1,1,0,0,0,0,0,0,0,0,0,0,1,1,0,0,1,0,0,0,0,0,0,0,0,0
2017.0,,1,3.99,0,JeliLiam,"JeliLiam,JeliLiam",0,0,0,1,0,0,0,0,0,0,0,0,0,0,1,0,0,0,0,0,0,0,0,0,0,0,0,0
2017.0,38.0,0,19.99,0,Snap Finger Click,"Vision Games Publishing LTD,Vision Games Publishing LTD",0,0,1,1,0,0,1,0,0,0,0,0,0,0,1,0,0,1,1,0,0,0,1,0,0,0,0,0
2015.0,16.0,0,4.99,0,Iced Lizard Games,"Iced Lizard Games,Iced Lizard Games",1,1,0,1,0,0,0,0,0,0,0,0,0,1,1,1,0,0,0,0,0,0,0,0,0,1,0,0
2018.0,13.0,0,4.99,0,NEKO WORKs,"Sekai Project,Sekai Project",0,0,1,1,0,0,0,0,0,0,0,0,0,1,1,0,0,0,1,0,0,0,0,0,0,1,1,1
2018.0,,1,14.99,0,TT Games,,1,0,0,0,0,0,0,0,0,0,0,0,0,1,0,0,0,0,0,0,0,0,0,0,0,0,0,0
2016.0,,1,9.99,0,Moon Studios GmbH,"Xbox Game Studios,Xbox Game Studios",1,0,0,0,0,0,0,0,0,0,0,0,0,1,0,0,0,0,0,0,0,0,0,0,0,0,0,0
2014.0,,1,2.99,0,Deep Silver Volition,"Deep Silver,Deep Silver",1,1,0,0,0,0,0,0,0,0,0,0,0,1,0,1,0,0,0,0,0,0,0,0,0,0,0,0
2012.0,,1,24.99,0,All Aboard,"Dovetail Games - Trains,Dovetail Games - Trains",0,0,0,0,0,1,0,0,0,0,0,0,0,0,0,0,0,0,1,1,0,0,0,0,0,1,0,0
2017.0,,1,0.99,0,HFM Games,"HFM Games,HFM Games",1,0,0,1,0,0,0,0,0,0,0,0,0,1,1,0,0,0,0,0,0,0,1,0,0,0,0,0
2014.0,18.0,0,2.99,0,Hyper Hippo Games,"Hyper Hippo Games,Hyper Hippo Games",0,0,1,1,0,0,0,0,0,0,0,0,0,0,1,0,0,0,1,0,0,0,0,0,0,0,0,0
2018.0,25.0,0,4.99,0,DarkStone Digital,"DarkStone Digital,DarkStone Digital",0,1,0,1,0,0,0,0,0,0,0,0,0,0,1,1,0,0,0,0,0,0,0,0,0,0,0,0
2019.0,,1,,0,peperoncino,"Kagura Games,Kagura Games",0,0,0,1,0,1,0,0,0,0,0,0,0,0,1,1,1,0,0,1,0,0,0,0,0,0,0,0
2018.0,17.0,0,0.0,1,Tsukinowa App.,"Tsukinowa App.,Tsukinowa App.",1,0,0,1,0,0,0,0,0,0,0,0,0,1,1,0,0,0,0,0,0,0,0,0,0,0,0,0
2019.0,17.0,0,14.99,0,Meka Games,"Meka Games,Meka Games",1,0,1,1,0,1,1,0,0,0,0,1,0,1,1,0,0,1,1,1,0,0,0,0,0,0,0,0
2016.0,,1,7.99,0,Giants Software,"Giants Software,Giants Software",0,0,0,0,0,1,0,0,0,0,0,0,0,0,0,0,0,0,0,1,0,0,1,0,0,1,0,0
2016.0,,1,8.99,0,Norn / Miel,"Cherry Kiss Games,Cherry Kiss Games",0,1,0,0,0,0,0,0,0,0,0,0,0,0,0,1,0,0,0,0,0,0,0,0,0,0,0,0
2018.0,,1,4.99,0,CCP,"CCP,CCP",1,0,0,0,1,0,1,0,0,1,1,0,0,1,0,0,1,1,0,0,0,0,1,0,0,0,0,0
2015.0,31.0,0,9.99,0,Shenandoah Studio,"Slitherine Ltd.,Slitherine Ltd.",0,0,0,0,0,0,1,0,0,0,0,0,0,0,0,0,0,1,0,0,0,0,1,0,0,1,0,0
2018.0,,1,29.99,0,"Ubisoft Paris,Ubisoft Annecy,Ubisoft Bucharest,Ubisoft Montpellier,Ubisoft Milan,Reflections,Ubisoft Belgrade",,1,1,0,0,0,0,0,0,0,0,0,0,0,1,0,1,0,0,0,0,0,0,0,0,0,0,0,0
2019.0,,1,0.99,0,KicklessGame,"RewindApp,RewindApp",1,0,0,1,0,1,1,0,0,0,0,0,0,1,1,1,0,1,1,1,0,0,1,0,0,1,0,0
2013.0,59.0,0,9.99,0,Subatomic Studios LLC,"Subatomic Studios LLC,Subatomic Studios LLC",1,0,1,0,0,0,1,0,0,0,0,0,0,1,1,0,0,1,1,0,0,0,0,0,0,1,0,0
2016.0,,1,9.99,0,Rogue Factor,"Focus Home Interactive,Focus Home Interactive",0,0,0,0,1,0,1,0,0,0,0,0,0,0,0,0,1,1,0,0,0,0,0,0,0,0,0,0
2015.0,,1,,0,Rail Slave Games,"KISS ltd,KISS ltd",0,1,1,1,0,1,0,0,0,0,1,0,0,0,1,1,0,0,1,1,0,0,1,0,0,0,0,0
2017.0,24.0,0,4.99,0,Kucing Rembes,"Toge Productions,Another Indie,Toge Productions,Another Indie",1,1,0,1,0,0,0,0,0,0,0,0,0,1,1,1,0,0,0,0,0,0,0,0,0,1,0,0
2009.0,,1,19.99,0,"LucasArts,Aspyr Studios","LucasArts,Aspyr (Mac),Lucasfilm,Disney Interactive,LucasArts,Aspyr (Mac),Lucasfilm,Disney Interactive",1,0,0,0,0,0,0,0,0,0,0,0,0,1,0,1,1,0,0,0,0,0,0,0,0,1,1,1
2014.0,46.0,0,29.99,0,inXile Entertainment,"inXile Entertainment,inXile Entertainment",0,1,0,1,1,0,1,0,0,0,0,0,0,0,1,1,1,1,0,0,0,0,0,0,0,1,1,1
2019.0,6.0,0,0.99,0,Ruskija Game Experience,"Tero Lunkka,Tero Lunkka",0,1,1,1,0,0,0,0,0,0,0,0,0,0,1,1,0,0,1,0,0,0,0,0,0,0,0,0
2017.0,,1,12.99,0,TML-Studios,"Aerosoft GmbH,Aerosoft GmbH",0,0,0,0,0,1,0,0,0,0,0,0,0,0,0,0,0,0,0,1,0,0,0,0,0,0,0,0
2016.0,,1,9.99,0,Temple Gates Games,"Temple Gates Games,Temple Gates Games",0,0,0,1,0,0,1,0,0,0,0,0,0,0,1,0,0,1,0,0,0,0,0,0,0,0,0,0
2016.0,30.0,0,9.99,0,Atomic Pond Studios,"Broken Rules,Broken Rules",1,0,0,1,0,0,0,0,0,0,0,0,0,1,1,0,0,0,0,0,0,0,1,0,1,0,0,0
2018.0,,1,0.99,0,"IDEA FACTORY Co., Ltd.,COMPILE HEART Co., Ltd.,FELISTELLA Co., Ltd.","Idea Factory International, Inc.,IDEA FACTORY Co., Ltd.,Idea Factory International, Inc.,IDEA FACTORY Co., Ltd.",0,0,0,0,1,0,1,0,0,0,0,0,0,0,0,0,1,1,0,0,0,0,0,0,0,0,0,0
2015.0,13.0,0,3.99,0,New State,"New State,New State",1,0,0,1,0,0,0,0,0,0,0,0,0,1,1,0,0,0,0,0,0,0,0,0,0,0,0,0
2016.0,38.0,0,,0,Hunted Cow Studios,"Hunted Cow Studios,Hunted Cow Studios",0,0,0,0,0,1,1,0,0,1,1,0,0,0,0,0,0,1,0,1,0,0,1,0,0,0,1,1
2019.0,,1,59.99,0,Evil Mojo Games,"Hi-Rez Studios,Hi-Rez Studios",1,0,0,0,0,0,0,0,0,1,0,0,0,1,0,0,0,0,0,0,0,0,0,0,0,0,0,0
2009.0,,1,9.99,0,"Triumph Studios,Virtual Programming","Codemasters,Codemasters",0,0,0,0,1,0,0,0,0,0,0,0,0,1,0,1,1,1,0,0,0,0,1,0,0,1,1,1
2015.0,2.0,0,9.99,0,Ectoplasm Studio Inc.,"Ectoplasm Studio Inc.,Ectoplasm Studio Inc.",1,1,0,1,0,0,0,0,0,0,0,0,0,1,1,1,0,0,0,0,0,0,0,0,0,0,0,0
2016.0,,1,,0,吃了就睡工作室,"indienova,indienova",0,1,0,1,1,0,0,0,0,1,0,0,0,0,1,1,1,0,0,0,0,0,0,0,0,0,1,0
2015.0,8.0,0,4.99,0,PatchNoteStudio,"PatchNoteStudio,PatchNoteStudio",1,0,0,1,0,0,0,0,0,0,0,0,0,1,1,0,0,0,0,0,0,0,0,1,0,0,0,0
2018.0,,1,,0,upjers,"upjers,upjers",0,0,1,0,0,1,0,0,0,1,0,0,0,0,0,0,0,0,1,1,0,0,1,0,0,1,0,0
2016.0,17.0,0,9.99,0,Variable State,"505 Games,505 Games",0,1,1,1,0,0,0,0,0,0,0,0,0,0,1,1,0,0,1,0,0,0,0,0,0,1,1,1
2017.0,,1,9.99,0,Llyr ap Cenydd,"Picselica Ltd,Picselica Ltd",0,1,1,1,0,0,0,0,0,0,0,0,0,0,1,1,0,0,1,0,0,0,0,0,0,0,0,0
2017.0,4.0,0,9.99,0,Pseudocode Games,"Pseudocode Games,Pseudocode Games",1,0,0,0,0,1,0,0,0,0,0,1,0,1,0,0,0,0,0,1,0,0,0,0,0,0,0,0
2018.0,,1,4.99,0,Broxilia LTD,"Broxilia LTD,Broxilia LTD",0,0,1,1,0,1,1,0,0,0,0,0,0,0,1,0,0,1,1,1,0,0,0,0,0,0,0,0
2019.0,44.0,0,3.99,0,Steppe Hare Studio,"Steppe Hare Studio,Steppe Hare Studio",1,1,0,1,1,0,0,0,0,0,0,1,0,1,1,1,1,0,0,0,0,0,0,0,1,1,0,0
2017.0,,1,9.99,0,Cerevrum Inc.,"Cerevrum Inc. ,Cerevrum Inc. ",0,0,0,0,0,0,0,0,0,0,0,0,0,0,0,0,0,0,0,0,0,0,0,0,0,0,0,0
2019.0,43.0,0,,0,Team Jolly Roger,"Team Jolly Roger,Advanced Interactive Gaming,Team Jolly Roger,Advanced Interactive Gaming",1,0,0,1,0,0,1,0,0,0,0,0,0,1,1,0,0,1,0,0,0,0,1,0,0,0,0,0
2019.0,,1,17.99,0,Freaking Games,"Freaking Games,Freaking Games",0,0,1,1,0,1,0,0,0,0,0,1,0,0,1,0,0,0,1,1,0,0,0,0,0,0,0,0
2017.0,59.0,0,,0,Ninja Kiwi,"Ninja Kiwi,Ninja Kiwi",1,0,0,0,1,0,0,0,0,1,0,0,0,1,0,0,1,0,0,0,0,0,1,1,1,1,1,1
2017.0,44.0,0,,0,"What Pumpkin Games, Inc.","What Pumpkin Games, Inc.,What Pumpkin Games, Inc.",0,1,0,1,1,0,0,0,0,0,0,0,0,0,1,1,1,0,0,0,0,0,0,0,0,1,1,1
2018.0,,1,,0,"小戴的奴隶们,小戴的奴隶们","小戴的奴隶们,小戴的奴隶们,小戴的奴隶们,小戴的奴隶们",0,0,0,1,0,0,1,0,0,1,1,0,0,0,1,0,0,1,0,0,0,0,1,0,0,0,0,0
2017.0,1043.0,0,0.99,0,Quiet River,"Quiet River,Quiet River",0,0,1,1,0,0,0,0,0,0,0,0,0,0,1,0,0,0,1,0,0,0,0,0,0,1,1,0
2018.0,,1,2.99,0,"Batterystaple Games,Fire Hose Games",,1,0,0,1,0,0,0,0,0,0,0,0,0,1,1,0,0,0,0,0,0,0,0,0,0,0,0,0
2017.0,77.0,0,49.99,0,Sports Interactive,"SEGA,SEGA",0,0,0,0,0,1,0,1,0,0,0,0,0,0,0,0,0,1,0,1,1,0,1,0,0,1,1,1
2018.0,,1,24.99,0,Wargaming Group Limited,"Wargaming Group Limited,Wargaming Group Limited",1,0,0,0,0,1,0,0,0,1,1,0,0,1,0,0,0,0,0,1,0,0,1,0,0,0,0,0
2017.0,,1,14.99,0,"CAPCOM Co., Ltd.","CAPCOM Co., Ltd.,CAPCOM Co., Ltd.",1,1,0,0,0,0,0,0,0,0,0,0,0,1,0,1,0,0,0,0,0,0,0,0,0,0,0,0
2016.0,80.0,0,11.99,0,"Arcen Games, LLC","Arcen Games, LLC,Arcen Games, LLC",1,0,0,1,0,0,0,0,0,0,0,0,0,1,1,0,0,0,0,0,0,0,0,0,1,1,0,0
2016.0,2.0,0,0.99,0,Schmidt Workshops,"Schmidt Workshops,Schmidt Workshops",0,0,1,1,0,1,0,0,0,0,0,0,0,0,1,0,0,0,1,1,0,0,0,0,0,1,0,0
2018.0,,1,0.0,1,"Norain Games.,JanduSoft S.L.","JanduSoft S.L.,JanduSoft S.L.",0,0,1,1,0,1,0,0,0,1,0,0,0,0,1,0,0,0,1,1,0,0,0,0,0,0,0,0
2014.0,,1,6.99,0,Little Worlds Interactive,"Little Worlds Interactive,Little Worlds Interactive",0,0,1,1,0,0,1,0,0,0,0,0,0,0,1,0,0,1,1,0,0,0,0,0,0,0,0,0
2017.0,,1,14.99,0,SprocketVR,"SprocketVR,SprocketVR",0,0,0,0,0,0,0,0,0,0,0,0,1,0,1,0,0,0,0,0,0,0,0,0,0,0,0,0
2018.0,12.0,0,28.98,0,Jae Lee,"Digital Tribe,Digital Tribe",1,0,1,1,0,0,0,0,0,0,0,0,0,1,1,0,0,0,1,0,0,0,0,0,0,0,1,0
2008.0,18.0,0,,0,ISOTX,"ISOTX,ISOTX",1,0,0,1,0,0,0,0,0,0,0,0,0,1,1,0,0,0,0,0,0,0,1,1,0,0,0,1
2014.0,,1,11.99,0,Ragequit Corporation,"Ragequit Corporation,Ragequit Corporation",1,0,0,1,0,0,0,0,0,0,0,0,0,1,1,0,0,0,0,1,0,0,1,1,1,0,1,0
2014.0,12.0,0,9.99,0,Messhof,"Messhof,Messhof",1,0,0,1,0,0,0,1,0,0,0,0,0,1,1,0,0,0,0,0,1,0,1,0,0,0,1,0
2019.0,,1,24.99,0,4A Games,"Deep Silver ,Deep Silver ",1,0,0,0,0,0,0,0,0,0,0,0,0,1,0,0,0,0,0,0,0,0,0,0,0,0,0,0
2015.0,14.0,0,1.99,0,"SmiteWorks USA, LLC","SmiteWorks USA, LLC,SmiteWorks USA, LLC",0,0,1,1,0,0,0,0,0,0,0,0,0,0,1,1,0,0,1,0,0,0,0,0,0,1,0,0
2018.0,19.0,0,19.99,0,Daily Magic Productions,"Daily Magic Productions,Daily Magic Productions",1,1,0,1,0,0,0,0,0,0,0,0,0,1,1,1,0,0,0,0,0,0,0,1,0,1,0,1
2017.0,,1,8.99,0,ciwolsey,"ciwolsey,ciwolsey",0,0,1,1,0,1,0,0,0,0,0,0,0,0,1,0,0,0,1,1,0,0,0,0,0,0,0,0
2018.0,22.0,0,,0,Gunschlinger,"Gunschlinger,Gunschlinger",1,0,0,1,0,0,0,0,0,0,0,1,0,1,1,0,0,0,0,0,0,0,0,1,0,0,0,0
2016.0,,1,1.99,0,"Psyonix, Inc.","Psyonix, Inc.,Psyonix, Inc.",1,0,0,1,0,0,0,1,1,0,0,0,0,1,1,0,0,0,0,0,1,1,0,0,0,0,0,0
2018.0,,1,,0,WeMakeApp Studio,"Eyougame,Eyougame",1,0,0,1,0,0,1,0,0,0,0,0,0,1,1,0,0,1,0,0,0,0,0,0,0,0,0,0
2017.0,,1,,0,Interactive Gaming Studios,"Interactive Gaming Studios,Interactive Gaming Studios",0,1,0,1,0,0,0,0,0,0,0,0,0,0,1,1,0,0,0,0,0,0,0,0,0,0,0,0
2017.0,50.0,0,19.99,0,Sergio & Simon,"Sergio & Simon,Sergio & Simon",0,0,0,1,0,1,1,0,0,0,0,0,0,0,1,0,0,1,0,1,0,0,0,0,0,0,0,0
2015.0,,1,34.99,0,The Game Creators,"The Game Creators,The Game Creators",0,0,0,0,0,0,0,0,0,0,0,0,1,1,1,0,0,1,0,1,0,0,1,1,1,1,1,1
2016.0,6.0,0,2.99,0,Badim,"Badim,Badim",1,0,1,1,0,0,1,0,0,0,0,0,0,1,1,0,1,1,1,0,0,0,0,0,0,1,0,0
2015.0,,1,7.99,0,Scott Cawthon,"Scott Cawthon,Scott Cawthon",1,0,0,1,0,0,1,0,0,0,0,0,0,1,1,0,0,1,0,1,0,0,0,0,0,1,1,1
2013.0,89.0,0,,0,777 Studios,"1C-777,1C-777",0,0,0,0,0,1,0,0,0,1,0,0,0,1,0,0,0,0,0,1,0,0,1,0,1,1,1,1
2017.0,,1,5.99,0,Introversion Software,"Introversion Software,Introversion Software",0,1,0,1,0,0,0,0,0,0,0,0,0,0,1,1,0,0,0,0,0,0,0,0,0,1,1,0
2015.0,,1,4.99,0,"Alawar Stargaze,Alawar Entertainment","Buka Entertainment,Buka Entertainment",0,0,1,1,0,1,1,0,0,0,0,0,0,0,1,0,0,1,1,1,0,0,0,0,0,0,0,0
2015.0,,1,19.99,0,Dovetail Games,"Dovetail Games - Trains,Dovetail Games - Trains",0,0,0,0,0,1,0,0,0,0,0,0,0,0,0,0,0,0,1,1,0,0,0,0,0,1,0,0
2016.0,,1,2.99,0,Ziga Games,"Zotdinex,Zotdinex",1,1,1,1,1,1,0,0,0,0,0,0,0,1,1,1,1,0,1,1,0,0,0,0,0,0,0,0
2015.0,28.0,0,29.99,0,Longbow Games,"Longbow Games,Longbow Games",0,0,0,1,0,1,1,0,0,0,0,0,0,0,1,0,0,1,0,1,0,0,0,0,0,1,1,0
2019.0,,1,59.99,0,"Dimps Corporation,SAFARI GAMES Co., Ltd.","BANDAI NAMCO Entertainment,BANDAI NAMCO Entertainment",0,0,0,0,0,0,1,0,0,0,0,0,0,0,0,0,0,1,0,0,0,0,1,0,0,0,0,0
2019.0,15.0,0,8.99,0,Dreambakers,"Dreambakers,Dreambakers",0,0,0,1,0,0,1,0,0,0,0,1,0,1,1,0,1,1,0,0,0,0,0,0,0,1,0,0
2008.0,,1,8.99,0,Crystal Dynamics,"Square Enix,Square Enix",1,1,0,0,0,0,0,0,0,0,0,0,0,1,0,1,0,0,0,0,0,0,0,0,1,1,1,1
2016.0,34.0,0,7.99,0,Games Hut,"Games Hut,Plug In Digital,Games Hut,Plug In Digital",1,0,0,1,1,0,0,0,0,0,0,0,0,1,1,0,1,0,0,0,0,0,0,0,0,0,0,0
2019.0,20.0,0,9.99,0,Zotnip,"Zotnip,Zotnip",1,1,0,1,0,1,1,0,0,0,0,0,0,1,1,1,0,1,0,1,0,0,0,1,0,1,0,1
2011.0,25.0,0,4.99,0,Bacon Wrapped Games,"NinjaBee,NinjaBee",0,0,1,1,0,0,0,0,0,0,0,0,0,0,1,0,0,0,1,0,0,0,0,0,0,0,0,0
2016.0,,1,0.99,0,Red Matter Studio,"Red Matter Studio,Red Matter Studio",0,0,1,0,0,1,0,0,0,0,0,1,0,0,0,0,0,0,1,1,0,0,0,0,0,0,0,0
2016.0,,1,4.99,0,Homegrown Games,"Homegrown Games - a HRMC Label,Homegrown Games - a HRMC Label",0,1,0,1,0,0,0,0,0,0,0,0,0,0,1,1,0,0,0,0,0,0,0,0,0,0,0,0
2018.0,10.0,0,1.99,0,Red twice potato,"Red twice potato,Red twice potato",1,1,1,1,0,0,0,0,0,0,0,0,0,1,1,1,0,0,1,0,0,0,0,0,0,0,0,0
2015.0,21.0,0,12.99,0,aiueoKompany,"Sekai Project,Sekai Project",0,1,0,1,0,0,0,0,0,0,0,0,0,0,1,1,0,0,0,0,0,0,0,0,0,1,0,1
2010.0,,1,9.99,0,Sumo Digital,"SEGA,SEGA",0,0,0,0,0,0,0,0,1,0,0,0,0,1,0,0,0,0,0,0,0,1,1,0,0,1,1,1
2017.0,2.0,0,0.99,0,BeshevGames,"BeshevGames,BeshevGames",0,0,1,1,0,1,0,0,0,0,0,0,0,0,1,0,0,0,1,1,0,0,0,0,0,0,0,0
2015.0,50.0,0,14.99,0,Daylight Studios,"Daedalic Entertainment,Daylight Studios,Daedalic Entertainment,Daylight Studios",0,0,0,1,0,1,0,0,0,0,0,0,0,0,1,0,1,0,1,1,0,0,0,0,0,1,1,1
2014.0,50.0,0,14.99,0,Idea Factory,"Ghostlight LTD,Ghostlight LTD",0,1,0,0,1,0,1,0,0,0,0,0,0,0,0,1,1,1,0,0,0,0,0,0,0,1,1,0
2014.0,,1,9.99,0,"Amaranth Games, LLC","Degica,Degica",0,1,1,1,1,0,0,0,0,0,0,0,0,0,1,1,1,0,1,0,0,0,0,0,0,1,0,0
2017.0,82.0,0,29.99,0,"United Independent Entertainment GmbH,Crafty Studios","United Independent Entertainment GmbH,United Independent Entertainment GmbH",0,1,0,1,1,0,0,0,0,0,0,0,0,0,1,1,1,0,0,0,0,0,0,0,0,0,0,0
2017.0,8.0,0,4.99,0,"Angels Blue Digital Entertainment,DigitalEZ","DigitalEZ,DigitalEZ",0,1,1,1,0,0,0,0,0,0,0,0,0,0,1,1,0,0,1,0,0,0,0,0,0,1,0,1
2015.0,,1,14.99,0,CREATIVE ASSEMBLY,"SEGA,SEGA",0,0,0,0,0,0,1,0,0,0,0,0,0,0,0,0,0,1,0,0,0,0,0,0,0,0,1,0
2016.0,58.0,0,9.99,0,Green Sauce Games,"Green Sauce Games,Green Sauce Games",0,0,1,1,0,0,0,0,0,0,0,0,0,0,1,0,0,0,1,0,0,0,0,0,0,0,0,0
2016.0,,1,19.99,0,For Fun Labs,"For Fun Labs,For Fun Labs",0,0,1,0,0,1,0,1,0,0,0,0,0,0,0,0,0,0,1,1,1,0,0,0,0,0,1,0
2017.0,15.0,0,9.99,0,No Goblin,"No Goblin,No Goblin",1,0,0,1,0,0,0,1,0,0,0,0,0,1,1,0,0,0,0,0,1,0,1,0,0,0,0,0
2016.0,12.0,0,4.99,0,Team 4U,"Team 4U,Team 4U",1,1,0,1,1,0,0,0,0,0,0,0,0,1,1,1,1,0,0,0,0,0,0,0,0,0,0,0
2019.0,,1,6.99,0,CREW Studio Krüger UG,"CREW Studio Krüger UG,CREW Studio Krüger UG",0,0,1,1,0,1,1,0,0,0,0,0,0,0,1,0,0,1,1,1,0,0,0,0,0,0,0,0
2017.0,17.0,0,14.99,0,Alina Digital,"Alina Digital,Alina Digital",0,0,0,0,0,0,1,0,0,0,0,0,0,0,1,0,0,1,0,1,0,0,0,0,0,1,0,0
2015.0,55.0,0,9.99,0,Serenity Forge,"Serenity Forge,Serenity Forge",1,0,0,1,0,1,0,0,0,0,0,0,0,1,1,0,0,0,0,1,0,0,0,0,0,0,0,0
2018.0,42.0,0,9.99,0,RoKo0 (Roman Konyukhov),"RoKo0 (Roman Konyukhov),RoKo0 (Roman Konyukhov)",0,0,0,1,0,1,0,0,1,0,0,0,0,0,1,0,0,0,0,1,0,1,1,0,0,0,1,0
2017.0,5000.0,0,,0,Crankies Smartworks,"VT Publishing,VT Publishing",1,0,1,1,0,1,1,0,0,0,0,0,0,1,1,0,0,1,1,1,0,0,0,0,0,1,0,0
2010.0,,1,0.99,0,Avalanche Studios,"Square Enix,Square Enix",1,1,0,0,0,0,0,0,0,0,0,0,0,1,0,1,0,0,0,0,0,0,0,0,0,0,0,0
2013.0,,1,,0,"Gearbox Software,Aspyr (Mac),Aspyr (Linux)","2K,Aspyr (Mac),Aspyr (Linux),2K,Aspyr (Mac),Aspyr (Linux)",1,0,0,0,1,0,0,0,0,0,0,0,0,1,0,0,1,0,0,0,0,0,0,0,0,0,0,0
2018.0,15.0,0,,0,Team Ninja Thumbs,"Team Ninja Thumbs,Team Ninja Thumbs",1,0,0,1,0,0,0,0,0,0,0,0,0,1,1,0,0,0,0,0,0,0,1,0,0,0,0,0
2014.0,29.0,0,9.99,0,5 Bits Games,"BANDAI NAMCO Entertainment,BANDAI NAMCO Entertainment",1,0,0,1,0,0,0,0,0,0,0,0,0,1,1,0,0,0,0,0,0,0,0,1,1,1,1,1
2019.0,,1,12.99,0,Satur Entertainment,"Satur Entertainment,Satur Entertainment",1,0,0,1,0,1,0,0,0,0,0,1,0,1,1,0,1,0,0,1,0,0,0,0,1,0,0,0
2016.0,,1,4.99,0,Pompaduo,"Pompaduo,Pompaduo",0,0,1,1,0,0,0,1,0,0,0,0,0,0,1,0,0,0,1,0,1,0,0,0,0,0,0,0
2018.0,27.0,0,,0,Choice of Games,"Choice of Games,Choice of Games",0,1,0,1,1,0,0,0,0,0,0,0,0,0,1,1,1,0,0,0,0,0,0,0,0,0,0,0
2015.0,,1,69.99,0,DesktopPaints,"DesktopPaints,DesktopPaints",0,0,0,0,0,0,0,0,0,0,0,0,0,0,0,0,0,0,0,0,0,0,0,0,0,0,0,0
2017.0,,1,,0,Llama Software,"Llama Software,Llama Software",0,0,1,1,0,0,0,0,0,1,0,0,0,0,1,0,0,0,1,0,0,0,1,1,0,0,1,0
2017.0,9.0,0,0.0,1,ObsessionSoft,"ObsessionSoft,ObsessionSoft",0,0,0,1,0,0,0,1,1,1,0,0,0,1,1,0,0,0,0,0,1,1,1,1,0,1,1,1
2018.0,20.0,0,5.99,0,WOMBO COMBO GAMES INC.,"WOMBO COMBO GAMES INC.,Mindpress,WOMBO COMBO GAMES INC.,Mindpress",0,0,1,1,1,0,1,0,0,0,0,0,0,0,1,0,1,1,1,0,0,0,0,0,0,0,0,0
2018.0,29.0,0,,0,Mighty Games,"Mighty Games,Mighty Games",1,0,0,1,0,0,0,0,0,1,0,0,0,1,1,0,0,0,1,0,0,0,1,0,1,1,1,1
2019.0,55.0,0,16.99,0,GIFT TEN INDUSTRY.K.K,"GIFT TEN INDUSTRY.K.K,GIFT TEN INDUSTRY.K.K",0,1,1,1,0,0,0,0,0,0,0,0,0,0,1,1,0,0,1,0,0,0,0,0,0,0,0,0
2016.0,35.0,0,31.94,0,FobTi interactive,"FobTi interactive,FobTi interactive",1,0,0,1,0,0,0,0,0,0,0,0,0,1,1,0,0,0,0,0,0,0,0,0,1,1,0,0
2014.0,60.0,0,9.99,0,Hapa Games,"Hapa Games,Hapa Games",1,1,0,1,1,0,0,0,0,0,0,0,0,1,1,1,1,0,0,0,0,0,0,0,0,1,0,1
2019.0,7.0,0,2.99,0,Igor Krutov,"Kiss Publishing Ltd,Kiss Publishing Ltd",0,1,0,1,0,0,0,0,0,0,0,0,0,0,1,1,0,0,0,0,0,0,0,0,0,0,0,0
2017.0,50.0,0,5.99,0,"Brian Lancaster,Laughing Coyote Software","Brian Lancaster,Laughing Coyote Software,Brian Lancaster,Laughing Coyote Software",1,0,0,1,1,0,0,0,0,0,0,0,0,1,1,0,1,0,0,0,0,0,0,1,1,0,0,0
2016.0,,1,0.99,0,VaragtP,,0,0,1,1,0,1,0,0,0,0,0,0,0,0,1,0,0,0,1,1,0,0,0,0,0,0,0,0
2018.0,,1,9.99,0,Namo Gamo,"Namo Gamo,Namo Gamo",0,0,1,1,0,0,0,1,0,0,0,1,0,0,1,0,0,0,1,0,1,0,1,0,0,1,0,0
2016.0,,1,0.99,0,Ardi Studio,"Ardi Studio,Ardi Studio",0,0,1,1,0,0,0,0,0,0,0,0,0,0,1,0,0,0,1,0,0,0,0,0,0,0,0,0
2019.0,,1,12.99,0,XIV STUDIO,"XIV STUDIO,XIV STUDIO",1,1,0,1,0,0,0,0,0,0,0,0,0,1,1,1,0,0,0,0,0,0,0,0,0,0,0,0
2015.0,,1,,0,"RedLynx, in collaboration with  Ubisoft Shanghai, Ubisoft Kiev","Ubisoft,Ubisoft",0,0,0,0,0,0,0,0,1,0,0,0,0,0,0,0,0,0,0,0,0,1,0,0,0,0,0,0
2006.0,,1,9.99,0,Valve,"Valve,Valve",1,0,0,0,0,0,0,0,0,0,0,0,0,1,0,1,0,0,0,0,0,0,1,1,1,0,1,1
2006.0,,1,9.99,0,4 Head Studios,"THQ Nordic,THQ Nordic",0,0,0,0,0,1,1,0,0,0,0,0,0,0,0,0,1,1,0,1,0,0,0,0,0,1,1,1
2014.0,31.0,0,8.99,0,Confused Pelican,"Curve Digital,Curve Digital",1,0,0,1,0,0,0,0,0,0,0,0,0,1,1,0,0,0,0,0,0,0,0,0,1,0,0,0
2014.0,,1,7.99,0,Giants Software,"Giants Software,Giants Software",0,0,0,0,0,1,0,0,0,0,0,0,0,0,0,0,0,0,0,1,0,0,1,0,0,0,0,0
2011.0,,1,9.99,0,Pendulo Studios,"Focus Home Interactive,Focus Home Interactive",0,1,0,0,0,0,0,0,0,0,0,0,0,0,0,1,0,0,0,0,0,0,0,0,0,1,0,1
2013.0,,1,19.99,0,Ubisoft Montreal,"Ubisoft,Ubisoft",1,1,0,0,0,0,0,0,0,0,0,0,0,1,0,1,1,0,0,0,0,0,1,0,0,1,1,1
2017.0,,1,0.0,1,"SkyWorks Digital,Home Run Pictures","CuriosityStream,CuriosityStream",0,0,1,0,0,1,0,0,0,1,0,0,0,0,0,0,0,0,1,1,0,0,0,0,0,0,0,0
2016.0,,1,5.99,0,Kevin Suckert,"Kevin suckert,Kevin suckert",1,0,1,1,0,0,0,1,0,0,0,1,0,1,1,0,0,0,1,0,1,0,0,0,0,0,0,0
2011.0,62.0,0,19.99,0,Gearbox Software,"2K,2K",1,0,0,0,0,0,0,0,0,0,0,0,0,1,0,1,0,0,0,0,0,0,1,1,1,1,1,1
2009.0,73.0,0,19.99,0,"Relic Entertainment,Feral Interactive (Mac/Linux)","SEGA,Feral Interactive (Mac/Linux),SEGA,Feral Interactive (Mac/Linux)",0,0,0,0,0,0,1,0,0,0,0,0,0,1,0,0,1,1,0,0,0,0,1,0,0,1,1,1
2017.0,24.0,0,2.99,0,Badim,"Badim,Badim",0,0,0,1,1,0,1,0,0,0,0,0,0,0,1,0,1,1,0,0,0,0,0,0,0,0,0,0
2017.0,20.0,0,2.99,0,Psilocybe Games,"Psilocybe Games,Psilocybe Games",1,1,0,1,0,0,0,0,0,0,0,0,0,1,1,1,0,0,1,0,0,0,0,0,0,1,0,0
2013.0,,1,,0,"Gearbox Software,Aspyr (Mac),Aspyr (Linux)","2K,Aspyr (Mac),Aspyr (Linux),2K,Aspyr (Mac),Aspyr (Linux)",1,0,0,0,1,0,0,0,0,0,0,0,0,1,0,0,1,0,0,0,0,0,0,0,0,0,0,0
2019.0,,1,5.99,0,"Ghost Town Games Ltd.,Team17 Digital Ltd","Team17 Digital Ltd,Team17 Digital Ltd",1,0,1,1,0,0,0,0,0,0,0,0,0,1,1,0,0,0,1,0,0,0,0,0,0,0,0,0
2016.0,,1,,0,7 Keys Studios,"7 Keys Studios,7 Keys Studios",0,1,0,1,1,0,0,0,0,1,0,0,0,0,1,1,1,0,0,0,0,0,0,0,0,0,0,0
2015.0,14.0,0,9.99,0,WayForward,"WayForward,WayForward",1,0,0,1,0,0,0,0,0,0,0,0,0,1,1,0,0,0,0,0,0,0,0,0,0,1,0,0
2017.0,,1,,0,Tanki Online Ltd.,"APL Publishing Ltd.,APL Publishing Ltd.",1,0,0,0,0,0,0,0,0,1,1,0,0,1,0,0,0,1,0,0,1,0,1,1,1,0,1,1
2018.0,32.0,0,4.99,0,Light Bringer Games inc.,"Light Bringer Games inc.,Light Bringer Games inc.",0,0,1,1,0,0,1,0,0,0,0,0,0,0,1,0,0,1,1,0,0,0,0,0,0,1,0,0
2014.0,36.0,0,19.99,0,Shining Rock Software LLC,"Shining Rock Software LLC,Shining Rock Software LLC",0,0,0,1,0,1,1,0,0,0,0,0,0,0,1,0,0,1,0,1,0,0,0,0,0,1,1,1
2016.0,28.0,0,14.99,0,100 Stones Interactive,"100 Stones Interactive,100 Stones Interactive",0,1,0,1,0,0,0,0,0,0,0,0,0,0,1,1,0,0,0,0,0,0,0,0,0,1,0,0
2016.0,25.0,0,8.99,0,Running With Scissors,"Running With Scissors,Running With Scissors",1,0,0,1,0,0,0,0,0,0,0,0,0,1,1,0,0,0,0,0,0,0,1,0,1,1,1,1
2016.0,,1,9.99,0,Ice-Pick Lodge,"Ice-Pick Lodge,Ice-Pick Lodge",1,1,0,0,0,0,0,0,0,0,0,0,0,1,1,1,0,1,0,0,0,0,0,0,0,1,1,0
2019.0,,1,1.99,0,Cabbit,"SakuraGame,SakuraGame",0,1,0,1,1,0,0,0,0,0,0,0,0,0,1,1,1,0,0,0,0,0,0,0,0,0,0,0
2017.0,,1,39.99,0,Flying Wild Hog,"Devolver Digital,Devolver Digital",1,1,0,0,0,0,0,0,0,0,0,0,0,1,0,1,0,0,0,0,0,0,0,0,0,0,0,0
2017.0,,1,24.99,0,Phantomisreal Ltd.,"Phantomisreal Ltd.,Phantomisreal Ltd.",0,1,0,1,1,0,0,0,0,0,0,1,0,0,1,1,1,0,0,0,0,0,0,0,0,0,0,0
2007.0,13.0,0,7.99,0,Moonpod,"Moonpod,Moonpod",1,0,0,1,0,0,1,0,0,0,0,0,0,1,1,0,0,1,0,0,0,0,0,0,0,0,0,0
2018.0,15.0,0,,0,KevinTheWolfy,"KevinTheWolfy,KevinTheWolfy",0,1,1,1,0,0,1,0,0,1,0,1,0,0,1,1,0,1,1,0,0,0,0,0,0,0,0,0
2018.0,19.0,0,2.99,0,Educational Games,"Educational Games,Educational Games",0,0,1,1,0,0,0,0,0,0,0,0,0,0,1,0,0,0,1,0,0,0,0,0,0,0,0,0
2014.0,,1,4.99,0,Unknown Worlds Entertainment,"Unknown Worlds Entertainment,Unknown Worlds Entertainment",1,0,0,1,0,0,1,0,0,0,0,0,0,1,1,0,0,1,0,0,0,0,0,0,0,0,0,0
2019.0,19.0,0,11.99,0,YFC games,"YFC games,YFC games",1,1,1,1,1,0,0,0,0,0,0,0,0,1,1,1,1,0,1,0,0,0,1,0,1,0,0,0
2014.0,183.0,0,,0,"Masangsoft, Inc.","Masangsoft, Inc.,Masangsoft, Inc.",1,0,0,1,0,0,0,0,0,1,0,0,0,1,1,1,1,1,0,0,0,0,1,1,1,1,1,1
2017.0,21.0,0,7.99,0,Oscar Kenneth Albero Ingles,"Oscar Kenneth Albero Ingles,Oscar Kenneth Albero Ingles",1,1,0,1,1,0,0,0,0,0,0,0,0,1,1,1,1,0,0,0,0,0,0,0,0,0,0,0
2019.0,13.0,0,,0,Leland Wilson,"Leland Wilson,Leland Wilson",0,0,1,0,0,1,0,0,0,1,0,0,0,0,0,0,0,0,1,1,0,0,0,0,0,0,0,0
2018.0,22.0,0,12.99,0,Nerdook Productions,"Surefire.Games,Surefire.Games",1,1,0,1,1,0,1,0,0,0,0,0,0,1,1,1,1,1,0,0,0,0,0,0,0,0,0,0
2019.0,15.0,0,12.99,0,BOOMZAP,"GameHouse,GameHouse",0,0,1,0,0,0,0,0,0,0,0,0,0,0,0,0,0,0,1,0,0,0,0,0,0,0,0,0
2012.0,,1,9.99,0,"CINEMAX, s.r.o.","CINEMAX, s.r.o.,CINEMAX, s.r.o.",0,0,0,1,1,0,0,0,0,0,0,0,0,0,1,0,1,0,0,0,0,0,0,0,0,1,1,0
2014.0,,1,1.99,0,Traveller's Tales,"Warner Bros. Interactive Entertainment,Feral Interactive (Mac),Warner Bros. Interactive Entertainment,Feral Interactive (Mac)",1,1,0,0,0,0,0,0,0,0,0,0,0,1,0,1,0,0,0,0,0,0,0,0,0,0,0,0
2018.0,24.0,0,14.99,0,WRF Studios,"WRF Studios,WRF Studios",1,0,0,1,1,0,0,0,0,0,0,1,0,1,1,0,1,0,0,0,0,0,0,0,0,0,0,0
2012.0,,1,1.99,0,Volition,"Deep Silver,Deep Silver",1,0,0,0,0,0,0,0,0,0,0,0,0,1,0,0,0,0,0,0,0,0,0,0,0,0,0,0
2012.0,,1,29.99,0,"Capcom U.S.A., Inc.","Capcom U.S.A., Inc.,Capcom U.S.A., Inc.",1,0,0,0,0,0,0,0,0,0,0,0,0,1,0,0,0,0,0,0,0,0,1,0,0,0,1,0
2015.0,,1,1.99,0,Benjamin Famiglietti,"Puppet Arcade,Puppet Arcade",1,1,0,1,0,0,0,0,0,0,0,0,0,1,1,1,1,0,0,0,0,0,0,0,0,0,0,0
2016.0,20.0,0,29.99,0,sakevisual,"sakevisual,sakevisual",0,0,0,1,0,1,0,0,0,0,0,0,0,0,1,0,1,0,0,1,0,0,0,0,0,1,0,1
2018.0,,1,0.0,1,KINODOM PRODUCTIONS,,0,0,0,0,0,0,0,0,0,0,0,0,0,0,0,0,0,0,0,0,0,0,0,0,0,0,1,0
2016.0,39.0,0,12.99,0,QUByte Interactive,"QUByte Interactive,QUByte Interactive",1,0,0,1,0,0,0,0,0,0,0,0,0,1,1,0,0,0,0,0,0,0,1,0,0,0,0,0
2015.0,54.0,0,4.99,0,Golden Gear Games,"Toy Temp,Toy Temp",0,0,0,1,0,1,1,0,0,0,0,0,0,0,1,0,0,1,0,1,0,0,0,0,0,0,0,0
2018.0,,1,86.56,0,Koyotis Studio,"КиКо,КиКо",0,0,0,1,0,0,0,0,0,0,0,0,0,0,1,0,1,0,0,0,0,0,0,0,0,0,0,0
2007.0,,1,4.99,0,Alawar,"iWin,iWin",0,0,1,0,0,0,0,0,0,0,0,0,0,0,0,0,0,0,1,0,0,0,0,0,0,0,0,0
2019.0,,1,39.99,0,RSSLO,"Dovetail Games - Trains,Dovetail Games - Trains",0,0,0,0,0,1,0,0,0,0,0,0,0,0,0,0,0,0,0,1,0,0,0,0,0,0,0,0
2018.0,,1,0.0,1,"Present Day Media, LLC","Present Day Media, LLC,Present Day Media, LLC",1,1,0,1,1,0,0,0,0,1,0,0,0,1,1,1,1,0,0,0,0,0,0,0,0,0,0,0
2016.0,32.0,0,,0,Choice of Games,"Choice of Games,Choice of Games",0,0,0,1,1,0,0,0,0,0,0,0,0,0,1,1,1,0,0,0,0,0,0,0,0,0,0,0
2015.0,,1,14.99,0,"Kennedy Miller Mitchell,Village Roadshow Pictures",,0,0,0,0,0,0,0,0,0,0,0,0,0,1,0,1,0,0,0,0,0,0,0,0,0,0,0,0
2018.0,,1,0.0,1,J. Appallonia Hardner,"J. Appallonia Hardner,J. Appallonia Hardner",0,0,1,1,0,0,0,0,0,1,0,0,0,0,1,0,0,0,1,0,0,0,0,0,0,0,0,0
2018.0,10.0,0,19.99,0,Stormind Games,"Darril Arts,Darril Arts",1,1,0,1,0,0,0,0,0,0,0,0,0,1,1,1,0,0,0,0,0,0,0,0,0,0,1,0
2017.0,20.0,0,19.99,0,"Capcom,Digital Eclipse","Capcom,Capcom",1,0,0,0,0,0,0,0,0,0,0,0,0,1,0,1,0,0,0,0,0,0,0,0,0,0,0,0
2016.0,,1,,0,MuHa Games,,0,0,0,1,1,0,1,0,0,0,0,0,0,0,1,0,1,1,0,0,0,0,0,0,0,0,0,0
2012.0,,1,,0,"Standing Stone Games, LLC","Standing Stone Games, LLC,Standing Stone Games, LLC",1,1,0,0,1,0,0,0,0,1,1,0,0,1,0,1,1,0,0,0,0,0,1,1,0,0,1,1
2013.0,,1,,0,Funnel Inc.,"Whybe Online,Whybe Online",0,0,0,0,0,0,1,0,0,1,1,0,0,0,0,0,0,1,0,0,0,0,1,0,0,0,0,0
2016.0,,1,0.99,0,Space Fractal,"Space Fractal,Space Fractal",1,1,1,1,0,0,0,0,0,0,0,0,0,1,1,1,0,0,1,0,0,0,0,0,0,1,0,0
2016.0,24.0,0,9.99,0,Super Punk Games,"Super Punk Games,Super Punk Games",1,1,0,1,0,1,1,0,0,0,0,1,0,1,1,1,0,1,0,1,0,0,1,0,0,1,1,1
2016.0,31.0,0,6.99,0,"MysteryTag,Far Mills","RunServer,RunServer",0,0,1,1,0,0,0,0,0,0,0,0,0,0,1,0,0,0,1,0,0,0,0,0,0,1,0,0
2016.0,,1,102.93,0,Hex Entertainment,"Hex Entertainment,Hex Entertainment",0,1,0,0,1,0,1,0,0,1,0,0,0,1,0,1,1,1,0,0,0,0,1,0,0,0,1,1
2016.0,27.0,0,4.99,0,Holgersson Entertainment,"Holgersson Entertainment,Holgersson Entertainment",1,0,0,1,0,0,1,0,0,0,0,0,0,1,1,0,0,1,0,0,0,0,0,0,0,0,0,0
2014.0,27.0,0,3.99,0,winterworks GmbH,"winterworks GmbH,winterworks GmbH",1,0,0,1,0,0,0,0,0,0,0,0,0,1,1,0,0,0,0,0,0,0,0,0,0,1,0,0
2017.0,43.0,0,7.99,0,Faster Time Games Limited,"Faster Time Games Limited,Faster Time Games Limited",1,0,0,1,0,0,0,0,0,0,0,0,0,1,1,0,0,0,0,0,0,0,0,0,0,0,0,0
2017.0,36.0,0,29.99,0,Tequila Works,"Game Trust ,Game Trust ",0,1,1,0,0,0,0,0,0,0,0,0,0,0,0,1,0,0,1,0,0,0,0,0,0,0,0,0
2019.0,12.0,0,9.99,0,Prince Game Studio,"Prince Game Studio,Prince Game Studio",0,0,0,1,1,0,1,0,0,0,0,0,0,0,1,0,1,1,0,0,0,0,0,0,0,1,0,0
2015.0,,1,1.99,0,Capcom Vancouver,"Capcom,Capcom",1,1,0,0,0,0,0,0,0,0,0,0,0,1,0,1,0,0,0,0,0,0,0,0,0,0,0,0
2017.0,,1,,0,Sunfleck Software,"Sunfleck Software,Sunfleck Software",0,1,0,0,0,1,0,0,0,1,0,0,0,0,1,1,0,0,0,1,0,0,1,0,0,0,0,0
2012.0,,1,6.99,0,Digital Train Model,"Dovetail Games - Trains,Dovetail Games - Trains",0,0,0,0,0,1,0,0,0,0,0,0,0,0,0,0,0,0,0,1,0,0,0,0,0,0,0,0
2017.0,23.0,0,3.99,0,Smart Tale Games,"Plug In Digital,Plug In Digital",0,1,0,1,0,0,0,0,0,0,0,0,0,0,1,1,0,0,0,0,0,0,0,0,0,0,0,0
2016.0,16.0,0,8.99,0,Convex,"Convex,Convex",0,1,1,1,0,0,0,0,0,0,0,0,0,0,1,1,0,0,1,0,0,0,0,0,0,0,0,0
2018.0,13.0,0,9.99,0,Marmalade Game Studio Ltd,"Marmalade Game Studio Ltd,Marmalade Game Studio Ltd",0,0,1,0,0,0,1,0,0,0,0,0,0,0,0,0,0,1,1,0,0,0,1,0,0,1,0,1
2016.0,,1,6.99,0,Sleepy Duck,"Sleepy Duck,Sleepy Duck",0,1,0,1,1,0,0,0,0,0,0,0,0,0,1,1,1,0,0,0,0,0,0,0,0,1,1,0
2018.0,,1,0.99,0,"Underdog Interactive,Squadron Interactive,DreamInCode B.V.","Underdog Interactive,Underdog Interactive",1,1,1,1,0,1,1,0,0,0,0,1,0,1,1,1,0,1,1,1,0,0,0,0,0,0,1,0
2016.0,7.0,0,4.99,0,Sapphire Dragon Productions,"Sapphire Dragon Productions,Sapphire Dragon Productions",0,1,0,1,0,0,0,0,0,0,0,0,0,0,1,1,1,0,0,0,0,0,0,0,0,0,0,0
2017.0,34.0,0,14.99,0,Behold Studios,"Behold Studios,Behold Studios",0,0,0,1,1,0,0,0,0,0,0,0,0,0,1,0,1,0,0,0,0,0,0,0,0,1,0,0
2017.0,7.0,0,0.99,0,Grizlikyt,"Dagestan Technology,Dagestan Technology",1,0,1,1,0,0,0,0,0,0,0,1,0,1,1,0,0,0,1,0,0,0,0,0,0,0,0,0
2015.0,,1,,0,Alice & Smith,"Alice & Smith,Alice & Smith",0,0,0,1,1,0,0,0,0,0,1,0,0,0,1,0,1,0,0,0,0,0,1,0,0,0,0,0
2017.0,5000.0,0,,0,Ripknot Systems,"Ripknot Systems,Ripknot Systems",1,0,1,0,0,1,1,0,0,0,0,0,0,1,0,0,0,1,1,1,0,0,0,0,0,1,0,0
2018.0,,1,19.99,0,Kerry Batts,"Pro Strategy Games,Pro Strategy Games",0,0,0,1,0,1,1,1,0,0,0,0,0,0,1,0,0,1,0,1,1,0,0,0,0,0,0,0
2015.0,,1,1.99,0,Mouldy Toof Studios,"Team17 Digital Ltd,Team17 Digital Ltd",1,1,0,1,0,1,1,0,0,0,0,0,0,1,1,1,0,1,0,1,0,0,0,0,0,0,0,0
2016.0,11.0,0,4.99,0,Alice & Smith,"Alice & Smith,Alice & Smith",0,1,1,1,0,0,1,0,0,0,0,0,0,0,1,1,0,1,1,0,0,0,0,0,0,0,0,0
2019.0,50.0,0,2.99,0,OneShark,"SakuraGame,SakuraGame",0,1,1,1,1,0,0,0,0,0,0,0,0,0,1,1,1,0,1,0,0,0,0,0,0,0,0,0
2017.0,48.0,0,,0,Allods Team,"MY.GAMES,MY.GAMES",0,0,0,0,1,0,0,0,0,1,1,0,0,1,0,1,1,0,0,0,0,0,1,1,0,1,1,1
2008.0,,1,4.99,0,Alawar,"iWin,iWin",0,0,1,0,0,0,0,0,0,0,0,0,0,0,0,0,0,0,1,0,0,0,0,0,0,0,0,0
2016.0,,1,14.99,0,Pedro Vendeira,"Aerosoft GmbH,Aerosoft GmbH",0,0,0,0,0,1,0,0,0,0,0,0,0,0,0,0,0,0,0,1,0,0,0,0,0,0,0,0
2010.0,,1,4.99,0,Ino-Co,"1C Entertainment,1C Entertainment",0,0,0,0,0,0,1,0,0,0,0,0,0,0,0,0,0,1,0,0,0,0,0,0,0,1,0,0
2018.0,40.0,0,0.99,0,For Kids,"For Kids,For Kids",0,0,1,1,0,0,0,0,0,0,0,0,0,0,1,0,0,0,1,0,0,0,0,0,0,0,0,0
2018.0,12.0,0,8.99,0,Evoluta Studio,"Evoluta Studio,Evoluta Studio",0,0,1,1,0,1,0,1,0,0,1,1,0,0,1,0,0,0,1,1,1,0,1,0,0,1,0,1
2017.0,10.0,0,3.99,0,EasyWays Team,"Indovers Studio,Indovers Studio",0,0,0,1,0,1,0,0,0,0,0,0,0,0,1,0,0,0,0,1,0,0,0,0,0,0,1,0
2017.0,31.0,0,19.99,0,Infinite Fall,"Finji,Finji",0,1,0,0,0,0,0,0,0,0,0,0,0,0,1,1,0,0,0,0,0,0,0,0,0,1,1,0
2018.0,,1,,0,"CyberStep, Inc.","CyberStep, Inc.,CyberStep, Inc.",1,1,0,0,1,0,0,0,0,1,0,0,0,1,0,1,1,0,0,0,0,0,0,0,0,0,0,0
2019.0,17.0,0,12.99,0,Terapoly,"Terapoly,Terapoly",0,0,0,1,0,1,1,0,0,0,0,0,0,0,1,0,0,1,0,1,0,0,0,0,0,0,1,0
2018.0,,1,8.99,0,Two Point Studios,"SEGA,SEGA",0,0,0,1,0,1,0,0,0,0,0,0,0,0,1,0,0,0,0,1,0,0,0,0,0,0,0,0
2016.0,,1,,0,"Revival Productions, LLC","Revival Productions, LLC,Revival Productions, LLC",1,0,0,0,0,0,0,0,0,0,0,0,0,1,0,0,0,0,0,0,0,0,1,1,1,1,1,1
2019.0,,1,5.99,0,Black Snake Games,"Black Snake Games,Black Snake Games",1,1,0,1,0,1,0,0,0,0,1,1,0,1,1,1,0,0,0,1,0,0,1,0,1,0,0,0
2016.0,9.0,0,5.99,0,Fastermind Games,"Sekai Project,Sekai Project",0,1,1,1,0,0,0,0,0,0,0,0,0,0,1,1,0,0,1,0,0,0,0,0,0,0,0,0
2018.0,33.0,0,3.99,0,StainlessHeart,"StainlessHeart,StainlessHeart",0,0,0,1,0,1,1,0,0,0,0,0,0,0,1,0,0,1,0,1,0,0,0,0,0,0,0,0
2017.0,20.0,0,9.99,0,Sun-Studios,"Sun-Studios,Sun-Studios",1,0,0,1,0,0,0,0,0,0,0,0,0,1,1,0,0,0,0,0,0,0,0,0,0,1,0,0
2019.0,16.0,0,9.99,0,Yheeky Games,"Yheeky Games,Yheeky Games",0,0,0,1,0,1,1,1,0,0,0,1,0,0,1,0,0,1,1,1,1,0,0,0,0,1,0,0
2009.0,,1,9.99,0,Sigma Team Inc.,"Sigma Team Inc.,Sigma Team Inc.",1,0,0,1,1,0,0,0,0,0,0,0,0,1,1,0,1,0,0,0,0,0,0,0,1,1,0,1
2016.0,136.0,0,19.99,0,Klace,"Tall Tail Studios,Tall Tail Studios",0,1,0,1,1,1,0,0,0,0,0,0,0,0,1,1,1,0,1,1,0,0,0,0,0,1,1,1
2018.0,,1,0.0,1,Aleksandr Golovkin,"Aleksandr Golovkin,Aleksandr Golovkin",0,0,0,0,0,0,0,0,0,1,0,0,0,0,0,0,0,0,1,0,0,0,0,0,0,1,0,0
2016.0,17.0,0,2.99,0,Maverick Game Studio,"Three Guys Game Studio,Three Guys Game Studio",1,0,1,1,0,1,1,0,0,0,0,0,0,1,1,0,0,1,1,1,0,0,0,0,0,0,1,0
2017.0,,1,0.0,1,Doborog Games,"Doborog Games,Doborog Games",1,0,0,1,0,0,0,0,0,1,0,0,0,1,1,0,0,0,0,0,0,0,1,0,0,0,1,0
2016.0,,1,19.99,0,Cybertime System,"Cybertime System,Cybertime System",1,0,0,0,1,0,0,0,0,1,1,0,0,1,0,0,1,0,0,0,0,0,1,0,0,0,0,0
2016.0,1.0,0,1.99,0,Big Loop Studios,"Big Loop Studios,Big Loop Studios",0,1,1,1,0,0,0,0,0,0,0,0,0,0,1,1,0,0,1,0,0,0,0,0,0,0,0,0
2018.0,,1,0.0,1,Doghead Simulations,"Doghead Simulations,Doghead Simulations",0,0,0,0,0,1,0,0,0,0,0,0,0,0,0,0,0,0,0,1,0,0,0,0,0,0,0,0
2017.0,,1,2.99,0,Ape Apps,"Ape Apps,Ape Apps",0,0,0,0,0,1,1,0,0,0,0,0,0,0,0,0,0,1,0,1,0,0,0,0,0,0,0,0
2017.0,28.0,0,19.99,0,"TABOT, inc.,Natsume Inc.","Natsume Inc.,Natsume Inc.",0,1,1,0,1,1,0,0,0,0,0,0,0,0,0,1,1,0,1,1,0,0,1,0,0,0,1,0
2016.0,,1,0.99,0,SCS Software,"SCS Software,SCS Software",0,0,0,1,0,1,0,0,0,0,0,0,0,0,1,0,0,0,0,1,0,0,0,0,0,0,1,0
2017.0,,1,6.99,0,Ubisoft Montreal,,1,1,0,0,1,0,0,0,0,0,0,0,0,1,0,1,1,0,0,0,0,0,0,0,0,0,0,0
2016.0,23.0,0,7.99,0,Springloaded,"Springloaded,Springloaded",0,0,1,1,0,0,0,0,0,0,0,0,0,0,1,0,0,0,1,0,0,0,0,0,0,0,0,0
2017.0,,1,,0,AlternativaPlatform,"AlternativaPlatform Ltd.,AlternativaPlatform Ltd.",1,0,0,0,0,0,0,0,0,1,1,0,0,1,0,0,0,1,0,0,0,0,1,0,1,0,1,0
2017.0,,1,,0,Campus ADN 2015-2016,"Campus ADN,Campus ADN",1,0,0,1,0,0,0,0,0,0,0,0,0,1,1,0,0,0,0,0,0,0,0,0,0,0,0,0
2019.0,19.0,0,19.99,0,"MAGES. Inc.,5pb.","XSEED Games,Marvelous USA, Inc.,XSEED Games,Marvelous USA, Inc.",0,1,0,0,0,0,0,0,0,0,0,0,0,0,0,1,0,0,0,0,0,0,0,0,0,0,0,0
2019.0,24.0,0,14.99,0,Finite Reflection Studios,"Finite Reflection Studios,Finite Reflection Studios",1,1,0,1,0,0,0,0,0,0,0,0,0,1,1,1,0,0,0,0,0,0,0,0,1,0,0,0
2017.0,24.0,0,0.99,0,Trident Game Studio,"Trident Game Studio,Trident Game Studio",1,0,1,1,0,0,0,0,0,0,0,0,0,1,1,0,0,0,1,0,0,0,0,0,0,0,0,0
2018.0,,1,0.0,1,dotBunny,"dotBunny,dotBunny",0,1,0,0,0,1,0,0,0,1,0,0,0,0,0,1,0,0,0,1,0,0,1,0,0,1,0,1
2018.0,24.0,0,14.99,0,Chibig,"101XP,101XP",0,1,1,1,1,1,0,0,0,0,0,0,0,1,1,1,1,0,1,1,0,0,0,0,0,1,0,1
2014.0,18.0,0,,0,Grundislav Games,"Wadjet Eye Games,Wadjet Eye Games",0,1,0,1,0,0,0,0,0,0,0,0,0,0,1,1,0,0,0,0,0,0,0,0,0,0,0,0
2015.0,,1,4.99,0,United Independent Entertainment GmbH,"United Independent Entertainment GmbH,United Independent Entertainment GmbH",0,0,0,0,0,1,1,0,0,0,0,0,0,0,0,0,0,1,0,1,0,0,0,0,0,0,0,0
2016.0,,1,0.0,1,FergaTroid Studios,"FergaTroid Studios,FergaTroid Studios",1,0,0,1,0,0,0,0,0,1,0,0,0,1,1,0,0,0,0,0,0,0,0,0,0,0,0,0
2018.0,345.0,0,0.99,0,CUTE ANIME GIRLS,"Tranquility games,Tranquility games",0,0,1,1,0,0,0,0,0,0,0,0,0,0,1,0,0,0,1,0,0,0,0,0,0,0,0,0
2018.0,27.0,0,4.99,0,Sokpop Collective,"Sokpop Collective,Sokpop Collective",0,0,0,1,0,1,0,0,0,0,0,0,0,0,1,0,0,1,1,1,0,0,0,0,0,0,1,0
2016.0,,1,2.99,0,"Traveller's Tales,TT Games,Feral Interactive (Mac)","Feral Interactive (Mac),Warner Bros. Interactive Entertainment,Feral Interactive (Mac),Warner Bros. Interactive Entertainment",1,1,0,0,0,0,0,0,0,0,0,0,0,1,0,1,0,0,0,0,0,0,0,0,0,0,0,0
2018.0,,1,1.99,0,S&COR Games,"S&COR Games,S&COR Games",1,0,0,0,0,1,0,0,1,0,1,0,0,1,0,0,0,0,0,1,0,1,1,0,0,0,0,0
2018.0,,1,24.99,0,Hesketh Studios Ltd,"Hesketh Studios Ltd,Hesketh Studios Ltd",1,0,0,1,0,0,1,0,0,0,0,1,0,1,1,0,0,1,0,0,0,0,1,1,0,1,1,1
2019.0,80.0,0,9.99,0,Sunny Show,"FHYX（凤凰游戏）,FHYX（凤凰游戏）",0,1,0,1,1,0,1,0,0,0,0,0,0,0,1,1,1,1,0,0,0,0,0,0,0,0,0,0
2017.0,13.0,0,9.99,0,No Code,"Devolver Digital,Devolver Digital",0,1,0,1,0,0,0,0,0,0,0,0,0,0,1,1,0,0,0,0,0,0,0,0,0,1,1,1
2016.0,,1,2.99,0,Tomoaki Sugeno,,1,0,1,1,0,0,0,0,0,0,0,0,0,1,1,0,0,0,1,0,0,0,0,0,0,0,0,0
2016.0,40.0,0,29.99,0,Spiders,"Focus Home Interactive,Focus Home Interactive",1,0,0,0,1,0,0,0,0,0,0,0,0,1,0,1,1,0,0,0,0,0,0,0,0,1,1,1
2016.0,,1,1.99,0,BYCODEC TEKNOLOJI LTD,"BYCODEC TEKNOLOJI LTD,BYCODEC TEKNOLOJI LTD",0,0,0,1,0,1,1,0,1,0,0,0,0,0,1,0,0,1,0,1,0,1,0,0,0,0,0,0
2015.0,40.0,0,,0,Choice of Games,"Choice of Games,Choice of Games",0,0,0,1,1,0,0,0,0,0,0,0,0,0,1,1,1,0,0,0,0,0,0,0,0,0,0,0
2015.0,,1,2.99,0,Guerrilla Bandit,"Guerrilla Bandit,Guerrilla Bandit",1,0,0,1,0,0,0,0,0,0,0,0,0,1,1,0,0,0,0,0,0,0,0,0,0,0,0,0
2017.0,,1,4.99,0,跳跃网络,"跳跃网络,跳跃网络",1,0,0,0,0,0,0,0,0,0,0,0,0,1,0,0,0,0,0,0,0,0,0,0,1,0,0,0
2018.0,7.0,0,,0,RunByCoffee,"RunByCoffee,RunByCoffee",0,0,1,0,0,0,0,1,0,0,0,0,0,0,0,0,0,0,1,0,1,0,0,0,0,0,0,0
2019.0,,1,19.99,0,IceTorch Interactive,"IceTorch Interactive,IceTorch Interactive",0,0,1,0,0,1,0,0,0,0,0,0,0,0,1,0,0,0,1,1,0,1,0,0,0,1,0,0
2006.0,,1,4.99,0,"PopCap Games, Inc.","PopCap Games, Inc.,PopCap Games, Inc.",0,0,1,0,0,0,0,0,0,0,0,0,0,0,0,0,0,0,1,0,0,0,0,0,0,1,0,1
2018.0,23.0,0,44.59,0,CSM,"W.T.B.,W.T.B.",0,0,1,1,0,0,0,0,0,0,0,0,0,0,1,0,0,0,1,0,0,0,0,0,0,0,0,0
2015.0,,1,1.99,0,Smarter Games,"Flying Interactive,Flying Interactive",0,0,1,1,0,0,0,0,0,0,0,0,0,0,1,0,0,0,1,0,0,0,0,0,0,0,0,0
2019.0,10.0,0,1.99,0,七彩绘色,"轻文,轻文",0,0,1,1,1,0,0,0,0,0,0,0,0,0,1,0,1,0,1,0,0,0,0,0,0,0,0,0
2016.0,21.0,0,9.99,0,Ant Workshop Ltd,"Ant Workshop Ltd,Ant Workshop Ltd",1,0,0,1,0,0,0,0,0,0,0,0,0,1,1,0,0,0,0,0,0,0,0,0,0,0,0,0
2018.0,,1,7.99,0,"Treyarch,Aspyr (Mac)","Activision,Aspyr (Mac),Activision,Aspyr (Mac)",1,1,0,0,0,0,0,0,0,0,0,0,0,1,0,1,0,0,0,0,0,0,0,0,0,0,0,0
2017.0,12.0,0,0.99,0,Mikhail Melnikov,"Mikhail Melnikov,Mikhail Melnikov",0,0,1,1,0,0,0,0,0,0,0,0,0,0,1,0,0,0,1,0,0,0,0,0,0,0,0,0
2015.0,,1,9.99,0,Eagle Dynamics SA,"The Fighter Collection,The Fighter Collection",0,0,0,0,0,1,0,0,0,0,0,0,0,0,0,0,0,0,0,1,0,0,0,0,0,0,0,0
2018.0,,1,18.99,0,"CREATIVE ASSEMBLY,Feral Interactive","SEGA,Feral Interactive,SEGA,Feral Interactive",1,0,0,0,0,0,1,0,0,0,0,0,0,1,0,0,0,1,0,0,0,0,0,0,0,0,1,0
2015.0,,1,19.99,0,Dovetail Games,"Dovetail Games - Trains,Dovetail Games - Trains",0,0,0,0,0,1,0,0,0,0,0,0,0,0,0,0,0,0,0,1,0,0,0,0,0,0,0,0
2019.0,9.0,0,6.99,0,橘子班,"PeriScope Game,PeriScope Game",0,1,1,1,0,0,0,0,0,0,0,0,0,0,1,1,0,0,1,0,0,0,0,0,0,0,0,0
2017.0,10.0,0,1.99,0,Robert Alvarez,"Robert Alvarez,Robert Alvarez",0,0,0,1,0,0,1,0,0,0,0,0,0,0,1,0,0,1,1,0,0,0,0,0,0,1,0,0
2018.0,,1,,0,Square Enix,"Square Enix,Square Enix",0,0,0,0,0,0,0,0,0,1,0,0,0,0,0,0,0,0,0,0,0,0,0,0,0,0,0,0
2018.0,9.0,0,9.99,0,Greg Sergeant,"Flying Interactive,Flying Interactive",1,0,0,1,0,0,0,0,0,0,0,0,0,1,1,0,0,0,0,0,0,0,0,1,1,0,0,0
2018.0,129.0,0,1.99,0,Star Legion,"Star Legion,Star Legion",0,1,1,1,0,0,0,1,0,0,0,0,0,0,1,1,0,0,1,0,1,0,0,0,0,0,0,0
2012.0,19.0,0,9.99,0,Artifex Mundi,"Artifex Mundi,Artifex Mundi",0,1,1,0,0,0,0,0,0,0,0,0,0,0,1,1,0,0,1,0,0,0,0,0,0,1,0,1
2017.0,,1,2.99,0,Spacevb Studio,"Spacevb Studio,Spacevb Studio",1,1,1,1,0,1,0,0,0,0,0,0,0,1,1,1,0,0,1,1,0,0,0,0,0,0,0,0
2014.0,21.0,0,12.99,0,Infinite Monkeys Entertainment Ltd.,"Infinite Monkeys Entertainment Ltd.,Infinite Monkeys Entertainment Ltd.",1,1,1,1,0,0,0,0,0,0,0,0,0,1,1,1,0,0,1,0,0,0,0,0,0,1,1,0
2016.0,34.0,0,,0,34BigThings srl,"34BigThings srl,34BigThings srl",0,0,0,0,0,0,0,0,1,0,0,0,0,1,1,0,0,0,0,1,1,1,1,0,0,1,1,1
2016.0,15.0,0,9.99,0,"Zillion Whales,Creat Studios","Zillion Whales,Zillion Whales",1,0,0,1,0,0,1,0,0,0,0,0,0,1,1,1,0,1,0,0,0,0,1,0,0,1,0,1
2018.0,,1,,0,Two Zoos,"Two Zoos,Two Zoos",1,0,0,1,0,0,0,0,0,0,0,1,0,1,1,0,0,0,0,0,0,0,0,0,1,0,0,0
2018.0,,1,19.99,0,Dovetail Games,"Dovetail Games - Trains,Dovetail Games - Trains",0,0,0,0,0,1,0,0,0,0,0,0,0,0,0,0,0,0,0,1,0,0,0,0,0,0,0,0
2012.0,,1,2.99,0,Ronimo Games,"Ronimo Games,Ronimo Games",1,0,0,1,0,0,1,0,0,0,0,0,0,1,1,0,0,1,0,0,0,0,0,0,0,0,0,0
2015.0,,1,49.99,0,,,0,0,0,0,0,0,0,0,0,0,0,0,0,0,0,0,0,0,0,0,1,0,1,0,0,0,1,0
2017.0,11.0,0,4.99,0,Oriplay,"Cristian Manolachi,Atomic Fabrik,Cristian Manolachi,Atomic Fabrik",0,0,1,1,0,1,1,0,0,0,0,0,0,0,1,0,0,1,1,1,0,0,0,0,0,1,0,0
2008.0,,1,12.99,0,Relic Entertainment,"SEGA,SEGA",0,0,0,0,0,0,1,0,0,0,0,0,0,1,0,1,0,1,0,0,0,0,1,0,0,1,1,1
2011.0,,1,9.99,0,b-Alive,"Kalypso Media Digital,Kalypso Media Digital",0,0,0,0,0,1,1,0,0,0,0,0,0,0,0,0,0,1,0,1,0,0,0,0,0,0,0,0
2016.0,,1,14.99,0,Retro Dreamer,"Retro Dreamer,Retro Dreamer",1,0,0,1,0,0,0,0,0,0,0,1,0,1,1,0,0,0,0,0,0,0,1,0,1,0,0,0
2012.0,8.0,0,19.99,0,MoaCube,"MoaCube,MoaCube",0,1,0,1,1,0,0,0,0,0,0,0,0,0,1,1,1,0,1,0,0,0,0,0,0,1,1,1
2016.0,24.0,0,2.99,0,"Axol Studio, LLC","Axol Studio, LLC,Axol Studio, LLC",1,1,0,1,0,0,0,0,0,0,0,0,0,1,1,1,0,0,0,0,0,0,0,0,0,0,0,0
2018.0,23.0,0,34.99,0,stillalive studios,"astragon Entertainment,astragon Entertainment",0,0,0,0,0,1,0,0,0,0,0,0,0,1,0,0,0,1,0,1,0,0,1,0,0,1,1,1
2014.0,19.0,0,2.99,0,Fred Wood,"Fred Wood,Fred Wood",1,0,0,1,0,0,0,0,0,0,0,0,0,1,1,0,0,0,0,0,0,0,0,0,0,1,1,0
2010.0,,1,19.99,0,Paradox Development Studio,"Paradox Interactive,Paradox Interactive",0,0,0,0,0,0,1,0,0,0,0,0,0,0,0,0,0,1,0,1,0,0,1,0,0,1,1,1
2018.0,,1,,0,PrimeBit Games S.A.,"PrimeBit Games S.A.,PrimeBit Games S.A.",0,0,1,1,0,0,1,0,0,1,0,0,0,0,1,0,0,1,0,0,0,0,1,0,0,0,0,0
2010.0,,1,0.99,0,Paradox Interactive,"Paradox Interactive,Paradox Interactive",0,0,0,0,0,0,1,0,0,0,0,0,0,0,0,0,0,1,0,0,0,0,0,0,0,0,0,0
2018.0,11.0,0,7.99,0,Space Wagon Games,"Electric Monk Media,Electric Monk Media",0,0,0,1,0,0,0,0,0,0,0,0,0,0,1,0,0,0,0,0,0,0,0,0,0,0,0,0
2016.0,,1,32.86,0,"DQ Team,Insomniacs","Droid Riot,Droid Riot",0,1,1,1,0,0,0,0,0,0,0,0,0,0,1,1,0,0,1,0,0,0,0,0,0,0,0,0
2017.0,,1,96.28,0,"Nikita ""Ghost_RUS""","Ghost_RUS Games,Ghost_RUS Games",1,0,0,1,0,0,0,0,0,0,0,0,0,1,1,0,0,0,0,0,0,0,0,1,0,0,0,0
2018.0,45.0,0,2.99,0,Angry games,"Angry games,Angry games",0,1,1,1,1,0,0,0,0,0,0,0,0,0,1,1,1,0,1,0,0,0,0,0,0,0,0,0
2017.0,40.0,0,9.99,0,Tuttifrutti Interactive,"Tuttifrutti Interactive,Tuttifrutti Interactive",0,1,1,1,0,0,0,0,0,0,0,0,0,0,1,1,0,0,1,0,0,0,0,0,0,1,0,0
2018.0,41.0,0,29.99,0,inXile Entertainment,"inXile Entertainment,inXile Entertainment",1,0,0,0,1,0,0,0,0,0,0,0,0,1,0,1,1,0,0,0,0,0,0,0,0,1,0,1
2018.0,,1,1.99,0,SCS Software,"SCS Software,SCS Software",0,0,0,1,0,1,0,0,0,0,0,0,0,0,1,0,0,0,0,1,0,0,0,0,0,0,0,0
2016.0,,1,2.99,0,Mateusz Kulis,"Mateusz Kulis,Mateusz Kulis",0,1,1,1,0,0,0,0,1,0,0,0,0,0,1,1,0,0,1,0,0,1,0,0,0,0,0,0
2016.0,15.0,0,3.99,0,WolfgangIs,"WolfgangIs,WolfgangIs",1,1,1,1,1,1,1,0,0,0,0,0,0,1,1,1,1,1,1,1,0,0,0,0,0,0,1,0
2016.0,45.0,0,14.99,0,Pixelbomb Games,"Pixelbomb Games,Pixelbomb Games",1,1,1,1,0,1,1,0,0,0,0,1,0,1,1,1,0,1,1,1,0,0,0,0,1,1,0,1
2016.0,,1,9.99,0,DEKDEV,"DEKDEV,DEKDEV",1,1,0,1,1,0,0,0,0,0,0,1,0,1,1,1,1,0,0,0,0,0,0,0,0,0,0,0
2017.0,,1,0.99,0,,,1,0,1,1,0,0,0,0,0,0,0,0,0,1,1,0,0,0,1,0,0,0,0,0,0,0,0,0
2016.0,9.0,0,2.99,0,Anea_Duo_Dev,"Anea_Duo_Dev,Anea_Duo_Dev",1,1,1,1,0,1,0,0,1,0,0,0,0,1,1,1,0,0,1,1,0,1,0,0,0,0,0,0
2016.0,32.0,0,19.99,0,Acquire,"Aksys Games,Aksys Games",0,0,0,0,0,0,1,0,0,0,0,0,0,0,0,0,0,1,0,0,0,0,0,0,0,0,0,0
2017.0,22.0,0,,0,Choice of Games,"Choice of Games,Choice of Games",0,1,0,1,1,0,0,0,0,0,0,0,0,0,1,1,1,0,0,0,0,0,0,0,0,0,0,0
2016.0,14.0,0,7.99,0,"Ratalaika Games S.L.,Woblyware","Ratalaika Games S.L.,Ratalaika Games S.L.",1,0,0,1,0,0,0,0,0,0,0,0,0,1,1,0,0,0,0,0,0,0,0,0,0,0,0,0
2017.0,20.0,0,29.99,0,Rockstar Games,"Rockstar Games,Rockstar Games",1,1,0,0,0,0,0,0,0,0,0,0,0,1,0,1,0,0,0,0,0,0,0,0,0,1,1,1
2014.0,,1,,0,"Schine, GmbH","Schine, GmbH,Schine, GmbH",1,1,0,1,1,1,1,0,0,1,0,0,0,1,1,1,1,1,0,1,0,0,1,0,0,0,1,1
2018.0,,1,,0,Another Circus,"Another Circus,Another Circus",0,1,0,1,0,0,0,0,0,1,0,0,0,0,1,1,0,0,0,0,0,0,0,0,0,0,0,0
2019.0,10.0,0,9.99,0,"Playdek, Inc.","Playdek, Inc.,Playdek, Inc.",0,0,0,0,0,0,1,0,0,0,0,0,0,0,0,0,0,1,0,0,0,0,0,0,0,0,0,0
2015.0,38.0,0,19.99,0,Idea Factory,"Ghostlight LTD,Ghostlight LTD",0,1,0,0,1,0,1,0,0,0,0,0,0,0,0,1,1,1,0,0,0,0,0,0,0,1,0,0
2009.0,12.0,0,9.99,0,Amanita Design,"Amanita Design,Amanita Design",0,1,0,1,0,0,0,0,0,0,0,0,0,0,1,1,0,0,1,0,0,0,0,0,0,1,1,1
2016.0,22.0,0,19.99,0,Leslaw Sliwko,"Age of Fear,Age of Fear",0,0,0,1,1,0,1,0,0,0,0,0,0,0,1,0,1,1,0,0,0,0,0,0,0,1,0,0
2018.0,42.0,0,29.99,0,Metalhead Software Inc.,"Metalhead Software Inc.,Metalhead Software Inc.",0,0,0,1,0,1,0,1,0,0,0,0,0,0,1,0,0,0,0,1,1,0,1,0,0,1,1,1
2019.0,,1,1.99,0,Asobo Studio,"Focus Home Interactive,Focus Home Interactive",0,1,0,0,0,0,0,0,0,0,0,0,0,0,0,1,0,0,0,0,0,0,0,0,0,0,0,0
2017.0,17.0,0,,0,Community Volunteers,"Community Volunteers,Community Volunteers",1,0,0,1,0,0,0,0,0,0,0,0,0,1,1,0,0,0,0,0,0,0,0,0,1,0,0,0
2018.0,20.0,0,24.99,0,"Grip Digital,Terrible Posture Games","Grip Digital,Grip Digital",1,0,0,1,0,0,0,0,0,0,0,0,0,1,1,0,0,0,0,0,0,0,0,1,0,1,1,0
2016.0,33.0,0,9.99,0,Sunward Games,"Artifex Mundi,Artifex Mundi",0,1,1,0,0,0,0,0,0,0,0,0,0,0,1,1,0,0,1,0,0,0,0,0,0,1,0,0
2018.0,12.0,0,3.99,0,DCGsoft,"DCGsoft,DCGsoft",1,0,0,0,0,1,0,1,1,0,0,0,0,1,0,0,0,0,1,1,1,1,0,0,0,0,0,0
2015.0,17.0,0,,0,Zandel Media,"Zandel Media,Zandel Media",0,1,0,1,0,0,0,0,0,0,0,0,0,0,1,1,0,0,0,0,0,0,0,0,0,1,1,0
2017.0,,1,,0,Expansive Worlds,,0,1,0,0,0,1,0,1,0,0,0,0,0,0,0,1,0,0,0,1,1,0,0,0,0,0,0,0
2015.0,126.0,0,29.99,0,Dreamatrix,"Dreamatrix ,Dreamatrix ",1,0,0,1,1,0,0,0,0,0,0,0,0,1,1,0,1,0,0,0,0,0,0,0,0,0,0,0
2016.0,,1,5.99,0,Hatrabbit Entertainment,"Hatrabbit Entertainment,Hatrabbit Entertainment",1,0,1,0,0,0,0,1,0,0,0,0,0,1,1,0,0,0,1,0,1,0,0,0,0,1,0,0
2013.0,,1,4.99,0,Coffee Stain Studios,"Coffee Stain Publishing,Coffee Stain Publishing",1,0,0,1,0,0,1,0,0,0,0,0,0,1,1,0,0,1,0,0,0,0,0,0,0,0,0,0
2013.0,15.0,0,8.99,0,"Double Eleven,Q-Games Ltd.","Double Eleven,Double Eleven",1,0,0,0,0,0,0,0,0,0,0,0,0,1,1,0,0,0,1,0,0,0,1,0,1,1,0,1
2019.0,,1,11.99,0,Ubisoft Blue Byte,"Ubisoft,Ubisoft",0,0,0,0,0,0,1,0,0,0,0,0,0,0,0,0,0,1,0,0,0,0,0,0,0,0,0,0
2017.0,,1,19.99,0,PALETTE,"Sekai Project,Sekai Project",0,0,1,0,0,0,0,0,0,0,0,0,0,0,0,0,0,0,1,0,0,0,0,0,0,0,0,0
2015.0,7.0,0,7.99,0,TB Games,"TB Games,TB Games",1,1,0,1,0,1,0,0,0,0,1,1,0,1,1,1,0,0,0,1,0,0,1,1,1,0,1,1
2012.0,,1,9.99,0,"Big Huge Games,38 Studios","38 Studios,Electronic Arts,38 Studios,Electronic Arts",1,0,0,0,1,0,0,0,0,0,0,0,0,1,0,0,1,0,0,0,0,0,0,0,0,0,0,0
2017.0,28.0,0,9.99,0,The Vanir Project,"BadLand Publishing,BadLand Publishing",1,1,0,1,0,0,0,0,0,0,0,0,0,1,1,1,0,0,0,0,0,0,0,0,0,0,0,0
2019.0,,1,0.99,0,CggtGroup,"CggtGroup,CggtGroup",1,1,0,0,0,1,0,0,0,0,0,0,0,1,1,1,1,0,0,1,0,0,0,0,0,1,0,0
2019.0,32.0,0,39.99,0,Black Sheep Studio,"Bigben Interactive,Bigben Interactive",0,0,0,0,0,0,0,1,0,0,0,0,0,0,1,0,0,1,1,1,1,0,1,0,0,1,0,1
2014.0,,1,,0,Cosmic Cow LLC,"Cosmic Cow LLC,Cosmic Cow LLC",1,1,1,1,0,0,0,0,0,1,1,0,0,1,1,1,1,0,1,0,0,0,1,1,0,1,1,1
2017.0,70.0,0,1.99,0,Vagabond Dog,"Vagabond Dog,Vagabond Dog",0,0,1,1,0,0,0,1,0,0,0,0,0,0,1,0,0,0,1,0,1,0,0,0,0,0,0,0
2009.0,,1,19.99,0,DICE,"Electronic Arts,Electronic Arts",1,1,0,0,0,0,0,0,0,0,0,0,0,1,0,1,0,0,0,0,0,0,0,1,0,1,1,1
2016.0,10.0,0,,0,Manipulation Machine,"Manipulation Machine,Manipulation Machine",1,0,1,1,0,0,0,0,0,1,0,0,0,1,1,0,0,0,1,0,0,0,0,0,0,0,0,0
2017.0,52.0,0,4.99,0,Mystery Egg Games,"Mystery Egg Games,Mystery Egg Games",1,0,0,1,0,0,0,0,0,0,0,0,0,1,1,0,0,0,0,0,0,0,0,0,0,0,0,0
2015.0,50.0,0,19.99,0,League of Geeks,"League of Geeks,League of Geeks",0,1,0,1,1,0,1,0,0,0,0,0,0,0,1,1,1,1,0,0,0,0,1,0,0,1,1,1
2011.0,,1,2.99,0,Volition,"Deep Silver,Deep Silver",1,0,0,0,0,0,0,0,0,0,0,0,0,1,0,0,0,0,0,0,0,0,0,0,0,0,0,0
2016.0,21.0,0,2.99,0,KHB-Soft,"KHB-Soft,KHB-Soft",1,0,1,1,0,0,0,0,0,0,0,0,0,1,1,0,0,0,1,0,0,0,1,0,0,0,1,0
2015.0,24.0,0,3.99,0,2dengine,"2dengine,2dengine",1,0,1,1,0,0,0,0,0,0,0,0,0,1,1,0,0,0,1,0,0,0,0,0,0,0,0,0
2016.0,20.0,0,9.99,0,Team Gotham,"505 Games,505 Games",0,1,0,1,0,0,0,0,0,0,0,0,0,0,1,1,0,0,0,0,0,0,0,0,0,0,1,0
2017.0,,1,0.99,0,Domas Sabockis,"Domas Sabockis,Domas Sabockis",1,0,0,1,0,0,1,0,0,0,0,1,0,1,1,0,0,1,0,1,0,0,1,0,0,0,0,0
2017.0,5000.0,0,0.99,0,G. Malta,"VRS,VRS",1,0,1,1,0,1,0,0,0,0,0,0,0,1,1,0,0,0,1,1,0,0,0,0,0,0,0,0
2018.0,1.0,0,0.99,0,"Maciej Targoni,Wojciech Wasiak"," Maciej Targoni, Maciej Targoni",0,0,0,1,0,0,0,0,0,0,0,0,0,0,1,0,0,0,0,0,0,0,0,0,0,0,0,0
2013.0,,1,7.99,0,United Independent Entertainment GmbH,"United Independent Entertainment GmbH,United Independent Entertainment GmbH",0,0,0,0,0,1,0,0,0,0,0,0,0,0,0,0,0,0,0,1,0,0,0,0,0,0,0,0
2010.0,10.0,0,4.99,0,Nitro Games,"Nitro Games,Nitro Games",0,0,1,0,0,0,0,0,0,0,0,0,0,0,0,0,0,0,1,0,0,0,0,0,0,0,0,0
2016.0,,1,9.99,0,DEVGRU-P,"DEVGRU-P,DEVGRU-P",0,1,1,1,1,1,0,0,0,0,0,0,0,0,1,1,1,0,1,1,0,0,0,0,0,0,1,0
2011.0,52.0,0,9.99,0,Ice-Pick Lodge,"Ice-Pick Lodge,bitComposer Games,Viva Media,Nordic Games,Ice-Pick Lodge,bitComposer Games,Viva Media,Nordic Games",1,1,0,0,0,1,0,0,0,0,0,0,0,1,0,1,0,0,0,1,0,0,0,0,0,1,0,1
2019.0,,1,1.99,0,L. Stotch,"L. Stotch,L. Stotch",0,0,1,1,0,0,0,0,0,0,0,0,0,0,1,0,0,0,1,0,0,0,0,0,0,0,0,0
2017.0,,1,0.0,1,Google,"Google,Google",0,0,0,0,0,0,0,0,0,1,0,0,0,0,0,0,0,0,0,0,0,0,0,0,0,0,0,0
2019.0,13.0,0,19.99,0,Red Thread Games,"Red Thread Games,Red Thread Games",0,1,0,1,0,0,0,0,0,0,0,0,0,0,1,1,0,0,1,0,0,0,0,0,0,1,1,0
2018.0,10.0,0,7.99,0,DNV,"DNV,DNV",0,0,1,1,0,1,0,0,0,0,0,0,0,0,1,0,0,0,1,1,0,0,0,0,0,0,0,0
2013.0,35.0,0,14.99,0,QCF Design,"QCF Design,QCF Design",0,1,1,1,1,0,1,0,0,0,0,0,0,0,1,1,1,1,1,0,0,0,0,0,0,1,1,1
2018.0,13.0,0,14.99,0,Ronimo Games,"Ronimo Games,Ronimo Games",1,0,0,1,0,0,1,0,0,0,0,0,0,1,1,0,0,1,1,0,0,0,1,0,0,1,0,1
2017.0,,1,,0,ADB,"ADB,ADB",1,1,0,1,0,1,1,0,0,1,0,0,0,1,1,1,0,1,0,1,0,0,0,0,0,0,0,0
2013.0,45.0,0,116.91,0,Hanako Games,"Hanako Games,Hanako Games",0,0,0,1,1,1,1,0,0,0,0,0,0,0,1,1,1,1,1,1,0,0,0,0,0,1,1,1
2010.0,26.0,0,9.99,0,Gaijin Games,"Gaijin Games,Gaijin Games",1,0,1,1,0,0,0,0,0,0,0,0,0,1,1,0,0,0,1,0,0,0,0,0,0,1,1,0
2016.0,,1,0.0,1,Mike Harris,"Mike Harris Design,Mike Harris Design",1,0,0,1,0,0,0,0,0,0,0,0,0,1,1,0,0,0,0,0,0,0,0,0,0,0,0,0
2018.0,11.0,0,0.99,0,"Nikita ""Ghost_RUS""","Ghost_RUS Games,Ghost_RUS Games",0,0,1,1,0,1,0,0,0,0,0,0,0,0,1,0,0,0,1,1,0,0,0,0,0,0,0,0
2016.0,49.0,0,19.99,0,Out of the Park Developments,"Out of the Park Developments,Out of the Park Developments",0,0,0,1,0,1,1,1,0,0,0,0,0,0,1,0,0,1,0,1,1,0,0,0,0,0,0,0
2013.0,8.0,0,9.99,0,Alawar Five-BN,"Alawar Entertainment,Alawar Entertainment",0,1,1,0,0,0,0,0,0,0,0,0,0,0,0,1,0,0,1,0,0,0,0,0,0,0,0,0
2018.0,13.0,0,19.99,0,Serenity Forge,"Graffiti Games,Graffiti Games",1,0,0,1,0,0,0,0,0,0,0,0,0,1,1,0,0,0,0,0,0,0,0,0,0,0,0,0
2014.0,,1,2.99,0,Freebird Games,,0,1,0,1,1,0,0,0,0,0,0,0,0,0,1,1,1,0,0,0,0,0,0,0,0,0,0,0
2018.0,30.0,0,29.99,0,OSome Studio,"Microids,Microids",1,1,0,0,0,0,0,0,0,0,0,0,0,1,0,1,0,0,0,0,0,0,0,0,0,1,0,0
2013.0,,1,,0,"Sujin Ri,Yunjeong Yun,Hyein Go,Minsu Ock,Marcos Arroyo,Seona Lee,Sohyeon Jeon","Cheritz,Cheritz",0,0,0,0,0,1,0,0,0,0,0,0,0,0,0,0,0,0,0,1,0,0,0,0,0,0,0,0
2017.0,,1,0.0,1,Toni Domínguez,"Toni Domínguez,Toni Domínguez",0,1,1,1,0,1,0,0,0,1,0,0,0,0,1,1,0,0,1,1,0,0,0,0,0,0,0,0
2006.0,,1,4.99,0,Best Way,"1C Entertainment,1C Entertainment",1,0,0,0,0,1,1,0,0,0,0,0,0,1,0,0,0,1,0,1,0,0,1,0,0,0,1,1
2017.0,,1,7.99,0,GSC Game World,"GSC Game World,GSC Game World",0,0,0,0,0,0,1,0,0,0,0,0,0,0,0,0,0,1,0,0,0,0,1,0,0,0,0,0
2018.0,39.0,0,14.99,0,Zetsubou,"Zetsubou,Zetsubou",0,0,1,1,0,1,0,0,0,0,0,0,0,0,1,0,0,0,1,1,0,0,0,0,0,0,0,0
2018.0,3.0,0,0.0,1,Flashynurav,"FLNStudios,FLNStudios",0,0,1,1,0,0,0,0,0,1,0,0,0,0,1,0,0,0,1,0,0,0,1,0,0,1,0,1
2014.0,54.0,0,9.99,0,BlueLine Games,"BlueLine Games,BlueLine Games",0,0,1,1,0,0,1,0,0,0,0,0,0,0,1,0,0,1,1,0,0,0,1,0,0,1,0,1
2018.0,36.0,0,,0,Flat Chest Dev,"Flat Chest Dev,Flat Chest Dev",0,1,1,1,0,0,0,0,0,0,0,0,0,0,1,1,0,0,1,0,0,0,0,0,0,0,0,0
2015.0,40.0,0,6.99,0,Calvino Noir Limited,"Calvino Noir Limited,Calvino Noir Limited",0,1,0,1,0,0,0,0,0,0,0,0,0,0,1,1,0,0,0,0,0,0,0,0,0,0,0,0
2017.0,24.0,0,7.99,0,Salamandra88,"7DOTS,7DOTS",0,0,1,1,0,0,0,0,0,0,0,0,0,0,1,0,0,0,1,0,0,0,0,0,0,0,0,0
2016.0,,1,2.99,0,AngryAngelGames,"IceTorch Interactive,IceTorch Interactive",0,1,1,1,0,1,1,0,0,0,0,0,0,0,1,1,0,1,1,1,0,0,0,0,0,0,0,0
2017.0,40.0,0,4.99,0,Elushis,"Elushis Music & Gaming,Elushis Music & Gaming",1,1,0,1,1,0,0,0,0,0,0,0,0,1,1,1,1,0,0,0,0,0,0,0,0,0,0,0
2013.0,,1,24.99,0,Influenzo,"Dovetail Games - Trains,Dovetail Games - Trains",0,0,0,0,0,1,0,0,0,0,0,0,0,0,0,0,0,0,0,1,0,0,0,0,0,0,0,0
2017.0,,1,2.99,0,Silver Cow Studio,"Silver Cow Studio,Silver Cow Studio",0,1,0,1,0,1,0,0,0,0,0,0,0,0,1,1,0,0,0,1,0,0,0,0,0,0,0,0
2009.0,,1,19.99,0,BioWare,"Electronic Arts,Electronic Arts",0,0,0,0,1,0,0,0,0,0,0,0,0,1,0,1,1,0,0,0,0,0,0,0,0,1,1,1
2016.0,25.0,0,9.99,0,Reality Reflection,"Reality Reflection,Reality Reflection",0,0,1,1,0,0,0,0,0,0,0,0,0,0,1,0,0,0,1,0,0,0,0,0,0,0,0,0
2015.0,,1,4.99,0,A Stranger Gravity,"A Stranger Gravity,A Stranger Gravity",0,1,0,1,0,0,0,0,0,0,0,0,0,0,1,1,0,0,1,0,0,0,0,0,0,0,0,0
2018.0,61.0,0,2.99,0,Krafted Games,"Krafted Games,Krafted Games",1,0,0,1,0,0,1,0,0,0,0,0,0,1,1,0,0,1,0,0,0,0,1,1,0,1,0,1
2018.0,,1,,0,"KoiWare, LLC","KoiWare, LLC,KoiWare, LLC",0,0,0,0,1,0,0,0,0,1,1,0,0,0,0,0,1,0,0,0,0,0,1,0,0,0,0,0
2012.0,,1,5.99,0,"Grey Havens, LLC","Grey Havens, LLC,Grey Havens, LLC",1,1,0,0,1,0,0,0,0,1,1,0,0,1,0,1,1,0,0,0,0,0,1,0,0,0,0,1
2016.0,50.0,0,13.99,0,Dan_D,"Dan_D,Dan_D",1,1,1,1,1,1,1,0,0,0,0,0,0,1,1,1,1,1,1,1,0,0,0,0,0,1,0,1
2013.0,,1,14.99,0,"Ubisoft Paris,Red Storm Entertainment","Ubisoft,Ubisoft",1,0,0,0,0,0,0,0,0,0,0,0,0,1,0,0,0,0,0,0,0,0,0,0,0,0,0,0
2011.0,,1,19.99,0,Slightly Mad Studios,"Electronic Arts,Electronic Arts",0,0,0,0,0,0,0,0,1,0,0,0,0,0,0,0,0,0,0,1,0,1,1,0,0,0,1,0
2016.0,,1,,0,Penrose Studios,"Penrose Studios,Penrose Studios",0,0,1,1,0,0,0,0,0,0,0,0,0,0,1,0,0,0,1,0,0,0,0,0,0,0,1,0
2015.0,,1,6.99,0,Rocksteady Studios,,1,1,0,0,0,0,0,0,0,0,0,0,0,1,0,1,0,0,0,0,0,0,0,0,0,0,0,0
2017.0,,1,1.99,0,Kacper Stasiełuk,"Kacper Stasiełuk,Kacper Stasiełuk",0,0,0,1,0,0,1,0,0,0,0,0,0,0,1,0,0,1,0,0,0,0,0,0,0,0,0,0
2016.0,,1,11.99,0,Avalanche Studios,"Square Enix,Square Enix",1,1,0,0,0,0,0,0,0,0,0,0,0,1,0,1,0,0,0,0,0,0,0,0,0,0,0,0
2011.0,,1,4.99,0,Bohemia Interactive,"Bohemia Interactive,Bohemia Interactive",1,0,0,0,0,1,1,0,0,0,0,0,0,1,0,0,0,1,0,1,0,0,1,1,1,1,1,1
2017.0,,1,0.0,1,Oats Studios,"Oats Studios,Oats Studios",1,1,1,1,0,1,1,0,0,0,0,0,0,1,1,1,0,1,1,1,0,0,0,0,0,0,0,0
2017.0,526.0,0,4.99,0,Just1337 Studio,"Just1337 Publisher,Just1337 Publisher",1,0,1,1,0,0,0,0,0,0,0,0,0,1,1,0,0,0,1,0,0,0,0,0,0,0,0,0
2016.0,20.0,0,4.99,0,Burak Dabak,"Burak Dabak,Burak Dabak",1,1,0,1,0,0,0,0,0,0,0,0,0,1,1,1,0,0,0,0,0,0,0,0,0,0,0,0
2016.0,18.0,0,14.99,0,DreamSail Games,"DreamSail Games,DreamSail Games",1,0,1,1,0,0,0,0,0,0,0,0,0,1,1,0,0,0,1,0,0,0,1,0,0,0,0,0
2007.0,,1,19.99,0,Telltale Games,"Telltale Games,Telltale Games",1,1,0,0,0,0,0,0,0,0,0,0,0,1,0,1,0,0,0,0,0,0,0,0,0,0,0,0
2016.0,27.0,0,19.99,0,"Nerve Software, Gearbox Software, LLC","Gearbox Publishing,Gearbox Publishing",1,1,0,0,0,0,0,0,0,0,0,0,0,1,0,1,0,0,0,0,0,0,1,1,1,1,1,1
2016.0,,1,3.99,0,Life Jumb DT,"Dagestan Technology,Dagestan Technology",0,0,0,1,0,0,0,0,0,0,0,0,0,1,1,0,0,0,0,0,0,0,0,0,0,0,0,0
2013.0,,1,1.99,0,Paradox Development Studio,"Paradox Interactive,Paradox Interactive",0,0,0,0,0,0,1,0,0,0,0,0,0,0,0,0,0,1,0,0,0,0,0,0,0,0,0,0
2019.0,21.0,0,9.99,0,Naps Team,"Naps Team,Naps Team",1,0,0,1,0,0,0,0,0,0,0,0,0,1,1,1,0,0,0,0,0,0,1,0,0,1,0,1
2015.0,,1,0.99,0,"Monolith Productions, Inc.,Feral Interactive (Mac),Feral Interactive (Linux)","WB Games,Feral Interactive (Mac),Feral Interactive (Linux),WB Games,Feral Interactive (Mac),Feral Interactive (Linux)",1,1,0,0,0,0,0,0,0,0,0,0,0,1,0,1,0,0,0,0,0,0,0,0,0,0,0,0
2017.0,,1,7.99,0,Paradox Development Studio,"Paradox Interactive,Paradox Interactive",0,0,0,0,0,1,1,0,0,0,0,0,0,0,0,0,0,1,0,1,0,0,0,0,0,0,1,0
2016.0,,1,0.99,0,"CAPCOM Co., Ltd.",,1,1,0,0,0,0,0,0,0,0,0,0,0,1,0,1,0,0,0,0,0,0,0,0,0,0,0,0
2015.0,22.0,0,3.99,0,Forge Reply srl,"AGM PLAYISM,AGM PLAYISM",1,0,0,1,0,0,0,0,0,0,0,0,0,1,1,0,0,0,0,0,0,0,1,0,1,0,0,0
2014.0,,1,0.99,0,Ramjet Anvil,"Ramjet Anvil,Ramjet Anvil",1,0,0,1,0,1,0,1,0,0,0,1,0,1,1,0,0,0,0,1,1,0,0,0,0,0,0,0
2018.0,25.0,0,8.99,0,Bomber Studio,"Bomber Studio,Bomber Studio",1,1,0,1,1,0,0,0,0,0,0,0,0,1,1,1,1,0,0,0,0,0,0,0,0,0,0,0
2019.0,,1,14.99,0,Blue Bomber Games,"Blue Bomber Games,Blue Bomber Games",1,1,0,1,0,0,1,0,0,0,0,1,0,1,1,1,1,1,0,0,0,0,0,0,0,1,0,0
2019.0,10.0,0,0.0,1,Fireroot Studios,"Fireroot Studios,Fireroot Studios",1,1,0,1,0,0,0,0,0,1,0,0,0,1,1,1,0,0,0,0,0,0,0,0,0,0,1,0
2018.0,55.0,0,29.99,0,D3T,"SEGA,SEGA",1,1,0,0,1,0,0,0,0,0,0,0,0,1,0,1,1,0,0,1,0,0,0,0,0,1,1,1
2015.0,19.0,0,,0,Triverske,"Triverske,Excalibur Games,Triverske,Excalibur Games",1,0,0,0,0,0,0,0,0,0,0,0,0,1,1,0,0,0,0,0,0,0,0,0,1,0,0,0
2018.0,32.0,0,39.99,0,Konami Digital Entertainment,"Konami Digital Entertainment,Konami Digital Entertainment",1,0,0,0,0,0,0,0,0,0,0,0,0,1,0,0,0,0,0,0,0,0,1,0,0,1,0,1
2016.0,,1,19.99,0,"NetherRealm Studios,QLOC",,1,0,0,0,0,0,0,0,0,0,0,0,0,1,0,0,0,0,0,0,0,0,0,0,0,0,0,0
2014.0,,1,4.99,0,"Codemasters Racing,Feral Interactive (Mac),Feral Interactive (Linux)","Codemasters,Feral Interactive (Mac),Feral Interactive (Linux),Codemasters,Feral Interactive (Mac),Feral Interactive (Linux)",0,0,0,0,0,0,0,1,1,0,0,0,0,0,0,0,0,0,0,0,1,1,0,0,0,0,0,0
2019.0,52.0,0,19.99,0,NEOWIZ,"NEOWIZ,NEOWIZ",1,0,1,0,0,0,0,0,1,0,0,0,0,1,0,0,0,0,1,0,0,1,0,0,0,0,1,0
2016.0,10.0,0,14.99,0,Weappy Studio,"THQ Nordic,THQ Nordic",0,1,0,1,0,0,1,0,0,0,0,0,0,0,1,1,0,1,0,1,0,0,0,0,0,1,1,1
2019.0,,1,4.99,0,Arc System Works,"BANDAI NAMCO Entertainment,BANDAI NAMCO Entertainment",1,0,0,0,0,0,0,0,0,0,0,0,0,1,0,0,0,0,0,0,0,0,0,0,0,0,0,0
2018.0,,1,29.99,0,Parasol,"StudioKanata,StudioKanata",0,1,0,0,0,0,0,0,0,0,0,0,0,0,0,1,0,0,0,0,0,0,0,0,0,0,0,0
2017.0,28.0,0,,0,Choice of Games,"Choice of Games,Choice of Games",0,1,0,1,1,0,0,0,0,0,0,0,0,0,1,1,1,0,0,0,0,0,0,0,0,0,0,0
2018.0,15.0,0,14.99,0,Mark Begenisich,"Mark Begenisich,Mark Begenisich",0,0,0,1,0,0,1,0,0,0,0,1,0,0,1,0,0,1,0,0,0,0,0,0,0,0,0,0
2015.0,13.0,0,4.99,0,Creobit,"8Floor,8Floor",0,1,1,1,0,0,1,0,0,0,0,0,0,0,1,1,0,1,1,0,0,0,0,0,0,0,0,0
2018.0,,1,,0,Christopher Wagner,"Christopher Wagner,Christopher Wagner",0,0,1,0,0,0,0,0,0,1,0,0,0,0,0,0,0,0,1,0,0,0,0,0,0,0,0,0
2018.0,,1,2.99,0,"Eidos-Montréal,Crystal Dynamics","Square Enix,Square Enix",1,1,0,0,0,0,0,0,0,0,0,0,0,1,0,1,0,0,0,0,0,0,0,0,0,0,0,0
2014.0,,1,3.99,0,attic Entertainment Software GmbH,"United Independent Entertainment GmbH,United Independent Entertainment GmbH",0,0,0,0,1,0,0,0,0,0,0,0,0,0,0,1,1,0,0,0,0,0,0,0,0,1,0,0
2018.0,35.0,0,4.99,0,Łukasz Jakowski,"Łukasz Jakowski Games,Łukasz Jakowski Games",0,0,0,0,0,0,1,0,0,0,0,0,0,0,1,0,0,1,1,1,0,0,1,0,0,1,1,1
2013.0,,1,2.99,0,Capcom,"Capcom,Capcom",1,1,0,0,0,0,0,0,0,0,0,0,0,1,0,1,0,0,0,0,0,0,0,0,0,0,0,0
2014.0,,1,2.99,0,Twelve Games,"Libredia,Libredia",0,0,0,0,0,0,0,1,0,0,0,0,0,0,0,0,0,0,0,0,1,0,0,0,0,0,0,0
2019.0,,1,9.99,0,M CHEHRAZ,"M CHEHRAZ,M CHEHRAZ",0,0,0,0,0,0,0,0,0,0,0,0,1,0,0,0,0,0,0,0,0,0,0,0,0,0,0,0
2009.0,15.0,0,9.99,0,Gamerizon,"Gamerizon,Gamerizon",0,0,1,1,0,0,0,0,0,0,0,0,0,0,1,0,0,0,1,0,0,0,0,0,0,0,0,0
2018.0,,1,29.99,0,"KOEI TECMO GAMES CO., LTD.","KOEI TECMO GAMES CO., LTD.,KOEI TECMO GAMES CO., LTD.",1,0,0,0,0,0,0,0,0,0,0,0,0,1,0,0,0,0,0,0,0,0,0,0,0,0,0,0
2016.0,,1,6.99,0,Dovetail Games,"Dovetail Games - Trains,Dovetail Games - Trains",0,0,0,0,0,1,0,0,0,0,0,0,0,0,0,0,0,0,0,1,0,0,0,0,0,0,0,0
2016.0,9.0,0,4.99,0,Zenox Studio,"GQJoy Co.,Ltd,GQJoy Co.,Ltd",1,1,0,0,0,0,0,0,0,0,0,0,0,1,0,1,0,0,0,0,0,0,0,1,0,0,0,0
2017.0,,1,4.99,0,phoenixmirror,"phoenixmirror,phoenixmirror",1,1,0,1,0,0,0,0,0,0,0,0,0,1,1,1,0,0,0,0,0,0,0,0,0,0,0,0
2018.0,,1,0.0,1,NailGun Studios,"NailGun Studios,NailGun Studios",0,0,1,1,0,0,0,0,0,0,0,0,0,0,1,0,0,0,1,0,0,0,0,0,0,0,0,0
2014.0,,1,7.99,0,"Mobot Studios, Inc","Crescent Moon Games, LLC,Crescent Moon Games, LLC",0,1,0,0,0,0,0,0,0,0,0,0,0,0,0,1,0,0,0,0,0,0,0,0,0,0,0,0
2014.0,26.0,0,4.99,0,Ironsun Studios,"KISS ltd,KISS ltd",1,0,1,0,0,0,0,0,0,0,0,0,0,1,1,0,0,0,1,0,0,0,0,0,0,1,0,0
2017.0,21.0,0,9.99,0,Cobra Mobile,"Rising Star Games,Rising Star Games",1,1,1,1,0,0,0,0,0,0,0,0,0,1,1,1,0,0,1,0,0,0,0,0,0,0,0,0
2018.0,15.0,0,9.99,0,"Bonus Level Entertainment,Independent Arts Software","EuroVideo Medien ,EuroVideo Medien ",1,1,0,1,1,0,0,0,0,0,0,0,0,1,1,1,1,0,0,0,0,0,0,0,0,1,0,0
2018.0,15.0,0,19.99,0,HexWar Games,"HexWar Games,HexWar Games",0,0,0,0,0,0,1,0,0,0,0,0,0,0,0,0,0,1,0,0,0,0,0,0,0,0,0,0
2016.0,,1,0.99,0,SCS Software,"SCS Software,SCS Software",0,0,0,1,0,1,0,0,0,0,0,0,0,0,1,0,0,0,0,1,0,0,0,0,0,0,1,0
2015.0,198.0,0,39.99,0,Blue Byte,"Ubisoft,Ubisoft",0,0,0,0,0,1,1,0,0,0,0,0,0,0,0,0,0,1,1,1,0,0,1,0,0,1,1,1
2018.0,,1,2.99,0,2.0 Studios,"2.0 Studios,2.0 Studios",1,1,0,1,1,0,0,0,0,0,0,1,0,1,1,1,1,0,0,0,0,0,1,1,0,0,0,0
2017.0,31.0,0,2.99,0,Windward_Birds,"XNZONE,XNZONE",0,1,1,1,1,0,0,0,0,0,0,0,0,0,1,1,1,0,1,0,0,0,0,0,0,1,0,0
2015.0,,1,4.99,0,Eerie Games,"Flying Interactive,Flying Interactive",0,0,1,1,0,0,0,0,0,0,0,0,0,0,1,0,0,0,1,0,0,0,0,0,0,0,0,0
2017.0,53.0,0,19.99,0,IllFonic,"Gun Media,Gun Media",1,0,0,0,0,0,0,0,0,0,0,0,0,1,0,1,0,0,0,0,0,0,1,0,0,1,1,1
2019.0,,1,8.99,0,Andymente,"Andymente,Andymente",0,0,0,1,0,1,0,0,0,0,0,1,0,0,1,0,0,0,0,1,0,0,0,0,0,0,0,0
2013.0,20.0,0,6.99,0,Cherry Pop Games,"Cherry Pop Games,Cherry Pop Games",0,0,1,1,0,1,1,1,0,0,0,0,0,0,1,0,0,1,1,1,1,0,1,0,0,1,1,1
2017.0,,1,4.99,0,WATERPHOENIX.Inc,"WATERPHOENIX.Inc,WATERPHOENIX.Inc",0,1,0,1,0,0,0,0,0,0,0,0,0,0,1,1,0,0,0,0,0,0,0,0,0,0,0,0
2019.0,42.0,0,11.99,0,Vindicate Games,"Vindicate Games,Vindicate Games",1,0,0,1,1,0,0,0,0,0,0,0,0,1,1,0,1,0,0,0,0,0,1,0,0,0,0,0
2016.0,18.0,0,8.99,0,rokaplay,"rokaplay,rokaplay",0,0,1,0,0,0,0,0,0,0,0,0,0,0,0,0,0,0,1,0,0,0,0,0,0,0,0,0
2017.0,29.0,0,24.99,0,Kalmia8,"MangaGamer,MangaGamer",0,1,0,0,0,0,0,0,0,0,0,0,0,0,0,1,0,0,0,0,0,0,0,0,0,1,0,0
2014.0,,1,9.99,0,88mm,"Slitherine Ltd.,Slitherine Ltd.",0,0,0,0,0,0,1,0,0,0,0,0,0,0,0,0,0,1,0,0,0,0,0,0,0,0,0,0
2016.0,,1,12.99,0,Zinertek,"Dovetail Games - Flight,Dovetail Games - Flight",0,0,0,0,0,1,0,0,0,0,0,0,0,0,0,0,0,0,0,1,0,0,0,0,0,0,0,0
2013.0,39.0,0,4.99,0,Ultra Runaway Games,"Ultra Runaway Games,Ultra Runaway Games",0,1,0,1,1,0,0,0,0,0,0,0,0,0,1,1,1,0,0,0,0,0,0,0,0,1,1,1
2015.0,,1,1.99,0,Lag Studios,,1,1,0,1,0,0,0,0,0,0,0,0,0,1,1,1,0,0,0,0,0,0,0,0,0,0,0,0
2017.0,,1,0.0,1,Metaverse,"Metaverse,Metaverse",0,0,1,0,1,0,0,1,0,1,1,1,0,0,0,0,1,0,1,0,1,0,1,0,0,0,0,0
2019.0,,1,9.99,0,PlatformaVR,"PlatformaVR,PlatformaVR",1,0,1,1,0,0,0,1,0,0,0,1,0,1,1,0,0,0,1,0,1,0,0,0,0,0,0,0
2017.0,,1,,0,Areo Gaming,"Areo Gaming,Areo Gaming",1,0,0,0,0,1,0,0,0,1,1,1,0,1,0,0,0,0,0,1,0,0,1,0,0,0,0,0
2018.0,,1,9.99,0,Farbs,"Farbs,Farbs",1,0,0,0,0,0,1,0,0,0,0,0,0,1,1,1,0,1,0,1,0,0,0,0,1,1,0,0
2016.0,,1,12.99,0,Matterhorn Software LTD,"Matterhorn Software LTD,Matterhorn Software LTD",0,0,0,1,0,1,0,0,0,0,0,1,0,0,1,0,0,0,0,1,0,0,0,0,0,0,0,0
2012.0,,1,9.99,0,Croteam,"Devolver Digital,Devolver Digital",1,0,0,1,0,0,0,0,0,0,0,0,0,1,1,0,0,0,0,0,0,0,0,1,0,0,0,0
2017.0,15.0,0,0.99,0,M. Hanka,"Liu Lidan,Liu Lidan",0,0,1,1,0,1,0,0,0,0,0,0,0,0,1,0,0,0,1,1,0,0,0,0,0,1,0,0
2012.0,,1,19.99,0,Traveller's Tales,"Warner Bros. Interactive Entertainment,Warner Bros. Interactive Entertainment",0,1,0,0,0,0,0,0,0,0,0,0,0,1,0,1,0,0,0,0,0,0,1,0,0,1,1,1
2015.0,54.0,0,18.99,0,Failbetter Games,"Failbetter Games,Failbetter Games",0,1,0,1,1,0,0,0,0,0,0,0,0,0,1,1,1,0,0,0,0,0,0,0,0,1,1,1
2014.0,,1,19.99,0,ViewApp,"Aerosoft GmbH,Aerosoft GmbH",0,0,0,0,0,1,0,0,0,0,0,0,0,0,0,0,0,0,0,1,0,0,0,0,0,0,0,0
2017.0,20.0,0,9.99,0,Under The Bridge,"BadLand Publishing,BadLand Publishing",0,1,0,1,0,0,0,0,0,0,0,0,0,1,1,1,0,0,0,0,0,0,0,0,0,1,0,0
2017.0,21.0,0,0.0,1,LR Studio,"LR Studio,LR Studio",0,1,0,1,1,0,0,0,0,1,0,0,0,0,1,1,1,0,0,0,0,0,0,0,0,1,1,1
2015.0,34.0,0,1.99,0,RunServer,"RunServer,RunServer",0,1,0,1,0,0,0,0,0,0,0,0,0,0,1,1,0,0,1,0,0,0,0,0,0,1,0,0
2013.0,,1,19.99,0,Arkane Studios,"Bethesda Softworks,Bethesda Softworks",1,1,0,0,0,0,0,0,0,0,0,0,0,1,0,1,0,0,0,0,0,0,0,0,0,1,1,1
2017.0,33.0,0,2.99,0,Polovey Alexander,"Polovey Alexander,Polovey Alexander",0,1,0,1,0,0,0,0,0,0,0,0,0,0,1,1,0,0,0,0,0,0,0,0,0,1,0,0
2015.0,14.0,0,9.99,0,Render System,"Render System,Render System",1,0,0,1,0,0,0,0,0,0,0,0,0,1,1,0,0,0,1,0,0,0,1,0,1,1,0,1
2017.0,2880.0,0,0.99,0,Quiet River,"Quiet River,Quiet River",0,0,1,1,0,0,0,0,0,0,0,0,0,0,1,0,0,0,1,0,0,0,0,0,0,0,1,0
2019.0,,1,,0,Yumenamakon,"Kagura Games,Kagura Games",0,1,0,1,1,0,0,0,0,0,0,0,0,0,1,1,1,0,0,0,0,0,0,0,0,0,0,0
2019.0,76.0,0,14.99,0,Ironhide Game Studio,"Ironhide Game Studio,Ironhide Game Studio",0,0,0,1,0,0,1,0,0,0,0,0,0,1,1,0,0,1,1,0,0,0,0,0,0,1,0,0
2018.0,51.0,0,,0,Rolling Glory Jam,"Toge Productions,Another Indie,Toge Productions,Another Indie",1,1,0,1,0,0,0,0,0,0,0,0,0,1,1,1,0,0,0,0,0,0,0,0,0,1,0,0
2016.0,21.0,0,19.99,0,Phosphor Games,"Phosphor Games,Phosphor Games",1,0,0,1,0,0,0,0,0,0,0,0,0,1,1,0,0,0,0,0,0,0,0,0,1,0,1,0
2018.0,,1,39.99,0,Dovetail Games,"Dovetail Games - Trains,Dovetail Games - Trains",0,0,0,0,0,1,0,0,0,0,0,0,0,0,0,0,0,0,0,1,0,0,0,0,0,0,0,0
2018.0,,1,5.99,0,HeadHuntersGames," Dagestan Technology, Dagestan Technology",1,1,0,1,0,0,0,0,0,0,0,0,0,1,1,1,0,0,0,0,0,0,0,1,0,0,1,0
2016.0,20.0,0,,0,Big Daddy's Creations,"Big Daddy's Creations,Big Daddy's Creations",0,0,0,1,0,0,1,0,0,0,0,0,0,0,1,0,0,1,0,0,0,0,1,0,0,0,0,0
2018.0,8.0,0,14.99,0,Naval Sims,"Naval Sims,Naval Sims",0,0,0,1,0,1,1,0,0,0,0,0,0,0,1,0,0,1,0,1,0,0,0,0,0,0,0,0
2017.0,,1,4.99,0,Distorted Games,"Distorted Games,Distorted Games",0,0,0,1,0,0,0,0,0,0,0,0,0,0,1,0,0,0,0,0,0,0,0,0,0,0,0,0
2016.0,,1,2.99,0,"Rageborn Studio, LLC","Rageborn Studio, LLC,Rageborn Studio, LLC",0,0,1,0,0,0,0,0,0,0,0,0,0,0,0,0,0,0,1,0,0,0,0,0,0,1,0,0
2015.0,48.0,0,,0,Shumkov Dmitriy,"Shumkov Dmitriy,Shumkov Dmitriy",1,0,0,0,0,0,0,0,0,1,0,0,0,1,0,1,0,0,0,0,0,0,1,0,1,1,1,1
2017.0,,1,4.99,0,"Pixel Dash Studios,EQ Games",,1,1,1,1,0,1,1,1,1,0,0,0,0,1,1,1,0,1,1,1,1,1,0,0,0,0,0,0
2018.0,75.0,0,9.99,0,SHADE Inc.,"Marvelous,Marvelous Europe Limited,Marvelous,Marvelous Europe Limited",1,0,0,0,0,0,0,0,0,0,0,0,0,1,0,0,0,0,0,0,0,0,0,0,0,0,0,0
2006.0,,1,4.99,0,"PopCap Games, Inc.","PopCap Games, Inc.,PopCap Games, Inc.",0,0,1,0,0,0,0,0,0,0,0,0,0,0,0,0,0,0,1,0,0,0,0,0,0,1,1,1
2017.0,,1,9.99,0,Playful Corp.,"Playful Corp.,Playful Corp.",1,1,1,1,1,1,0,0,0,1,1,0,0,1,1,1,1,0,1,1,0,0,1,0,0,0,0,0
2012.0,49.0,0,1.99,0,ACQUIRE Corp.,"NIS America, Inc.,NIS America, Inc.",1,0,0,0,0,0,0,0,0,0,0,0,0,1,0,0,0,0,0,0,0,0,0,0,0,0,0,0
2016.0,,1,3.99,0,CydoniaGate,"CydoniaGate,CydoniaGate",0,1,1,1,0,0,0,0,0,0,0,0,0,0,1,1,0,0,1,0,0,0,0,0,0,0,0,0
2019.0,95.0,0,9.99,0,成都数艺互动科技有限公司,"成都数艺互动科技有限公司,成都数艺互动科技有限公司",0,0,0,1,0,0,1,0,0,0,0,1,0,0,1,0,0,1,0,0,0,0,0,0,0,0,0,0
2018.0,,1,19.99,0,Lost Goblin,"Crytivo,Crytivo",0,0,0,1,0,1,1,0,0,0,0,1,0,0,1,0,0,1,0,1,0,0,0,0,0,0,0,0
2013.0,34.0,0,6.99,0,Alawar Entertainment,"Buka Entertainment,Buka Entertainment",0,1,1,0,0,0,1,0,0,0,0,0,0,0,0,1,0,1,1,0,0,0,0,0,0,0,0,0
2019.0,49.0,0,19.99,0,Isolated Games,"Isolated Games,Isolated Games",1,1,0,1,1,1,1,0,0,0,0,1,0,1,1,1,1,1,0,1,0,0,0,0,0,1,0,1
2017.0,17.0,0,13.99,0,After Death Team,"After Death Team,After Death Team",1,1,0,1,0,0,0,0,0,0,0,0,0,1,1,1,0,0,0,0,0,0,0,0,0,0,0,0
2017.0,,1,7.99,0,Playsport Games,"SEGA,SEGA",0,0,0,0,0,1,1,1,1,0,0,0,0,0,0,0,0,1,0,1,1,1,0,0,0,0,0,0
2012.0,,1,9.99,0,Med-Art,"THQ Nordic,THQ Nordic",1,0,0,0,0,0,0,0,0,0,0,0,0,1,0,0,0,0,0,0,0,0,0,1,0,0,0,0
2017.0,,1,39.99,0,Simtech Vision,"Dovetail Games - Trains,Dovetail Games - Trains",0,0,0,0,0,1,0,0,0,0,0,0,0,0,0,0,0,0,0,1,0,0,0,0,0,0,0,0
2015.0,42.0,0,24.99,0,"Idea Factory,Compile Heart,Felistella","Idea Factory,Idea Factory International,Idea Factory,Idea Factory International",0,0,0,0,1,0,1,0,0,0,0,0,0,1,0,1,1,1,0,0,0,0,0,0,0,1,1,1
2018.0,,1,24.99,0,"Zachary Canann,Matt Bucci,Nathan Lewis","Squalr, Inc.,Squalr, Inc.",1,1,0,0,1,0,1,0,0,0,0,1,0,1,0,1,1,1,0,0,0,0,0,0,0,0,0,0
2014.0,,1,19.99,0,Sumo Digital,,0,0,0,0,0,0,0,1,1,0,0,0,0,0,0,0,0,0,0,0,1,1,0,0,0,0,0,0
2018.0,30.0,0,7.99,0,Corrosive Studios LLC,"Corrosive Studios LLC,Corrosive Studios LLC",1,1,0,1,1,0,1,0,0,0,0,1,0,1,1,1,1,1,0,0,0,0,0,0,0,0,0,0
2016.0,50.0,0,19.99,0,Capcom,"Capcom,Capcom",1,1,0,0,0,0,0,0,0,0,0,0,0,1,0,1,0,0,0,0,0,0,0,0,0,1,1,1
2018.0,15.0,0,19.99,0,Fast Travel Games,"Fast Travel Games,Fast Travel Games",1,1,0,0,0,0,0,0,0,0,0,0,0,1,0,1,0,0,0,0,0,0,0,0,0,1,0,0
2016.0,16.0,0,14.99,0,Sushee,"Square Enix,Square Enix",0,1,0,1,0,0,0,0,0,0,0,0,0,0,1,1,0,0,0,0,0,0,0,0,0,0,0,0
2017.0,,1,0.99,0,WeirdBeard,,0,0,1,1,0,0,0,0,0,0,0,0,0,0,1,0,0,0,1,0,0,0,0,0,0,0,0,0
2014.0,6.0,0,,0,Net Games Laboratory,"Net Games Distribution LTD,Net Games Distribution LTD",1,0,0,1,0,0,0,0,0,1,1,0,0,1,1,1,0,0,0,0,0,0,1,1,1,0,1,1
2019.0,,1,14.99,0,Mutiny Software,"Mutiny Software,Mutiny Software",1,0,0,0,0,0,1,0,0,0,0,1,0,1,0,0,0,1,0,0,0,0,0,0,0,1,0,0
2018.0,,1,9.99,0,E.N.Nach,"Sekai Project,Sekai Project",0,0,1,1,0,0,0,0,0,0,0,0,0,0,1,0,0,0,1,0,0,0,0,0,0,0,0,0
2017.0,60.0,0,19.99,0,Red Dot Games,"PlayWay S.A.,PlayWay S.A.",0,0,0,0,0,1,0,0,1,0,0,0,0,0,0,0,0,1,0,1,0,1,1,0,0,1,1,1
2017.0,38.0,0,19.99,0,Trebuchet,"Trebuchet,Trebuchet",0,0,0,1,0,1,0,0,0,0,0,0,0,0,1,0,0,0,0,1,0,0,0,0,0,0,0,0
2017.0,,1,4.99,0,BoninblueDesignLab,"BoninblueDesignLab,BoninblueDesignLab",1,0,1,1,0,1,0,1,0,0,0,0,0,1,1,0,0,0,1,1,1,0,0,0,0,0,0,0
2019.0,,1,10.99,0,Destructive Creations,"1C Entertainment,1C Entertainment",0,0,0,0,0,0,1,0,0,0,0,0,0,0,0,0,0,1,0,0,0,0,0,0,0,0,0,0
2012.0,20.0,0,4.99,0,Boss Baddie,"Ripstone,Ripstone",1,0,0,1,0,0,0,0,0,0,0,0,0,1,1,0,0,0,0,0,0,0,0,0,1,1,0,0
2018.0,,1,17.97,0,ELECTROSTALIN ENTERTAINMENT,"ELECTROSTALIN ENTERTAINMENT,ELECTROSTALIN ENTERTAINMENT",1,0,0,1,0,1,0,0,0,0,0,0,0,1,1,0,0,0,0,1,0,0,1,0,0,0,0,0
2018.0,28.0,0,29.99,0,Wazen,"NIS America, Inc.,NIS America, Inc.",1,0,0,1,0,0,0,0,0,0,0,0,0,1,1,0,0,0,0,0,0,0,0,0,0,0,0,0
2017.0,,1,,0,Caliburn Studio,"Caliburn Studio,Caliburn Studio",0,1,0,1,1,0,0,0,0,1,0,0,0,0,1,1,1,0,0,0,0,0,0,0,0,0,0,0
2018.0,11.0,0,1.99,0,The Secret Pie,"The Secret Pie,Kurki.games,The Secret Pie,Kurki.games",1,0,0,1,0,0,0,0,0,0,0,0,0,1,1,0,0,0,0,0,0,0,0,0,1,1,0,0
2018.0,11.0,0,96.28,0,"Nikita ""Ghost_RUS""","Ghost_RUS Games,Ghost_RUS Games",0,1,1,1,0,0,0,0,0,0,0,0,0,0,1,1,0,0,1,0,0,0,0,0,0,0,0,0
2016.0,,1,29.99,0,WOLCEN Studio,"WOLCEN Studio,WOLCEN Studio",1,1,0,1,1,0,0,0,0,0,0,1,0,1,1,1,1,0,0,0,0,0,1,0,0,1,1,1
2011.0,99.0,0,4.99,0,Edmund McMillen and Florian Himsl,"Edmund McMillen,Edmund McMillen",1,1,0,1,1,0,0,0,0,0,0,0,0,1,1,1,1,0,0,0,0,0,0,0,0,1,1,1
2011.0,,1,1.99,0,Big Fat Alien,"Big Fat Alien,Big Fat Alien",0,1,0,1,0,0,0,0,0,0,0,0,0,1,1,1,0,1,1,0,0,0,0,0,1,1,1,1
2016.0,81.0,0,9.99,0,Hunter Studio,"Another Indie,Another Indie",1,1,0,1,1,0,0,0,0,0,0,0,0,1,1,1,1,0,0,0,0,0,1,0,0,1,1,1
2017.0,35.0,0,29.99,0,"Spike Chunsoft Co., Ltd.","Spike Chunsoft Co., Ltd.,Spike Chunsoft Co., Ltd.",1,0,0,0,0,0,0,0,0,0,0,0,0,1,0,1,0,0,0,0,0,0,0,0,1,1,1,1
2016.0,45.0,0,12.99,0,Opposable Games,"Opposable Games,Opposable Games",1,0,0,0,0,0,1,0,0,0,0,1,0,1,0,0,0,1,0,0,0,0,0,0,0,0,0,0
2017.0,10.0,0,1.99,0,Black Sheep Games,"Black Sheep Games,Black Sheep Games",1,0,1,1,0,0,1,0,0,0,0,0,0,1,1,0,0,1,1,0,0,0,0,0,0,0,0,0
2014.0,,1,1.99,0,SCS Software,"SCS Software,SCS Software",0,0,0,1,0,1,0,0,0,0,0,0,0,0,1,0,0,0,0,1,0,0,0,0,0,0,0,0
2017.0,,1,0.0,1,SP-time,"SP-time,SP-time",0,1,1,1,0,0,0,0,0,0,0,0,0,0,1,1,0,0,1,0,0,0,0,0,0,0,0,0
2018.0,,1,9.99,0,DOG HOGGLER,"DOG HOGGLER,DOG HOGGLER",1,0,0,1,0,1,1,1,0,0,0,0,0,1,1,0,0,1,0,1,1,0,0,0,0,0,1,0
2017.0,26.0,0,19.99,0,Zoetrope Interactive,"Iceberg Interactive,Iceberg Interactive",0,1,0,1,0,0,0,0,0,0,0,0,0,0,1,1,0,0,0,0,0,0,0,0,0,0,1,0
2017.0,3.0,0,0.99,0,Circumlocutory Games,"Circumlocutory Games,Circumlocutory Games",0,0,1,1,0,0,0,0,0,0,0,0,0,0,1,0,0,0,1,0,0,0,0,0,0,0,0,0
2017.0,,1,4.99,0,Peach Pie Productions,"Glass Hand Studios,Glass Hand Studios",1,1,0,1,1,1,0,0,0,0,0,1,0,1,1,1,1,0,0,1,0,0,0,0,0,0,0,0
2018.0,3000.0,0,0.99,0,Pirotexnik,"Pirotexnik,Pirotexnik",0,0,1,1,0,0,0,0,0,0,0,0,0,0,1,0,0,0,1,0,0,0,0,0,0,1,1,0
2017.0,,1,6.99,0,Fatshark,"Fatshark,Fatshark",1,0,0,1,0,0,0,0,0,0,0,0,0,1,1,0,0,0,0,0,0,0,0,0,0,0,0,0
2017.0,,1,61.68,0,Boogygames Studios,"Boogygames Studios,Boogygames Studios",0,1,1,1,0,1,1,1,0,0,0,0,0,0,1,1,0,1,1,1,1,0,0,0,0,1,0,0
2013.0,12.0,0,9.99,0,Spearhead Games,"Spearhead Games,Spearhead Games",1,1,1,1,0,0,0,0,0,0,0,0,0,1,1,1,0,0,1,0,0,0,1,0,0,0,1,0
2016.0,,1,12.99,0,"M2 Co.,LTD","Dogenzaka Lab,Dogenzaka Lab",0,1,0,0,0,0,0,0,0,0,0,0,0,0,0,1,0,0,0,0,0,0,0,0,0,0,0,0
2018.0,,1,6.99,0,Wave Light Games Inc.,"Wave Light Games Inc.,Wave Light Games Inc.",1,0,0,1,1,0,1,0,0,0,0,0,0,1,1,0,1,1,0,0,0,0,0,0,0,0,0,0
2016.0,,1,3.99,0,Enjoy Games,"Enjoy Games,Enjoy Games",1,1,0,1,0,0,0,0,0,0,0,0,0,1,1,1,0,0,0,0,0,0,0,0,0,0,0,0
2011.0,,1,4.99,0,inXile Entertainment,"Bethesda Softworks,Bethesda Softworks",1,1,0,0,0,0,0,0,0,0,0,0,0,1,0,1,1,0,0,0,0,0,0,0,0,1,1,1
2017.0,,1,9.99,0,Arupaca Laboratories,"Xiqi Game,Xiqi Game",1,1,0,1,0,0,0,0,0,0,0,1,0,1,1,1,0,0,0,0,0,0,0,0,0,0,0,0
2018.0,,1,0.0,1,Stoner Tomohito,"GESTALT-§,GESTALT-§",0,1,0,0,0,1,0,0,0,1,0,0,0,0,0,1,0,0,0,1,0,0,0,0,0,0,0,0
2019.0,85.0,0,14.99,0,Sparks Games,"Sparks Games,Sparks Games",1,1,1,1,1,0,0,0,0,0,0,1,0,1,1,1,1,0,1,0,0,0,1,0,0,0,0,0
2017.0,10.0,0,4.99,0,Konstructors Entertainment,"Konstructors Entertainment,GrabTheGames,WhisperGames,Konstructors Entertainment,GrabTheGames,WhisperGames",0,0,1,1,0,0,0,0,0,0,0,0,0,0,1,0,0,1,1,0,0,0,0,0,0,1,1,1
2019.0,,1,0.99,0,RewindApp,"RewindApp,RewindApp",1,0,1,1,0,0,0,0,0,0,0,0,0,1,1,0,0,1,1,0,0,0,1,0,1,1,0,0
2011.0,,1,19.99,0,Visceral Games,"Electronic Arts,Electronic Arts",1,0,0,0,0,0,0,0,0,0,0,0,0,1,0,1,0,0,0,0,0,0,1,0,1,1,1,1
2016.0,13.0,0,21.96,0,Doomster Entertainment,"Doomster Entertainment,Doomster Entertainment",0,0,1,1,0,0,0,0,0,0,0,0,0,0,1,0,0,0,1,0,0,0,0,0,0,0,0,0
2015.0,20.0,0,14.99,0,OlderBytes,"OlderBytes,OlderBytes",0,1,0,1,1,0,0,0,0,0,0,0,0,0,1,1,1,0,0,0,0,0,0,0,0,0,0,0
2017.0,,1,19.99,0,Paradox Development Studio,"Paradox Interactive,Paradox Interactive",0,0,0,0,0,1,1,0,0,0,0,0,0,0,0,0,0,1,0,1,0,0,0,0,0,0,0,0
2015.0,,1,89.9,0,Enlight Software Limited,"Enlight Software Limited,Enlight Software Limited",0,0,0,1,0,1,1,0,0,0,0,0,0,0,1,0,0,1,0,1,0,0,0,0,0,0,0,0
2009.0,,1,4.99,0,Paleo Entertainment,"Paleo Entertainment,Paleo Entertainment",1,0,0,1,0,0,0,0,0,0,0,0,0,1,1,0,0,0,0,0,0,0,0,0,0,0,0,0
2017.0,20.0,0,9.99,0,Brave Giant LTD,"Artifex Mundi,Artifex Mundi",0,1,1,0,0,0,0,0,0,0,0,0,0,0,1,1,0,0,1,0,0,0,0,0,0,1,0,0
2016.0,,1,4.99,0,GDNomad,"Infernal Dream,Infernal Dream",0,0,0,1,0,0,0,0,0,0,0,0,0,0,1,0,0,0,0,0,0,0,0,0,0,0,0,0
2016.0,46.0,0,,0,FIVE-BN GAMES,"FIVE-BN GAMES,FIVE-BN GAMES",0,1,1,0,0,0,0,0,0,1,0,0,0,0,0,1,0,0,1,0,0,0,0,0,0,1,1,1
2014.0,23.0,0,24.99,0,Evil Twin Artworks,"Evil Twin Artworks,Evil Twin Artworks",1,0,0,0,0,1,1,0,0,0,0,0,0,1,0,0,0,1,0,1,0,0,0,0,0,0,1,0
2010.0,,1,19.99,0,The Sims Studio,"Electronic Arts,Electronic Arts",0,0,0,0,0,1,0,0,0,0,0,0,0,0,0,0,0,0,0,1,0,0,0,0,0,0,0,0
2017.0,22.0,0,14.99,0,Subdream Studios,"Subdream Studios,Subdream Studios",1,0,0,0,0,0,0,0,0,0,0,0,0,1,0,0,0,0,0,0,0,0,0,0,1,0,0,0
2016.0,,1,9.99,0,Clever Endeavour Games,"Clever Endeavour Games,Clever Endeavour Games",1,1,1,1,0,0,0,0,0,0,0,0,0,1,1,1,0,0,1,0,0,0,0,0,0,0,0,0
2012.0,,1,4.99,0,Shaman Games Studio,"1C Entertainment,Shaman Games Studio,1C Entertainment,Shaman Games Studio",0,0,1,0,0,0,0,0,0,0,0,0,0,0,0,0,0,0,1,0,0,0,0,0,0,0,0,0
2012.0,50.0,0,29.99,0,YAGER,"2K,Missing Link Games,2K,Missing Link Games",1,1,0,0,0,0,0,0,0,0,0,0,0,1,0,1,0,0,0,0,0,0,1,0,1,1,1,1
2017.0,40.0,0,14.99,0,EvilCoGames,"EvilCoGames,EvilCoGames",0,1,1,1,1,0,0,0,0,0,0,0,0,0,1,1,1,0,1,0,0,0,0,0,0,0,0,0
2016.0,37.0,0,24.99,0,Voxler Games,"Plug In Digital,Plug In Digital",0,0,1,0,0,0,0,0,0,0,0,0,0,0,0,0,0,0,1,0,0,0,0,0,0,0,0,0
2014.0,17.0,0,9.99,0,Liquid Flower,"Digital Tribe,Digital Tribe",0,1,1,1,0,0,0,0,0,0,0,0,0,0,1,1,0,0,1,0,0,0,0,0,0,1,1,0
2019.0,10.0,0,16.99,0,"Leonard Menchiari,IV Productions","Merge Games,Merge Games",0,0,0,1,0,1,1,0,0,0,0,0,0,1,1,0,0,1,0,1,0,0,1,0,0,0,1,0
2017.0,,1,1.99,0,Narko Games,"Narko Games,Narko Games",1,1,1,0,1,1,1,1,1,0,0,0,0,1,0,1,1,1,1,1,1,1,0,0,0,0,0,0
2017.0,51.0,0,4.99,0,Craig Daversa,"Craig Daversa,Craig Daversa",1,1,1,1,0,0,1,0,0,0,0,0,0,1,1,1,0,1,1,0,0,0,0,0,0,0,0,0
2017.0,18.0,0,0.99,0,Achpile,"Achpile,Achpile",0,0,1,1,0,0,0,0,0,0,0,0,0,0,1,0,0,0,1,0,0,0,0,0,0,0,0,0
2019.0,12.0,0,17.99,0,Hello John,"Hello John,Hello John",1,1,0,1,1,0,0,0,0,0,0,1,0,1,1,1,1,1,0,1,0,0,0,0,0,1,0,1
2017.0,,1,1.99,0,Johnny Ginard,"Johnny Ginard,Johnny Ginard",1,1,0,1,1,0,0,0,0,0,0,0,0,1,1,1,1,0,0,0,0,0,0,0,0,0,0,0
2018.0,20.0,0,29.99,0,"Jackbox Games, Inc.","Jackbox Games, Inc.,Jackbox Games, Inc.",0,0,1,0,0,0,0,0,0,0,0,0,0,0,0,0,0,0,1,0,0,0,1,0,0,0,0,0
2016.0,,1,29.99,0,TenkLabs,"TenkLabs,TenkLabs",0,0,0,0,0,0,0,0,0,0,0,1,1,0,0,0,0,0,0,0,0,0,0,0,0,0,0,0
2018.0,11.0,0,14.99,0,Second Order,"Second Order,Second Order",1,0,1,1,0,0,0,0,0,0,0,0,0,1,1,0,0,0,1,0,0,0,0,0,0,0,0,0
2018.0,,1,4.99,0,Team Meat,"Team Meat,Team Meat",0,0,0,1,0,0,0,0,0,0,0,0,0,0,1,0,0,0,0,0,0,0,0,0,0,0,0,0
2017.0,13.0,0,39.99,0,KOGADO STUDIO,"Degica,Degica",0,1,0,0,0,0,0,0,0,0,0,0,0,0,0,1,0,0,0,0,0,0,0,0,0,0,0,0
2010.0,4.0,0,,0,Winter Wolves,"Winter Wolves,Winter Wolves",0,0,1,1,0,1,0,0,0,0,0,0,0,0,1,1,0,0,1,1,0,0,0,0,0,1,0,0
2019.0,27.0,0,19.99,0,Keen Software House,"Keen Software House,Keen Software House",1,0,0,1,0,1,1,0,0,0,0,0,0,1,1,1,0,1,0,1,0,0,1,0,0,1,1,1
2015.0,16.0,0,2.99,0,Forever Entertainment S. A.,"Forever Entertainment S. A.,Forever Entertainment S. A.",0,1,1,1,1,1,1,0,0,0,0,0,0,0,1,1,1,1,1,1,0,0,0,0,0,1,1,1
2017.0,,1,99.99,0,Knife Edge Software,"Horizon Hobby,Horizon Hobby",0,0,0,1,0,1,0,0,1,0,0,0,0,0,1,0,0,0,0,1,0,1,0,0,0,0,0,0
2006.0,,1,9.99,0,Red Storm Entertainment,"Ubisoft,Ubisoft",1,0,0,0,0,0,0,0,0,0,0,0,0,1,0,0,0,0,0,0,0,0,1,1,1,0,0,1
2018.0,24.0,0,9.99,0,Asmodee Digital,"Asmodee Digital,Z-Man Games,Asmodee Digital,Z-Man Games",0,0,0,0,0,1,1,0,0,0,0,0,0,0,0,0,0,1,0,1,0,0,0,0,0,0,0,0
2019.0,,1,4.99,0,Bawu Team,"Bawu Team,Bawu Team",0,0,1,1,0,0,1,0,0,0,0,1,0,0,1,0,0,1,1,0,0,0,0,0,0,0,0,0
2017.0,50.0,0,0.99,0,hyperboreanGames,"Back To Basics Gaming,Back To Basics Gaming",0,1,1,1,0,1,0,0,0,0,0,0,0,0,1,1,0,0,1,1,0,0,0,0,0,0,0,0
2015.0,83.0,0,14.99,0,"Thomas Biskup,Jochen Terstiege,Zeno Rogue,Krzysztof Dycha,Lucas Dieguez","Thomas Biskup,Thomas Biskup",0,1,0,1,1,0,1,0,0,0,0,0,0,0,1,1,1,1,0,0,0,0,0,0,0,1,1,1
2018.0,,1,29.99,0,Hi-Rez Studios,,1,0,0,0,0,0,0,0,0,1,0,0,0,1,0,0,0,0,0,0,0,0,0,0,0,0,0,0
2006.0,,1,4.99,0,"CINEMAX, s.r.o.","CINEMAX, s.r.o.,CINEMAX, s.r.o.",0,0,1,1,0,0,0,0,0,0,0,0,0,0,1,0,0,0,1,0,0,0,0,0,0,1,0,0
2016.0,,1,2.99,0,The Tambourine,"The Tambourine,The Tambourine",0,0,1,1,0,1,1,0,0,0,0,0,0,0,1,0,0,1,1,1,0,0,0,0,0,0,0,0
2007.0,,1,9.99,0,SCS Software,"ValuSoft,Play Hard Games,ValuSoft,Play Hard Games",0,0,0,0,0,0,0,0,1,0,0,0,0,0,0,0,0,0,0,1,0,1,0,0,0,1,0,1
2015.0,,1,,0,Zoo Corporation,"Zoo Corporation,Zoo Corporation",0,0,1,0,0,0,0,0,0,1,0,0,0,0,0,0,0,0,1,0,0,0,0,0,0,0,0,0
2017.0,,1,1.99,0,Vrai,"Vrai,Vrai",0,0,1,0,0,0,0,0,0,0,0,0,0,0,0,0,0,0,1,0,0,0,0,0,0,0,0,0
2015.0,,1,9.99,0,Harebrained Schemes,"Paradox Interactive,Paradox Interactive",0,1,0,1,1,0,1,0,0,0,0,0,0,0,1,1,1,1,0,0,0,0,0,0,0,0,0,0
2007.0,,1,6.99,0,Altar Games,"Bohemia Interactive,Bohemia Interactive",0,0,0,1,0,0,1,0,0,0,0,0,0,0,1,0,1,1,0,0,0,0,0,0,0,1,0,1
2015.0,,1,4.99,0,GDNomad,"Infernal Dream,Infernal Dream",0,1,0,1,0,0,0,0,0,0,0,0,0,1,1,1,0,0,0,0,0,0,0,0,0,0,0,0
2019.0,,1,19.99,0,Brain Stone GmbH,"Brain Stone GmbH,Brain Stone GmbH",1,0,0,1,0,0,0,0,0,0,0,1,0,1,1,0,0,0,0,0,0,0,1,0,0,0,0,0
2017.0,53.0,0,49.99,0,AQURIA,"BANDAI NAMCO Entertainment,BANDAI NAMCO Entertainment",1,1,1,0,1,0,0,0,0,0,0,0,0,1,0,1,1,0,1,0,0,0,1,0,0,1,1,1
2018.0,,1,0.99,0,"What Pumpkin Games, Inc.","What Pumpkin Games, Inc.,What Pumpkin Games, Inc.",0,1,1,1,1,1,0,0,0,0,0,0,0,0,1,1,1,0,1,1,0,0,0,0,0,0,0,0
2016.0,,1,7.99,0,erobotan,"erobotan,erobotan",1,0,0,1,0,0,0,0,0,0,0,0,0,1,1,0,0,0,0,0,0,0,0,0,0,0,0,0
2017.0,,1,2.99,0,"Kishan Emens (dev),Tavius Woods (art)","Kishan Emens,Kishan Emens",0,0,1,0,0,1,0,0,0,0,0,0,0,0,0,0,0,0,1,1,0,0,0,0,0,0,0,0
2016.0,,1,14.99,0,"Amaranth Games, LLC","Degica,Degica",0,1,0,1,1,0,0,0,0,0,0,0,0,0,1,1,1,0,0,0,0,0,0,0,0,0,0,0
2019.0,24.0,0,24.99,0,Madruga Works,"Madruga Works,Madruga Works",0,0,0,1,0,1,1,0,0,0,0,0,0,0,1,0,0,1,1,1,0,0,1,0,0,1,1,1
2009.0,7.0,0,9.99,0,"Dejobaan Games, LLC","Dejobaan Games, LLC,Dejobaan Games, LLC",1,0,0,1,0,0,0,1,0,0,0,0,0,1,1,0,0,0,0,0,1,0,0,0,0,1,1,1
2015.0,30.0,0,1.99,0,David Erosa,"Erosa Games,Erosa Games",1,0,0,1,0,0,0,1,0,0,0,0,0,1,1,0,0,0,0,0,1,0,1,0,0,0,0,0
2016.0,48.0,0,12.99,0,The Quadsphere,"The Quadsphere,The Quadsphere",0,0,0,1,0,1,1,0,0,0,0,1,0,0,1,0,0,1,0,1,0,0,0,0,0,1,1,0
2010.0,28.0,0,6.99,0,b-alive gmbh,"b-alive gmbh,b-alive gmbh",0,0,1,1,0,1,0,0,0,0,0,0,0,0,1,1,0,0,1,1,0,0,0,0,0,0,0,0
2017.0,18.0,0,,0,Studio Pieplus,"Studio Pieplus,Studio Pieplus",0,1,0,1,0,0,0,0,0,0,0,0,0,0,1,1,0,0,0,0,0,0,0,0,0,0,0,0
2013.0,,1,8.99,0,finalbossblues,"Degica,Degica",0,0,0,0,0,0,0,0,0,0,0,0,0,0,0,0,1,0,0,0,0,0,0,0,0,0,0,0
2016.0,6.0,0,9.99,0,"Redshift Media,Sparpweed","Redshift Media,Sparpweed,Redshift Media,Sparpweed",0,0,0,1,0,0,1,1,1,0,0,1,0,0,1,0,0,1,0,0,1,1,0,0,0,0,0,0
2010.0,12.0,0,4.99,0,Outerlight Ltd.,"Ubisoft,Ubisoft",1,0,0,0,0,0,0,0,0,0,0,0,0,1,0,0,0,0,0,0,0,0,1,1,1,0,1,1
2017.0,7.0,0,9.99,0,Zetsubou,"Zetsubou,Zetsubou",0,0,1,1,0,1,0,0,0,0,0,0,0,0,1,0,0,0,1,1,0,0,0,0,0,0,0,0
2018.0,63.0,0,9.99,0,Alberto Santiago,"Studio Canvas,Studio Canvas",1,0,0,1,0,0,0,0,0,0,0,0,0,1,1,0,0,0,0,0,0,0,1,0,0,0,0,0
2017.0,27.0,0,29.99,0,Spiral House Ltd.,"Maximum Games,Maximum Games",1,1,0,0,0,0,0,0,0,0,0,0,0,1,0,1,0,0,0,0,0,0,0,0,0,0,0,0
2015.0,,1,2.99,0,InvertMouse,"InvertMouse,InvertMouse",0,1,0,1,0,0,0,0,0,0,0,0,0,0,1,1,0,0,0,0,0,0,0,0,0,0,0,0
2017.0,20.0,0,2.99,0,"Jetdogs Studios,Whalebox","Jetdogs Studios,Jetdogs Studios",0,0,1,1,0,0,1,0,0,0,0,0,0,0,1,0,0,1,1,0,0,0,0,0,0,0,0,0
2015.0,24.0,0,4.99,0,"Virtual Basement LLC,Code Headquarters LLC","Virtual Basement LLC,Virtual Basement LLC",1,0,0,1,0,0,0,0,0,0,0,0,0,1,1,0,0,0,1,0,0,0,1,1,1,1,1,1
2018.0,,1,,0,Fun Games For Free,"Fun Games For Free,Fun Games For Free",1,1,1,1,1,1,1,0,1,1,0,0,0,1,1,1,1,1,1,1,0,1,0,0,0,0,0,0
2018.0,100.0,0,0.99,0,一次元创作组,"一次元创作组,一次元创作组",0,0,1,1,0,0,0,0,0,0,0,0,0,0,1,0,0,0,1,1,0,0,0,0,0,0,0,0
2018.0,17.0,0,4.99,0,Reine Works,"Top Hat Studios Inc,Top Hat Studios Inc",0,0,1,0,0,0,0,0,0,0,0,0,0,0,1,0,0,0,1,0,0,0,0,0,0,0,0,0
2017.0,50.0,0,19.99,0,JetCat Games,"Klabater,Klabater",1,0,0,1,0,0,0,0,0,0,1,0,0,1,1,0,0,1,1,1,0,0,1,0,1,1,1,1
2018.0,18.0,0,9.99,0,Arrowiz,"bilibili,bilibili",0,0,0,1,0,0,0,0,0,0,0,0,0,0,1,0,0,0,0,0,0,0,0,0,0,0,1,0
2019.0,,1,9.99,0,Bear & Cat Studio,"Bear & Cat Studio,Bear & Cat Studio",0,1,0,1,0,0,1,0,0,0,0,1,0,0,1,1,0,1,0,0,0,0,0,0,0,0,0,0
2017.0,,1,15.99,0,Apoapsis Studios,"Apoapsis Studios,Apoapsis Studios",0,0,0,1,0,1,1,0,0,0,0,1,0,0,1,0,0,1,0,1,0,0,0,0,0,1,1,0
2019.0,,1,2.99,0,Zero Research Institute,"Zero Research Institute,Zero Research Institute",0,1,1,1,1,1,0,0,0,0,0,0,0,0,1,1,1,0,1,1,0,0,0,0,0,0,0,0
2019.0,,1,19.99,0,Rocketeer Games Studio LLC,"Rocketeer Games Studio LLC,Rocketeer Games Studio LLC",1,0,0,1,0,0,0,0,0,0,0,0,0,1,1,0,0,0,0,0,0,0,1,1,1,0,1,0
2019.0,78.0,0,0.99,0,Crew Lab,"Crew Lab,Crew Lab",0,0,1,1,0,0,0,0,0,0,0,0,0,0,1,0,0,0,1,0,0,0,0,0,0,1,0,0
2016.0,21.0,0,9.99,0,D.E.X. Team,"Xitilon,Xitilon",1,0,0,1,0,0,0,0,0,0,0,0,0,1,1,0,0,0,0,0,0,0,0,0,0,1,0,0
2016.0,29.0,0,,0,DoubleDutch Games,"tinyBuild,tinyBuild",1,0,1,1,0,0,0,1,1,0,0,0,0,1,1,0,0,0,0,0,1,1,1,0,0,1,1,1
2019.0,,1,5.99,0,Beautiful Glitch,"Those Awesome Guys,Those Awesome Guys",0,0,0,1,0,1,0,0,0,0,0,0,0,0,1,0,0,0,0,1,0,0,0,0,0,0,0,0
2014.0,12.0,0,19.99,0,White Paper Games,"White Paper Games,White Paper Games",0,1,0,1,0,0,0,0,0,0,0,0,0,0,1,1,0,0,1,0,0,0,0,0,0,1,0,1
2015.0,,1,12.99,0,Vovoid Media Technologies AB,"KISS ltd,KISS ltd",1,1,0,1,0,0,0,0,0,0,0,0,0,1,1,1,0,0,0,0,0,0,0,0,0,1,0,0
2018.0,,1,0.0,1,"Half Full Nelson,Goodby Silverstein and Partners","Salvador Dali Museum, Inc,Salvador Dali Museum, Inc",0,0,1,0,0,1,0,0,0,1,0,0,0,0,0,0,0,0,1,1,0,0,0,0,0,0,0,0
2014.0,20.0,0,14.99,0,Spry Fox LLC,"Spry Fox LLC,Spry Fox LLC",0,0,0,1,0,0,0,0,0,0,0,0,0,0,1,1,0,0,0,0,0,0,0,0,0,1,0,1
2019.0,16.0,0,11.99,0,"Newt Industries, LLC","Newt Industries, LLC,Newt Industries, LLC",1,0,0,1,0,0,0,0,0,0,0,0,0,1,1,0,0,0,0,0,0,0,0,0,0,0,0,0
2018.0,,1,,0,Zydrone,"Zydrone,Zydrone",1,0,0,1,0,0,0,0,0,1,0,0,0,1,1,0,0,0,0,0,0,0,0,0,0,1,0,0
2016.0,8.0,0,6.99,0,"Darjeeling,Nova Production,ARTE France","ARTE France,ARTE France",0,1,0,1,0,0,0,0,0,0,0,0,0,0,1,1,0,0,0,0,0,0,0,0,0,0,0,0
2015.0,,1,1.99,0,"Bradley Elam,Colton Bone","Hoven Indies,Hoven Indies",0,1,1,1,1,0,0,0,0,0,0,0,0,0,1,1,1,0,1,0,0,0,0,0,0,0,0,0
2019.0,,1,0.0,1,"CAPCOM Co., Ltd.","CAPCOM Co., Ltd.,CAPCOM Co., Ltd.",1,0,0,0,0,0,0,0,0,0,0,0,0,1,0,0,0,0,0,0,0,0,0,0,0,0,0,0
2016.0,,1,0.99,0,Digital Dawn Studios,"Back To Basics Gaming,Back To Basics Gaming",1,0,1,1,0,0,0,0,0,0,0,0,0,1,1,0,0,0,1,0,0,0,0,0,0,0,0,0
2008.0,,1,1.02,0,Treyarch,"Activision,Activision",1,0,0,0,0,0,0,0,0,0,0,0,0,1,0,1,0,0,0,0,0,0,1,1,1,1,1,1
2017.0,,1,62.58,0,"Tero Lunkka,Mikko Seppälä","Tero Lunkka,Tero Lunkka",0,0,1,1,0,0,0,0,1,0,0,0,0,0,1,0,0,0,1,0,0,1,0,0,0,0,0,0
2019.0,100.0,0,1.98,0,КиКо,"КиКо,КиКо",0,0,1,0,0,0,0,0,0,0,0,0,0,0,0,0,0,0,1,0,0,0,0,0,0,0,0,0
2017.0,4.0,0,14.99,0,Mad Triangles,"Mad Triangles,Mad Triangles",1,0,0,1,0,0,0,0,0,0,0,0,0,1,1,0,0,0,0,0,0,0,0,0,0,0,0,0
2009.0,,1,9.99,0,LucasArts,"LucasArts,Lucasfilm,Disney Interactive,LucasArts,Lucasfilm,Disney Interactive",0,1,0,0,0,0,0,0,0,0,0,0,0,0,1,1,0,0,0,0,0,0,0,0,0,1,1,1
2019.0,23.0,0,29.99,0,"IDEA FACTORY,TOYBOX","Intragames Co.,Ltd.,Intragames Co.,Ltd.",0,1,0,0,0,0,0,0,0,0,0,0,0,0,0,1,0,0,0,0,0,0,0,0,0,0,0,0
2017.0,,1,0.0,1,Quiet River,"Quiet River,Quiet River",0,0,1,1,0,0,0,0,0,0,0,0,0,0,1,0,0,0,1,0,0,0,0,0,0,1,0,0
2017.0,12.0,0,14.99,0,Blueplant Entertainment,"Blueplant Entertainment,Blueplant Entertainment",0,1,0,1,0,1,0,0,0,0,0,1,0,0,1,1,0,0,0,1,0,0,0,0,0,0,0,0
2019.0,,1,5.99,0,Damian Bernardi,"SomniumSoft,SomniumSoft",0,0,0,1,0,1,0,0,0,0,0,1,0,0,1,0,0,1,0,1,0,0,0,0,0,1,0,0
2019.0,,1,39.99,0,Game-Labs,"Game-Labs,Game-Labs",1,1,0,1,0,1,1,0,0,0,1,0,0,1,1,1,0,1,0,1,0,0,1,0,0,1,1,1
2014.0,24.0,0,2.99,0,Shortbreak Studios s.c.,"Shortbreak Studios s.c.,Shortbreak Studios s.c.",0,0,1,0,0,0,0,0,1,0,0,0,0,0,1,0,0,0,1,0,0,1,0,0,0,0,1,0
2016.0,,1,4.99,0,Arc System Works,"Arc System Works,Arc System Works",1,0,0,0,0,0,0,0,0,0,0,0,0,1,0,0,0,0,0,0,0,0,0,0,0,0,0,0
2017.0,,1,0.0,1,Vitor Pêgas,"Oryzhon Studios,Oryzhon Studios",1,0,1,1,0,0,0,0,0,1,0,0,0,1,1,0,0,0,1,0,0,0,1,1,0,0,0,0
2012.0,36.0,0,79.95,0,Daedalic Entertainment,"Daedalic Entertainment,Daedalic Entertainment",0,1,0,1,0,0,0,0,0,0,0,0,0,0,1,1,0,0,0,0,0,0,0,0,0,1,1,1
2017.0,24.0,0,1.99,0,@unepic_fran,"@unepic_fran,@unepic_fran",1,1,1,1,0,0,0,0,0,0,0,0,0,1,1,1,0,0,1,0,0,0,0,0,0,1,0,0
2017.0,26.0,0,15.99,0,BKOM Studios,"BKOM Studios,BKOM Studios",0,1,0,0,1,0,1,0,0,0,0,0,0,0,1,1,1,1,0,0,0,0,0,0,0,1,1,1
2016.0,35.0,0,24.99,0,"Idea Factory,Compile Heart,Tamsoft","Idea Factory International,Idea Factory International",1,0,0,0,1,0,0,0,0,0,0,0,0,1,0,1,1,0,1,0,0,0,0,0,0,1,1,1
2017.0,,1,,0,PixelSoft,"SubaGames,SubaGames",1,1,0,0,1,0,0,0,0,1,1,0,0,1,0,1,1,0,0,0,0,0,1,0,0,0,0,0
2018.0,10.0,0,0.99,0,Le Faucheur Kevin,"Le Faucheur Kevin,Le Faucheur Kevin",1,1,0,1,0,0,0,0,0,0,0,0,0,1,1,1,0,0,0,0,0,0,0,0,0,0,0,0
2015.0,10.0,0,1.99,0,Nicolas Pierre-Loti-Viaud,"Nicolas Pierre-Loti-Viaud,Nicolas Pierre-Loti-Viaud",0,0,0,1,0,0,0,0,0,0,0,0,0,0,1,0,0,0,1,0,0,0,0,0,0,0,0,0
2017.0,3.0,0,3.99,0,RP Studios,"RP Studios,RP Studios",1,1,0,1,0,0,0,0,0,0,0,0,0,1,1,1,0,0,0,0,0,0,0,0,0,0,0,0
2015.0,,1,,0,NeocoreGames,"NeocoreGames,NeocoreGames",1,1,0,1,1,0,0,0,0,0,0,0,0,1,1,1,1,0,0,0,0,0,0,0,0,0,0,0
2019.0,,1,,0,Alterindie LLC,"Alterindie LLC,Alterindie LLC",0,1,1,1,0,0,0,0,0,1,0,0,0,0,1,1,0,0,1,0,0,0,0,0,0,0,0,0
2015.0,17.0,0,27.88,0,"Pilgrim Adventures,GrabTheGames Studios","GrabTheGames,WhisperGames,GrabTheGames,WhisperGames",0,1,0,0,1,0,0,0,0,0,0,0,0,0,1,1,1,0,1,1,0,0,0,0,0,1,1,1
2018.0,16.0,0,19.99,0,Fakt Software,"Wild River Games,Wild River Games",0,0,1,1,0,1,0,0,0,0,0,0,0,0,1,0,0,0,1,1,0,0,0,0,0,0,0,0
2012.0,14.0,0,7.99,0,"Capybara,Superbrothers,Jim Guthrie","Capybara Games,Capybara Games",0,1,0,1,0,0,0,0,0,0,0,0,0,0,1,1,0,0,1,0,0,0,0,0,0,1,1,1
2015.0,33.0,0,4.99,0,Tin Man Games,"Tin Man Games,Tin Man Games",0,1,1,1,0,0,0,0,0,0,0,0,0,0,1,1,0,0,1,0,0,0,0,0,0,0,0,0
2017.0,48.0,0,29.99,0,Mothership Entertainment LLC,"Team17 Digital Ltd,Team17 Digital Ltd",0,0,0,1,0,1,1,0,0,0,0,0,0,0,1,0,0,1,0,1,0,0,0,0,0,1,1,1
2018.0,100.0,0,1.99,0,S'Games,"Lucky Games,Lucky Games",0,1,1,1,0,0,0,0,0,0,0,0,0,0,1,1,0,0,1,0,0,0,0,0,0,1,0,0
2014.0,59.0,0,9.99,0,Xaviant,"Xaviant Games,Xaviant Games",1,0,0,1,1,0,0,0,0,0,0,0,0,1,1,1,1,0,0,0,0,0,0,1,0,1,1,1
2017.0,,1,106.91,0,bitter sweet entertainment,"Degica,Degica",0,0,0,0,0,0,0,0,0,0,0,0,0,0,0,0,0,0,0,0,0,0,0,0,0,0,0,0
2015.0,1.0,0,29.99,0,"Muzzy Lane Software,Factus Games","Factus Games,Factus Games",0,0,0,1,0,1,1,0,0,0,0,0,0,0,1,0,0,1,0,1,0,0,1,0,0,1,1,1
2015.0,,1,1.99,0,yayapipi,"yayapipi,yayapipi",1,1,0,1,0,0,0,0,0,0,0,0,0,1,1,1,0,0,0,0,0,0,0,0,0,0,0,0
2017.0,,1,5.99,0,Mastfire Studios Pty Ltd,,1,0,1,1,0,0,1,0,0,0,0,0,0,1,1,0,0,1,1,0,0,0,0,0,0,0,0,0
2015.0,43.0,0,17.99,0,LinkSolutions Ltd.,"rondomedia GmbH,rondomedia GmbH",0,0,0,0,0,1,0,0,0,0,0,0,0,0,0,0,0,0,0,1,0,0,0,0,0,1,0,0
2019.0,10.0,0,11.99,0,DG Games Workshop,"DG Games Workshop,DG Games Workshop",1,1,0,1,0,0,0,0,0,0,0,0,0,1,1,1,0,0,0,0,0,0,0,0,1,0,0,0
2018.0,31.0,0,9.99,0,Shrimpcave Industries,"Shrimpcave Industries,Shrimpcave Industries",1,0,1,0,0,0,1,0,0,0,0,0,0,1,0,0,0,1,1,0,0,0,1,0,0,0,0,0
2019.0,5.0,0,0.0,1,Gamechuck,"Gamechuck,Gamechuck",0,1,0,1,0,0,0,0,0,0,0,0,0,0,1,1,0,0,0,0,0,0,0,0,0,0,0,0
2017.0,6.0,0,0.99,0,Mikhail Melnikov,"Mikhail Melnikov,Mikhail Melnikov",0,1,1,1,0,0,0,0,0,0,0,0,0,0,1,1,0,0,1,0,0,0,0,0,0,0,0,0
2017.0,,1,2.99,0,Gentle Manhands,"Viacom NEXT,Viacom NEXT",0,0,1,1,0,0,0,0,0,0,0,0,0,0,1,0,0,0,1,0,0,0,0,0,0,0,0,0
2017.0,33.0,0,,0,Choice of Games,"Choice of Games,Choice of Games",0,1,0,1,1,0,0,0,0,0,0,0,0,0,1,1,1,0,0,0,0,0,0,0,0,0,0,0
2017.0,31.0,0,4.99,0,Wolf & Wood Interactive Ltd,"LegionVR, LLC,Fun Train,LegionVR, LLC,Fun Train",1,1,1,0,0,1,0,0,0,0,0,0,0,1,0,1,0,0,1,1,0,0,0,0,0,0,0,0
2014.0,,1,1.99,0,Rebellion,"Rebellion,Rebellion",1,1,0,0,0,0,0,0,0,0,0,0,0,1,0,1,0,0,0,0,0,0,0,0,0,0,0,0
2014.0,24.0,0,9.99,0,Artifex Mundi,"Artifex Mundi,Artifex Mundi",0,0,1,0,0,0,0,0,0,0,0,0,0,0,1,1,0,0,1,0,0,0,0,0,0,1,1,1
2016.0,,1,4.99,0,Imbanova Entertainment Inc.," Imbanova Entertainment Inc., Imbanova Entertainment Inc.",0,1,0,1,0,0,0,0,0,0,0,1,0,0,1,1,0,0,0,0,0,0,0,0,0,0,0,0
2015.0,,1,7.99,0,MetalBear,"MetalBear,MetalBear",1,1,1,1,0,0,0,0,0,0,0,0,0,1,1,1,0,0,1,0,0,0,0,0,0,0,0,0
2013.0,,1,,0,OVERKILL - a Starbreeze Studio.,"505 Games,505 Games",1,0,0,0,1,0,0,0,0,0,0,0,0,1,0,0,1,0,0,0,0,0,0,1,0,0,0,1
2012.0,,1,2.99,0,Volition,"Deep Silver,Deep Silver",1,0,0,0,0,0,0,0,0,0,0,0,0,1,0,0,0,0,0,0,0,0,0,0,0,0,0,0
2015.0,40.0,0,12.99,0,Hammer Glass Studio,"Hammer Glass Studio,Hammer Glass Studio",0,0,0,0,1,0,0,0,0,0,0,0,0,0,0,1,1,0,0,0,0,0,0,0,0,0,0,0
2016.0,,1,14.99,0,"Andrew Bates,Craig Bentick,Nolan Cunningham,Onomis","Infectious Ape,Infectious Ape",0,0,0,0,0,1,0,0,0,0,0,0,0,0,0,0,0,0,0,1,0,0,1,0,0,0,0,0
2017.0,143.0,0,19.99,0,Expansive Worlds,"Avalanche Studios,Avalanche Studios",0,1,0,0,0,1,0,1,0,0,0,0,0,1,0,1,0,1,0,1,1,0,1,1,1,1,1,1
2015.0,9.0,0,4.99,0,Rodaja,"Rodaja,Rodaja",0,0,1,1,0,0,0,1,0,0,0,0,0,0,1,0,0,0,1,0,1,0,1,0,0,0,0,0
2018.0,35.0,0,15.99,0,ON3D Studios,"1C Entertainment,1C Entertainment",1,0,0,1,0,0,0,0,0,0,0,0,0,1,1,0,0,0,0,0,0,0,0,0,0,0,0,0
2017.0,10.0,0,9.99,0,Ertal Games,"Ertal Games,Ertal Games",0,0,0,1,0,0,0,0,0,0,0,0,0,0,1,0,0,0,0,0,0,0,0,0,0,0,0,0
2019.0,,1,,0,Ikigai,"Ikigai,Ikigai",0,0,0,1,0,0,0,0,0,0,0,0,0,0,1,0,0,0,0,0,0,0,0,0,0,1,0,0
2019.0,,1,4.99,0,"Bit Golem,Ultimate Games S.A.","Ultimate Games S.A.,Ultimate Games S.A.",0,0,1,0,0,1,0,1,0,0,0,0,0,0,0,0,0,0,1,1,1,0,0,0,0,0,0,0
2014.0,,1,5.99,0,ProjectorGames,"KISS ltd,KISS ltd",1,1,1,1,0,0,0,0,0,0,0,0,0,1,1,1,0,0,1,0,0,0,0,0,0,0,0,0
2016.0,39.0,0,14.99,0,ZeroBit Games,"Ocean Media LLC,Ocean Media LLC",0,0,1,1,0,1,1,0,0,0,0,0,0,0,1,0,0,1,1,1,0,0,0,0,0,0,0,0
2013.0,,1,34.99,0,"Codemasters Racing,Feral Interactive (Mac)","Codemasters,Feral Interactive (Mac),Codemasters,Feral Interactive (Mac)",0,0,0,0,0,0,0,1,1,0,0,0,0,0,0,0,0,0,0,0,1,1,0,0,0,0,0,0
2018.0,22.0,0,14.99,0,Wave Light Games Inc.,"Wave Light Games Inc.,Wave Light Games Inc.",1,1,0,1,1,0,1,0,0,0,0,0,0,1,1,1,1,1,0,0,0,0,0,0,0,0,0,0
2015.0,,1,0.99,0,"IDEA FACTORY Co., Ltd.,COMPILE HEART Co., Ltd.,FELISTELLA Co., Ltd.","Idea Factory International, Inc.,IDEA FACTORY Co., Ltd.,Idea Factory International, Inc.,IDEA FACTORY Co., Ltd.",0,0,0,0,1,0,1,0,0,0,0,0,0,0,0,0,1,1,0,0,0,0,0,0,0,0,0,0
2015.0,,1,14.99,0,A2A Simulations,"Dovetail Games - Flight,Dovetail Games - Flight",0,0,0,0,0,1,0,0,0,0,0,0,0,0,0,0,0,0,0,1,0,0,0,0,0,0,0,0
2014.0,,1,4.99,0,Eko Software,"505 Games,505 Games",1,0,0,0,0,0,0,0,0,0,0,0,0,1,0,0,0,0,0,0,0,0,0,0,0,0,0,0
2018.0,,1,9.99,0,Ludosity,"Ludosity,Ludosity",1,0,0,1,0,0,0,0,0,0,0,1,0,1,1,0,0,0,0,0,0,0,1,0,0,0,1,0
2016.0,21.0,0,1.99,0,Anvate Games,"Anvate Games,Anvate Games",0,0,1,0,0,0,0,0,0,0,0,0,0,0,0,0,0,0,1,0,0,0,0,0,0,0,0,0
2015.0,15.0,0,11.99,0,Chimera Entertainment,"astragon Entertainment,astragon Entertainment",0,1,1,0,0,0,0,0,0,0,0,0,0,0,0,1,0,0,1,0,0,0,0,0,0,0,0,0
2014.0,,1,,0,WaterMelon,"WaterMelon,WaterMelon",0,0,0,0,1,0,0,0,0,0,0,0,0,0,0,0,1,0,0,0,0,0,0,0,0,0,0,0
2017.0,,1,7.99,0,Antimatter Games,"Tripwire Interactive,Tripwire Interactive",1,0,0,1,0,1,1,0,0,0,1,0,0,1,1,0,0,1,0,1,0,0,1,0,0,0,0,0
2016.0,,1,45.96,0,"Vaka Game Magazine,Makoto Sanada","Vaka Game Magazine,AGM PLAYISM,Vaka Game Magazine,AGM PLAYISM",0,1,0,1,1,0,0,0,0,0,0,0,0,0,1,1,1,0,0,0,0,0,0,0,0,0,1,0
2016.0,,1,9.99,0,"The Glitch Factory,Seize Studios","The Glitch Factory,The Glitch Factory",0,0,0,1,0,0,1,0,0,0,0,0,0,0,1,0,0,1,0,0,0,0,1,0,0,0,0,0
2018.0,16.0,0,10.92,0,911,"AmagSwag Games,AmagSwag Games",0,0,1,1,0,0,0,0,0,0,0,0,0,0,1,0,0,0,1,0,0,0,0,0,0,0,0,0
2015.0,17.0,0,7.99,0,Ebonscale Games,"Ebonscale Games,Ebonscale Games",1,0,0,1,1,0,0,0,0,0,0,0,0,1,1,0,1,0,0,0,0,0,0,0,0,0,0,0
2017.0,,1,4.99,0,"Dumativa Creative Studio,Castro Brothers",,0,1,1,1,0,0,0,0,0,0,0,0,0,0,1,1,0,0,1,0,0,0,0,0,0,0,0,0
2013.0,,1,1.99,0,Paradox Development Studio,"Paradox Interactive,Paradox Interactive",0,0,0,0,1,1,1,0,0,0,0,0,0,0,0,0,1,1,0,1,0,0,0,0,0,0,0,0
2016.0,27.0,0,9.99,0,Transhuman Design,"Transhuman Design,Transhuman Design",1,0,0,1,0,0,0,0,0,0,0,0,0,1,1,0,0,0,0,0,0,0,0,0,1,0,1,0
2017.0,,1,0.99,0,Falcoware,"Dark Light Studio,Dark Light Studio",1,1,0,1,0,0,0,0,0,0,0,0,0,1,1,1,0,0,0,0,0,0,0,1,0,0,0,0
2014.0,34.0,0,7.99,0,Shorebound Studios,"Shorebound Studios,Shorebound Studios",1,1,0,1,0,0,0,0,0,0,0,0,0,1,1,1,0,0,0,0,0,0,0,0,0,0,0,0
2016.0,12.0,0,7.99,0,Dexmes,"Dexmes,Dexmes",1,0,1,1,0,1,0,0,0,0,0,0,0,1,1,0,0,0,1,1,0,0,0,0,0,0,0,0
2014.0,,1,8.99,0,Screwy Lightbulb,"Screwy Lightbulb,Screwy Lightbulb",0,1,1,0,0,0,0,0,0,0,0,0,0,0,1,1,0,0,1,0,0,0,0,0,0,0,0,0
2018.0,,1,4.99,0,Shiro Games,"Shiro Games,Shiro Games",0,0,0,1,0,1,1,0,0,0,0,0,0,0,1,0,0,1,0,1,0,0,1,0,0,1,0,0
2015.0,28.0,0,11.99,0,PixelNAUTS,"PixelNAUTS,PixelNAUTS",1,1,0,1,0,0,0,0,0,0,0,0,0,1,1,1,0,0,0,0,0,0,0,0,0,0,0,0
2019.0,19.0,0,19.99,0,VRESKI,"VRESKI,VRESKI",1,0,0,1,0,0,0,0,0,0,0,0,0,1,1,0,0,0,0,0,0,0,0,0,1,0,0,0
2019.0,,1,2.99,0,Korean Linguistics Lab,"Korean Linguistics Lab,Korean Linguistics Lab",0,1,0,1,0,0,0,0,0,0,0,0,0,0,1,1,0,0,0,0,0,0,0,0,0,0,0,0
2017.0,,1,1.99,0,Z Games,"Zotdinex,Zotdinex",0,1,0,1,0,0,0,0,0,0,0,0,0,0,1,1,1,0,0,0,0,0,0,0,0,0,0,0
2015.0,,1,9.99,0,Interplay Entertainment Corp.,"Interplay Entertainment Corp.,Interplay Entertainment Corp.",1,1,0,0,0,1,0,0,0,0,0,0,0,1,0,1,0,0,0,1,0,0,0,0,0,0,0,0
2010.0,,1,19.99,0,Bohemia Interactive,"Bohemia Interactive,Bohemia Interactive",1,0,0,0,0,1,1,0,0,0,0,0,0,1,0,0,0,1,0,1,0,0,1,1,1,1,1,1
2013.0,,1,4.99,0,"Irrational Games,Aspyr (Mac),Virtual Programming (Linux)","2K,Aspyr (Mac),2K,Aspyr (Mac)",1,0,0,0,0,0,0,0,0,0,0,0,0,1,0,0,0,0,0,0,0,0,0,1,0,1,0,1
2016.0,,1,14.99,0,Viewpoint Games,"Viewpoint Games,Viewpoint Games",0,0,1,1,0,0,0,0,1,0,0,0,0,0,1,0,0,0,1,0,0,1,0,0,0,0,0,0
2016.0,,1,110.61,0,ANPA.US,"ANPA.US,ANPA.US",1,1,0,1,0,1,0,0,0,0,0,0,0,1,1,1,0,0,0,1,0,0,0,0,0,0,0,0
2018.0,30.0,0,13.99,0,Damian Schloter,"Damian Schloter,Damian Schloter",1,0,0,1,1,0,0,0,0,0,0,1,0,1,1,0,1,0,0,0,0,0,0,0,0,0,0,0
2016.0,12.0,0,4.99,0,Game Mechanics LLC,"Game Mechanics LLC,Game Mechanics LLC",1,0,0,0,0,0,1,0,0,0,0,0,0,1,0,0,0,1,0,0,0,0,0,0,0,0,0,0
2015.0,,1,4.99,0,,,1,0,0,0,0,0,0,0,0,0,0,0,0,1,0,0,0,0,0,0,0,0,0,0,0,0,0,0
2013.0,,1,0.0,1,Team Psykskallar,"Team Psykskallar,Team Psykskallar",1,1,0,1,0,0,0,0,0,0,0,0,0,1,1,1,0,0,0,0,0,0,1,1,1,1,1,1
2017.0,,1,9.99,0,Bohemia Interactive,"Bohemia Interactive,Bohemia Interactive",1,0,0,0,0,1,1,0,0,0,0,0,0,1,0,0,0,1,0,1,0,0,0,0,0,0,1,0
2017.0,18.0,0,19.99,0,Animallica Games Studio,,1,1,0,1,0,1,0,0,0,0,0,1,0,1,1,1,0,0,0,1,0,0,0,0,0,1,1,1
2016.0,,1,0.0,1,Chris Mailloux,"boredmob.com,boredmob.com",1,0,1,1,0,0,0,0,0,0,0,0,0,1,1,0,0,0,1,0,0,0,0,0,0,0,0,0
2016.0,1.0,0,3.99,0,"Edsenses Creative Co., Ltd","Edsenses Creative Co., Ltd,Edsenses Creative Co., Ltd",1,1,1,0,1,1,1,0,0,0,0,1,0,1,0,1,1,1,1,1,0,0,0,0,0,0,0,0
2018.0,,1,6.99,0,Nomad Games,"Asmodee Digital,Asmodee Digital",0,0,0,0,0,0,1,0,0,0,0,0,0,0,0,0,0,1,1,0,0,0,1,0,0,0,0,0
2019.0,12.0,0,0.99,0,Jiruo Software,"Jiruo Software,Jiruo Software",0,0,1,1,0,0,0,0,0,0,0,0,0,0,1,0,0,0,1,0,0,0,0,0,0,0,0,0
2016.0,48.0,0,4.99,0,Katatema,"AGM PLAYISM,AGM PLAYISM",1,0,0,1,0,0,0,0,0,0,0,0,0,1,1,0,0,0,1,0,0,0,0,0,0,1,0,0
2018.0,33.0,0,,0,Trion Worlds,"Trion Worlds,Trion Worlds",0,1,0,0,0,0,0,0,0,1,1,0,0,0,0,1,1,0,0,0,0,0,1,1,1,0,1,1
2018.0,72.0,0,13.86,0,Crew Lab,"Crew Lab,Crew Lab",0,0,1,1,0,0,0,0,0,0,0,0,0,0,1,0,0,0,1,0,0,0,0,0,0,1,0,0
2018.0,31.0,0,4.99,0,Wonderbox Games,"Wonderbox Games,Wonderbox Games",0,0,1,1,0,0,0,0,0,0,0,0,0,0,1,0,0,0,1,0,0,0,0,0,0,0,0,0
2019.0,17.0,0,,0,Parallel Space Inc,"Parallel Space Inc,Parallel Space Inc",0,0,0,0,0,0,1,0,0,1,1,0,0,0,1,0,0,1,0,0,0,0,1,0,0,0,1,0
2018.0,35.0,0,4.99,0,Sungift Games,"Sungift Games,Sungift Games",0,1,1,1,0,0,0,0,0,0,0,0,0,0,1,1,0,0,1,0,0,0,0,0,0,0,0,0
2018.0,5000.0,0,,0,Ripknot Systems,"Ripknot Systems,Ripknot Systems",1,0,1,0,0,0,1,0,0,0,0,0,0,1,1,0,0,1,1,1,1,0,0,0,0,1,0,0
2017.0,,1,0.0,1,AMPLITUDE Studios,"SEGA,SEGA",0,0,0,0,0,0,1,0,0,0,0,0,0,0,0,0,0,1,0,0,0,0,0,0,0,0,0,0
2016.0,,1,4.99,0,United Independent Entertainment GmbH,"United Independent Entertainment GmbH,United Independent Entertainment GmbH",0,0,1,0,0,1,0,0,0,0,0,0,0,0,0,0,0,0,1,1,0,0,0,0,0,0,0,0
2016.0,,1,4.99,0,11 bit studios,"11 bit studios,11 bit studios",0,1,0,1,0,1,0,0,0,0,0,0,0,0,1,1,0,0,0,1,0,0,0,0,0,0,1,0
2015.0,88.0,0,9.99,0,Corrosive Studios LLC,"Corrosive Studios LLC,Corrosive Studios LLC",1,1,0,1,1,1,1,0,0,0,0,0,0,1,1,1,1,1,0,1,0,0,0,0,0,0,0,0
2018.0,4.0,0,,0,阿正不经,"0Cube,0Cube",0,1,1,1,1,1,1,0,0,1,0,0,0,0,1,1,1,1,1,1,0,0,0,0,0,0,1,0
2015.0,,1,19.99,0,Dovetail Games,"Dovetail Games - Trains,Dovetail Games - Trains",0,0,0,0,0,1,0,0,0,0,0,0,0,0,0,0,0,0,0,1,0,0,0,0,0,0,0,0
2018.0,48.0,0,9.99,0,Mega Cat Studios,"Mega Cat Studios,Zerouno Games,Mega Cat Studios,Zerouno Games",1,0,0,1,0,0,0,0,0,0,0,0,0,1,1,1,1,0,1,0,0,0,1,0,0,0,0,1
2018.0,,1,,0,Bit Nurse,"Bit Nurse,Bit Nurse",1,1,0,1,0,0,0,0,0,0,0,1,0,1,1,1,0,0,0,0,0,0,0,0,0,0,0,0
2016.0,11.0,0,0.99,0,AbsQual Studio,"AbsQual Studio,AbsQual Studio",0,0,0,1,0,0,0,0,0,0,0,0,0,0,1,0,0,0,0,0,0,0,0,0,0,0,0,0
2018.0,,1,29.99,0,Starni Games,"Starni Games,Starni Games",0,0,0,1,0,0,1,0,0,0,0,0,0,0,1,0,0,1,0,0,0,0,0,0,0,1,1,0
2016.0,31.0,0,12.99,0,Fabrik Games Ltd,"Fabrik Games Ltd,Fabrik Games Ltd",1,0,0,1,0,0,0,0,0,0,0,0,0,1,1,0,0,0,0,0,0,0,0,0,0,0,0,0
2013.0,32.0,0,6.99,0,Alawar Entertainment,"Buka Entertainment,Buka Entertainment",0,1,1,1,0,0,0,0,0,0,0,0,0,0,1,1,0,0,1,0,0,0,0,0,0,0,1,0
2017.0,14.0,0,15.99,0,"Pentadimensional Games, SL","Pentadimensional Games, SL,Pentadimensional Games, SL",1,0,0,1,0,0,0,0,0,0,0,0,0,1,1,0,0,0,0,0,0,0,0,0,0,1,1,0
2017.0,,1,9.99,0,Dalian Magical Storm Network Technology Co. Ltd.,"Dalian Magical Storm Network Technology Co. Ltd.,Dalian Magical Storm Network Technology Co. Ltd.",0,0,1,0,0,1,0,1,0,0,0,0,0,0,0,0,0,0,1,1,1,0,0,0,0,0,0,0
2017.0,119.0,0,9.99,0,Ludomotion,"Ludomotion,Ludomotion",1,1,0,1,1,0,0,0,0,0,0,0,0,1,1,1,1,0,0,0,0,0,0,0,0,0,1,0
2018.0,15.0,0,14.99,0,Onion Soup Interactive,"PQube Limited,PQube Limited",0,0,0,1,0,0,0,1,1,0,0,0,0,0,1,0,0,0,0,0,1,1,0,0,0,0,0,0
2019.0,,1,2.99,0,1337 Game Design,"1337 Game Design,1337 Game Design",0,0,0,0,0,0,0,0,0,0,0,0,0,0,0,0,0,0,0,0,0,0,0,0,0,0,0,0
2018.0,,1,0.0,1,e.com,"e.com,e.com",0,0,0,0,0,0,0,0,0,0,0,0,1,0,1,0,1,0,0,1,0,0,1,0,0,0,0,0
2017.0,46.0,0,,0,Just Fishing LLC,"Just Fishing LLC,Just Fishing LLC",1,1,1,0,0,1,0,1,0,1,1,0,0,1,0,1,1,0,1,1,1,0,1,0,0,1,1,1
2017.0,10.0,0,9.99,0,RNC,"RNC,RNC",1,0,0,0,0,0,0,0,0,0,0,0,0,1,0,0,0,0,0,0,0,0,0,0,0,0,0,0
2015.0,,1,7.99,0,MadOut Games,"MadOut Games,MadOut Games",1,0,0,1,0,1,0,1,1,0,0,0,0,1,1,0,0,0,0,1,1,1,1,0,0,0,0,0
2012.0,25.0,0,19.99,0,5th Cell Media,"Warner Bros. Interactive Entertainment,Warner Bros. Interactive Entertainment",0,1,1,0,0,0,1,0,0,0,0,0,0,1,1,1,0,1,1,0,0,0,1,0,0,1,1,1
2019.0,,1,9.99,0,Stardock Entertainment,"Stardock Entertainment,Stardock Entertainment",0,0,0,1,0,0,1,0,0,0,0,1,0,1,1,0,0,1,0,0,0,0,0,0,0,1,0,0
2015.0,109.0,0,39.99,0,Rogue Factor,"Focus Home Interactive,Focus Home Interactive",0,0,0,0,1,0,1,0,0,0,0,0,0,0,1,0,1,1,0,0,0,0,1,0,0,1,1,1
2018.0,,1,,0,"Deck Nine,Feral Interactive (Mac),Feral Interactive (Linux)","Square Enix,Feral Interactive (Mac),Feral Interactive (Linux),Square Enix,Feral Interactive (Mac),Feral Interactive (Linux)",1,1,0,0,0,0,0,0,0,0,0,0,0,1,0,1,0,0,0,0,0,0,0,0,0,0,1,0
2014.0,,1,,0,Eugen Systems,"Focus Home Interactive,Focus Home Interactive",0,0,0,0,0,0,1,0,0,0,0,0,0,0,0,0,0,1,0,0,0,0,0,0,0,0,0,0
2017.0,51.0,0,49.99,0,"KOEI TECMO GAMES CO., LTD.","KOEI TECMO GAMES CO., LTD.,KOEI TECMO GAMES CO., LTD.",1,0,0,0,0,0,0,0,0,0,0,0,0,1,0,0,0,0,0,0,0,0,0,0,0,0,0,0
2013.0,,1,2.99,0,Deep Silver Volition,"Deep Silver,Deep Silver",1,1,0,0,0,0,0,0,0,0,0,0,0,1,0,1,0,0,0,0,0,0,0,0,0,0,0,0
2019.0,,1,8.99,0,"CREATIVE ASSEMBLY,Feral Interactive (Mac),Feral Interactive (Linux)","SEGA,Feral Interactive (Mac),Feral Interactive (Linux),SEGA,Feral Interactive (Mac),Feral Interactive (Linux)",1,0,0,0,0,0,1,0,0,0,0,0,0,1,0,0,0,1,0,0,0,0,0,0,0,0,1,0
2018.0,62.0,0,19.99,0,Lazy Bear Games,"tinyBuild,tinyBuild",0,1,0,1,1,1,0,0,0,0,0,0,0,0,1,1,1,0,0,1,0,0,0,0,0,1,1,1
2018.0,,1,4.99,0,10tons Ltd,,1,0,0,1,1,0,0,0,0,0,0,0,0,1,1,0,1,0,0,0,0,0,0,0,0,0,0,0
2017.0,,1,5.99,0,Mobsoftware,"Mobsoftware,Mobsoftware",1,0,1,1,0,0,0,0,0,0,0,0,0,1,1,0,0,0,1,0,0,0,0,0,0,0,0,0
2018.0,51.0,0,24.99,0,Jan Zelený,"Jan Zelený,Jan Zelený",0,0,0,1,0,1,1,0,0,0,0,1,0,0,1,0,0,1,0,1,0,0,1,0,0,0,1,0
2018.0,,1,5.99,0,疯王子,"疯王子中二集团总部,疯王子中二集团总部",0,0,1,1,0,1,0,0,0,0,0,1,0,0,1,0,0,0,1,1,0,0,0,0,0,0,0,0
2017.0,,1,9.99,0,Team Nekojishi,"Orange Juice Dog,Orange Juice Dog",0,0,0,0,0,0,0,0,0,1,0,0,0,0,0,0,0,0,0,0,0,0,0,0,0,0,0,0
2017.0,,1,9.99,0,Struct9,"Struct9,Struct9",1,1,0,1,0,1,0,0,0,0,0,0,0,1,1,1,0,0,0,1,0,0,0,0,0,0,0,0
2013.0,,1,4.99,0,Ronimo Games,"Ronimo Games,Ronimo Games",1,0,0,1,0,0,1,0,0,0,0,0,0,1,1,0,0,1,0,0,0,0,0,0,0,0,0,0
2017.0,32.0,0,3.99,0,EfimovMax,"EfimovMax,EfimovMax",0,1,0,1,1,0,0,0,0,0,0,0,0,0,1,1,1,0,0,0,0,0,0,0,0,0,0,0
2016.0,21.0,0,9.99,0,Frontwing,"Frontwing USA,Frontwing USA",0,1,1,0,0,0,0,0,0,0,0,0,0,0,0,1,0,0,1,0,0,0,0,0,0,1,0,0
2017.0,17.0,0,3.99,0,Wonderbox Games,"Wonderbox Games,Wonderbox Games",0,0,1,0,0,0,0,0,0,0,0,0,0,0,1,0,0,0,1,0,0,0,0,0,0,1,0,0
2010.0,,1,2.99,0,"Firaxis Games,Aspyr (Mac),Aspyr (Linux)","2K,Aspyr (Mac),Aspyr (Linux),2K,Aspyr (Mac),Aspyr (Linux)",0,0,0,0,0,0,1,0,0,0,0,0,0,0,0,0,0,1,0,0,0,0,0,0,0,0,0,0
2013.0,,1,2.99,0,Zen Studios,,1,0,0,1,0,0,1,0,0,0,0,0,0,1,1,0,0,1,0,0,0,0,0,0,0,0,0,0
2019.0,22.0,0,19.99,0,Vostok Games,"Focus Home Interactive,Focus Home Interactive",1,1,0,0,0,0,0,0,0,0,1,0,0,1,0,1,0,0,0,0,0,0,1,1,1,1,1,1
2018.0,5000.0,0,,0,Ripknot Systems,"Ripknot Systems,Ripknot Systems",1,0,1,0,0,1,0,0,0,0,0,0,0,1,1,0,0,1,1,1,1,0,0,0,0,1,0,0
2016.0,,1,1.99,0,Knuist & Perzik,"SOEDESCO Publishing,SOEDESCO Publishing",1,1,0,1,1,0,0,0,0,0,0,0,0,1,1,1,1,0,0,0,0,0,0,0,0,0,0,0
2016.0,42.0,0,14.99,0,Positech Games,"Positech Games,Positech Games",0,0,0,1,0,1,1,0,0,0,0,0,0,0,1,0,0,1,0,1,0,0,0,0,0,0,0,0
2017.0,,1,0.99,0,Narko Games,"Narko Games,Narko Games",1,1,0,1,0,0,0,0,0,0,0,0,0,1,1,1,0,0,0,0,0,0,0,0,0,0,0,0
2015.0,,1,,0,"IDEA FACTORY Co., Ltd.,COMPILE HEART Co., Ltd.,FELISTELLA Co., Ltd.","Idea Factory International, Inc.,IDEA FACTORY Co., Ltd.,Idea Factory International, Inc.,IDEA FACTORY Co., Ltd.",0,0,0,0,1,0,1,0,0,0,0,0,0,0,0,0,1,1,0,0,0,0,0,0,0,0,0,0
2018.0,,1,9.99,0,Solare Games,"Solare Games,Solare Games",0,1,0,1,1,1,0,0,0,0,0,0,0,0,1,1,1,0,0,1,0,0,0,0,0,0,0,0
2017.0,,1,0.0,1,Ben Otter,"Otter-Co,Otter-Co",0,0,0,0,0,0,0,0,0,0,0,0,1,0,0,0,0,0,0,0,0,0,0,0,0,0,0,0
2017.0,,1,39.99,0,Dovetail Games,"Dovetail Games - Trains,Dovetail Games - Trains",0,0,0,0,0,1,0,0,0,0,0,0,0,0,0,0,0,0,0,1,0,0,0,0,0,0,0,0
2016.0,24.0,0,0.99,0,Elliott Marc Jones,"Elliott Marc Jones,Elliott Marc Jones",1,0,1,1,0,0,1,0,0,0,0,0,0,1,1,0,0,1,1,0,0,0,0,0,0,0,0,0
2018.0,20.0,0,19.99,0,302 Interactive,"2:30 AM Studios,2:30 AM Studios",0,0,1,1,1,1,1,0,0,0,0,0,0,0,1,0,1,1,1,1,0,0,0,0,0,0,0,0
2018.0,16.0,0,0.0,1,NHTV Breda University of Applied Sciences,"NHTV Breda University of Applied Sciences,NHTV Breda University of Applied Sciences",1,1,0,1,0,0,0,0,0,1,0,0,0,1,1,1,0,0,0,0,0,0,1,0,0,1,0,1
2008.0,,1,4.99,0,Gogii Games,"Strategy First,Strategy First",0,1,0,0,0,0,0,0,0,0,0,0,0,0,0,1,0,0,0,0,0,0,0,0,0,0,0,0
2014.0,,1,2.99,0,"Monolith Productions, Inc.,Feral Interactive (Mac),Feral Interactive (Linux)","Warner Bros. Interactive Entertainment,Feral Interactive (Mac),Feral Interactive (Linux),Warner Bros. Interactive Entertainment,Feral Interactive (Mac),Feral Interactive (Linux)",1,1,0,0,0,0,0,0,0,0,0,0,0,1,0,1,0,0,0,0,0,0,0,0,0,0,0,0
2016.0,55.0,0,24.99,0,Stoic,"Versus Evil,Versus Evil",0,0,0,1,1,0,1,0,0,0,0,0,0,0,1,1,1,1,0,0,0,0,0,0,0,1,1,1
2017.0,12.0,0,3.99,0,Happy Hobgoblin,"Happy Hobgoblin,Happy Hobgoblin",0,0,0,0,0,0,1,0,0,0,0,0,0,0,0,0,0,1,0,0,0,0,0,0,0,1,0,0
2019.0,10.0,0,10.99,0,Nupixo Games,"Nupixo Games,WhisperGames,Nupixo Games,WhisperGames",0,1,0,1,0,0,0,0,0,0,0,0,0,0,1,1,0,0,0,0,0,0,0,0,0,1,0,0
2013.0,,1,4.99,0,Rockstar Studios,"Rockstar Games,Rockstar Games",1,0,0,0,0,0,0,0,0,0,0,0,0,1,0,0,0,0,0,0,0,0,0,0,0,0,0,0
2016.0,,1,19.99,0,Skyhook Games,"Dovetail Games - Trains,Dovetail Games - Trains",0,0,0,0,0,1,0,0,0,0,0,0,0,0,0,0,0,0,0,1,0,0,0,0,0,0,0,0
2018.0,14.0,0,19.99,0,Question,"Question,Question",1,0,0,1,0,1,0,0,0,0,0,1,0,1,1,0,0,0,0,1,0,0,1,0,0,0,1,0
2018.0,50.0,0,39.99,0,"IDEA FACTORY,COMPILE HEART,TAMSOFT","Idea Factory International,Idea Factory International",0,0,0,0,1,0,0,0,0,0,0,0,0,1,0,1,1,0,0,0,0,0,1,0,0,1,1,1
2015.0,120.0,0,1.99,0,Adventurous Productions,,1,0,0,1,1,0,0,0,0,0,0,0,0,1,1,0,1,0,0,0,0,0,0,0,0,0,0,0
2016.0,,1,14.99,0,Shadow Tor Studios,"Iceberg Interactive,Iceberg Interactive",0,1,0,1,0,0,0,0,0,0,0,0,0,0,1,1,0,0,0,0,0,0,0,0,0,0,0,0
2018.0,,1,39.99,0,"KOEI TECMO GAMES CO., LTD.","KOEI TECMO GAMES CO., LTD.,KOEI TECMO GAMES CO., LTD.",0,0,0,0,0,0,1,0,0,0,0,0,0,0,0,0,0,1,0,1,0,0,0,0,0,0,1,0
2013.0,,1,0.99,0,b-alive gmbh,"b-alive gmbh,b-alive gmbh",0,0,1,1,0,1,1,0,0,0,0,0,0,0,1,1,0,1,1,1,0,0,0,0,0,0,0,0
2009.0,10.0,0,4.99,0,Boss Baddie,"Boss Baddie,Boss Baddie",0,0,1,1,0,0,0,0,0,0,0,0,0,0,1,0,0,0,1,0,0,0,0,0,0,0,0,0
2018.0,48.0,0,,0,Storming Tech,"Storming Tech,Storming Tech",0,1,1,1,0,0,0,0,0,0,0,0,0,0,1,1,0,0,1,1,0,0,0,0,0,1,0,0
2015.0,39.0,0,4.99,0,Bob,"Ginormocorp Holdings Ltd,Ginormocorp Holdings Ltd",1,1,0,1,1,1,1,0,0,0,0,0,0,1,1,1,1,1,0,1,0,0,1,0,0,1,1,1
2016.0,17.0,0,14.99,0,GrisGris,"XSEED Games,Marvelous USA, Inc.,XSEED Games,Marvelous USA, Inc.",0,1,0,1,1,0,0,0,0,0,0,0,0,0,1,1,1,0,0,0,0,0,0,0,0,1,1,1
2016.0,141.0,0,0.99,0,Triple-Star Studio,"Rock Path Collective,Rock Path Collective",0,0,1,1,0,0,0,0,0,0,0,0,0,0,1,0,0,0,1,0,0,0,0,0,0,1,0,0
2017.0,,1,6.99,0,"Asmodee Digital,Playsoft","Asmodee Digital,Asmodee Digital",0,0,0,0,0,0,1,0,0,0,0,0,0,0,0,0,0,1,0,0,0,0,1,0,0,0,0,0
2016.0,29.0,0,2.99,0,VaragtP,"VaragtP,VaragtP",0,0,1,1,0,1,0,0,0,0,0,0,0,0,1,1,1,0,1,1,0,0,1,0,0,1,1,1
2017.0,,1,11.99,0,Haemimont Games,"EuroVideo Medien,EuroVideo Medien",1,1,0,1,1,0,0,0,0,0,0,0,0,1,1,1,1,0,0,0,0,0,0,0,0,0,0,0
2017.0,,1,24.99,0,FS2Crew,"Dovetail Games,Dovetail Games",0,0,0,0,0,1,0,0,0,0,0,0,0,0,0,0,0,0,0,1,0,0,0,0,0,0,0,0
2017.0,22.0,0,0.0,1,Upturn Games,"Upturn Games,Upturn Games",0,0,1,0,0,0,0,0,0,1,0,0,0,0,0,0,0,0,1,0,0,0,0,0,0,0,0,0
2015.0,,1,1.99,0,Erwin Wolf,"MarWin Studios,MarWin Studios",0,1,1,1,0,0,0,0,0,0,0,0,0,0,1,1,0,0,1,0,0,0,0,0,0,0,0,0
2015.0,41.0,0,3.99,0,"no CVT,BlackMuffin","Mi-Clos Studio,Mi-Clos Studio",0,1,0,1,0,0,0,0,0,0,0,0,0,0,1,1,0,0,0,0,0,0,0,0,0,1,0,0
2018.0,,1,15.99,0,VD-dev,"VD-dev,VD-dev",0,0,0,0,0,0,0,0,1,0,0,0,0,0,0,0,0,0,0,0,0,1,0,0,0,0,0,0
2016.0,16.0,0,0.99,0,Luke Cripps,"OtakuMaker.com,OtakuMaker.com",1,1,0,1,0,0,0,0,0,0,0,0,0,1,1,1,0,0,0,0,0,0,0,0,1,1,0,0
2015.0,,1,1.99,0,Don Whitaker,"Brain Blinks,Brain Blinks",0,0,0,0,0,1,0,0,0,0,0,0,0,0,0,0,0,0,0,1,0,0,0,0,0,0,0,0
2013.0,,1,0.99,0,Capcom,"Capcom,Capcom",1,1,0,0,0,0,0,0,0,0,0,0,0,1,0,1,0,0,0,0,0,0,0,0,0,0,0,0
2015.0,13.0,0,,0,Specialbit Studio,"Specialbit Studio,Specialbit Studio",0,1,1,1,0,0,0,0,0,0,0,0,0,0,1,1,0,0,1,0,0,0,0,0,0,0,0,0
2016.0,23.0,0,,0,Choice of Games,"Choice of Games,Choice of Games",0,1,0,1,1,0,0,0,0,0,0,0,0,0,1,1,1,0,0,0,0,0,0,0,0,0,0,0
2015.0,4.0,0,4.99,0,Black Shell Games,"Black Shell Media,Black Shell Media",1,1,1,1,1,0,1,0,0,0,0,0,0,1,1,1,1,1,1,0,0,0,0,0,1,1,1,1
2018.0,,1,0.0,1,"Telophase Studios, LLC","Telophase Studios, LLC,Telophase Studios, LLC",1,0,1,1,0,0,0,0,0,1,0,0,0,1,1,0,0,0,1,0,0,0,0,0,0,0,0,0
2017.0,,1,4.99,0,Lobaki,"Lobaki,Lobaki",0,0,0,0,0,0,0,0,0,0,0,0,1,0,0,0,0,0,0,0,0,0,0,0,0,0,0,0
2018.0,40.0,0,11.99,0,ASA Studio,"ASA Studio,ASA Studio",1,0,1,1,0,0,0,0,0,0,0,0,0,1,1,0,0,0,1,0,0,0,1,0,0,1,0,1
2015.0,38.0,0,39.99,0,"FromSoftware, Inc","BANDAI NAMCO Entertainment,FromSoftware, Inc,BANDAI NAMCO Entertainment,FromSoftware, Inc",1,0,0,0,1,0,0,0,0,0,0,0,0,1,0,1,1,0,0,0,0,0,1,0,0,1,1,1
2009.0,40.0,0,1.99,0,Yullaby,"Yullaby,Yullaby",0,0,1,1,0,0,0,0,0,0,0,0,0,0,1,0,0,0,1,0,0,0,0,0,0,0,0,0
2018.0,14.0,0,0.0,1,games by lum,"games by lum,games by lum",0,1,0,0,0,0,0,0,0,0,0,0,0,0,0,1,0,0,0,0,0,0,0,0,0,0,0,0
2017.0,,1,3.99,0,Blue Entropy Studios,"Blue Entropy Studios,Blue Entropy Studios",1,1,0,1,0,0,1,0,0,0,0,0,0,1,1,1,0,1,0,0,0,0,0,0,0,0,0,0
2018.0,100.0,0,9.99,0,Blendo Games,"Blendo Games,Blendo Games",0,0,0,1,0,0,1,0,0,0,0,0,0,0,1,0,0,1,0,0,0,0,0,0,0,1,0,0
2017.0,7.0,0,0.99,0,Happyrock Studios,"New Reality Games,New Reality Games",1,0,0,1,0,0,0,0,0,0,0,0,0,1,1,0,0,0,0,0,0,0,0,0,0,0,0,0
2017.0,13.0,0,9.99,0,World-Loom,"Artifex Mundi,Artifex Mundi",0,1,1,0,0,0,0,0,0,0,0,0,0,0,1,1,0,0,1,0,0,0,0,0,0,1,0,0
2016.0,,1,0.0,1,Simon Fredholm,"Simon Fredholm,Simon Fredholm",0,1,0,1,0,0,0,0,0,1,0,0,0,0,1,1,0,0,0,0,0,0,1,0,0,0,1,0
2015.0,11.0,0,4.99,0,Estelion,"EQ Games,EQ Games",0,1,0,1,0,0,1,0,0,0,0,0,0,0,1,1,0,1,1,1,0,0,0,0,0,1,1,1
2017.0,48.0,0,39.99,0,"Sonic Team,Hardlight","SEGA,SEGA",1,1,0,0,0,0,0,0,0,0,0,0,0,1,0,1,0,0,0,0,0,0,0,0,0,1,1,1
2007.0,9.0,0,9.99,0,MoaCube,"MoaCube,MoaCube",0,0,0,1,1,0,1,0,0,0,0,0,0,0,1,0,1,1,0,0,0,0,0,0,0,1,0,1
2018.0,,1,4.99,0,DVloper,"DVloper,DVloper",0,1,0,1,0,0,0,0,0,0,0,0,0,1,1,1,0,0,0,0,0,0,0,0,0,1,0,0
2018.0,41.0,0,39.99,0,QLOC,"FromSoftware, Inc,BANDAI NAMCO Entertainment,FromSoftware, Inc,BANDAI NAMCO Entertainment",1,0,0,0,0,0,0,0,0,0,0,0,0,1,0,1,1,0,0,0,0,0,1,0,0,1,1,1
2018.0,4.0,0,2.99,0,Pudding,"Cheesecake,Cheesecake",0,0,0,1,0,0,0,0,0,0,0,0,0,0,1,0,0,0,0,0,0,0,0,0,0,0,0,0
2018.0,,1,0.99,0,Crankage Games,"Crankage Games,Crankage Games",0,1,0,1,0,0,0,0,0,0,0,0,0,0,1,1,1,0,0,0,0,0,0,0,0,0,0,0
2015.0,,1,3.99,0,"Fancy Bytes, Reactor","United Independent Entertainment GmbH,United Independent Entertainment GmbH",0,0,1,0,0,1,0,1,0,0,0,0,0,0,0,0,0,0,1,1,1,0,0,0,0,0,0,0
2015.0,2.0,0,,0,InvertMouse,"InvertMouse,InvertMouse",0,0,0,0,0,0,0,0,0,0,0,0,0,0,1,0,0,0,0,0,0,0,0,0,0,0,0,0
2014.0,,1,3.99,0,Rebellion,"Rebellion,Rebellion",1,1,0,0,0,0,0,0,0,0,0,0,0,1,0,1,0,0,0,0,0,0,0,0,0,0,0,0
2017.0,36.0,0,14.99,0,Pixel Titans,"Devolver Digital,Devolver Digital",1,0,0,1,0,0,0,0,0,0,0,0,0,1,1,0,0,0,0,0,0,0,0,1,1,1,1,1
2018.0,11.0,0,1.99,0,Tuk Tuk,"Tuk Tuk,Tuk Tuk",0,0,0,1,0,0,0,0,0,0,0,0,0,0,1,0,0,0,0,0,0,0,0,0,0,0,0,0
2018.0,29.0,0,29.99,0,DEVCUBE STUDIO,"DEVCUBE STUDIO,DEVCUBE STUDIO",1,0,0,0,0,0,0,0,0,0,0,1,0,1,0,0,0,0,0,0,0,0,1,1,1,1,0,1
2016.0,4.0,0,,0,Maxime Vézina,"Maxime Vézina,Maxime Vézina",0,0,0,1,0,0,0,0,0,1,0,0,0,1,1,1,0,1,0,0,0,0,0,1,1,1,1,1
2016.0,12.0,0,4.99,0,Joona Vartiainen,"Joona Vartiainen,Joona Vartiainen",0,0,0,1,0,1,1,0,0,0,0,0,0,0,1,0,0,1,0,1,0,0,0,0,0,0,0,0
2016.0,,1,9.99,0,Big Fish Games,"Big Fish Games,Big Fish Games",0,1,1,0,0,0,0,0,0,0,0,0,0,0,0,1,0,0,1,0,0,0,0,0,0,0,0,0
2017.0,1011.0,0,110.61,0,Racing Bros,"ANPA.US,ANPA.US",1,0,0,1,0,0,0,0,0,0,0,0,0,1,1,0,0,0,0,0,0,0,0,0,0,0,0,0
2013.0,68.0,0,,0,IO Entertainment,"Smilegate West,Smilegate West",1,0,1,0,0,0,0,0,0,1,0,0,0,1,0,0,1,0,1,0,0,0,1,0,0,0,1,1
2015.0,,1,0.99,0,FiolaSoft Studio,"1C Entertainment,1C Entertainment",1,1,0,1,0,0,0,0,0,0,0,0,0,1,1,1,0,0,0,0,0,0,0,0,0,0,0,0
2017.0,12.0,0,0.99,0,,,0,1,1,1,0,0,1,0,0,0,0,0,0,0,1,1,0,1,1,0,0,0,0,0,0,0,0,0
2017.0,57.0,0,19.99,0,Monomi Park,"Monomi Park,Monomi Park",1,1,0,1,0,1,0,0,0,0,0,0,0,1,1,1,0,0,1,1,0,0,0,1,0,1,1,1
2017.0,5000.0,0,0.99,0,Virtual Rage Studios LLC,"Virtual Rage Studios LLC,Virtual Rage Studios LLC",1,1,1,1,1,0,0,0,0,0,0,0,0,1,1,1,1,0,1,0,0,0,0,0,0,0,0,0
2008.0,12.0,0,9.99,0,Introversion Software,"Introversion Software,Introversion Software",0,0,0,1,0,0,0,0,0,0,0,0,0,0,1,0,0,1,0,0,0,0,1,0,0,1,1,1
2015.0,33.0,0,17.99,0,Reality Twist GmbH,"astragon Sales & Services GmbH,astragon Sales & Services GmbH",0,1,0,0,0,1,0,0,0,0,0,0,0,0,0,1,0,0,0,1,0,0,0,0,0,1,0,1
2017.0,16.0,0,4.99,0,"Tlön Studios,Ilex Games","Gamestorming,Gamestorming",1,1,0,1,0,0,0,0,0,0,0,0,0,1,1,1,0,0,0,0,0,0,0,0,0,0,1,0
2017.0,,1,,0,"Mindshow, Inc.","Mindshow, Inc.,Mindshow, Inc.",0,0,1,0,0,1,0,0,0,1,0,1,0,0,0,0,0,0,1,1,0,0,0,0,0,0,1,0
2014.0,6.0,0,0.0,1,ForepawSoft,"ForepawSoft,ForepawSoft",0,1,0,1,1,0,0,0,0,1,0,0,0,0,1,1,1,0,0,0,0,0,0,0,0,0,0,0
2015.0,,1,0.99,0,Straywire,"Dharker Studio,Dharker Studio",0,1,0,1,1,0,0,0,0,0,0,0,0,0,1,1,1,0,0,0,0,0,0,0,0,0,0,0
2017.0,,1,4.99,0,Barry McCabe,"Clockwork Wolf,Clockwork Wolf",0,0,0,1,0,0,1,0,0,0,0,0,0,0,1,0,0,1,0,0,0,0,0,0,0,0,0,0
2007.0,,1,9.99,0,Pendulo Studios,"Focus Home Interactive,Focus Home Interactive",0,1,0,0,0,0,0,0,0,0,0,0,0,0,0,1,0,0,0,0,0,0,0,0,0,1,0,1
2011.0,1.0,0,9.99,0,Freebird Games,"Freebird Games,Freebird Games",0,1,0,1,1,0,0,0,0,0,0,0,0,0,1,1,1,0,1,0,0,0,0,0,0,1,1,1
2014.0,,1,3.99,0,Rebellion,"Rebellion,Rebellion",1,1,0,0,0,0,0,0,0,0,0,0,0,1,0,1,0,0,0,0,0,0,0,0,0,0,0,0
2015.0,,1,0.0,1,Crimson Lodge,"Crimson Lodge,Crimson Lodge",0,0,0,1,1,0,0,0,0,0,0,0,0,0,1,0,1,0,0,0,0,0,0,0,0,0,0,0
2015.0,,1,2.99,0,RuneStorm,"RuneStorm,RuneStorm",0,0,0,1,0,1,0,0,0,0,0,0,0,0,1,0,0,0,0,1,0,0,0,0,0,0,0,0
2019.0,55.0,0,19.99,0,"CAPCOM CO., LTD","CAPCOM CO., LTD,CAPCOM CO., LTD",1,0,0,0,0,0,0,0,0,0,0,0,0,1,0,0,0,0,0,0,0,0,0,0,0,1,1,0
2015.0,21.0,0,9.99,0,Black Forest Games,"EuroVideo Medien,EuroVideo Medien",1,0,0,1,0,0,0,0,1,0,0,0,0,1,1,0,0,0,0,0,0,1,1,0,0,1,0,1
2014.0,,1,19.99,0,Turnopia,"Slitherine Ltd.,Slitherine Ltd.",0,0,0,0,0,1,1,1,1,0,0,0,0,0,0,0,1,1,0,1,1,1,0,0,0,1,0,0
2006.0,,1,19.99,0,Telltale Games,"Telltale Games,Telltale Games",1,1,0,0,0,0,0,0,0,0,0,0,0,1,0,1,0,0,0,0,0,0,0,0,0,1,0,1
2017.0,42.0,0,9.99,0,Mandragora,"Mandragora,Mandragora",1,1,0,1,0,0,0,0,0,0,0,0,0,1,1,1,0,0,1,0,0,0,0,0,0,0,0,0
2016.0,16.0,0,4.99,0,Forever Entertainment S. A.,"Forever Entertainment S. A.,Forever Entertainment S. A.",1,0,1,1,0,0,0,0,0,0,0,0,0,1,1,0,0,0,1,0,0,0,0,0,0,0,0,0
2014.0,,1,19.99,0,Alternative Software Ltd,"Alternative Software Ltd,Alternative Software Ltd",1,0,1,0,0,1,1,1,0,0,0,0,0,1,0,0,0,1,1,1,1,0,0,0,0,1,0,0
2018.0,20.0,0,,0,あみそ組,"Pujia8 Studio,Gamera Game,Pujia8 Studio,Gamera Game",0,1,0,1,1,0,0,0,0,1,0,0,0,0,1,1,1,0,0,0,0,0,0,0,0,1,1,1
2016.0,43.0,0,19.99,0,Cardboard Keep,"Cardboard Keep,Cardboard Keep",1,1,0,1,1,0,0,0,0,0,0,0,0,1,1,1,1,0,0,0,0,0,0,0,0,0,0,0
2016.0,70.0,0,7.99,0,TOMAGameStudio,"TOMAGameStudio,TOMAGameStudio",1,0,0,1,0,0,0,0,0,0,0,0,0,1,1,0,0,0,0,0,0,0,0,0,0,0,0,0
2017.0,,1,30.84,0,"Tero Lunkka,Valkeala Software","Tero Lunkka,Tero Lunkka",0,0,1,1,0,0,0,0,1,0,0,0,0,0,1,0,0,0,1,0,0,1,0,0,0,0,0,0
2018.0,22.0,0,1.99,0,2nd Studio,"2nd Studio,2nd Studio",1,0,0,1,0,1,0,0,0,0,0,0,0,1,1,0,0,0,0,1,0,0,0,0,0,0,0,0
2018.0,,1,9.99,0,KvK Games,"KvK Games,KvK Games",1,0,0,1,0,1,0,0,0,0,0,0,0,1,1,0,0,0,0,1,0,0,0,1,1,1,1,0
2016.0,,1,0.0,1,"CAPCOM Co., Ltd.","CAPCOM Co., Ltd.,CAPCOM Co., Ltd.",1,1,0,0,0,0,0,0,0,0,0,0,0,1,0,1,0,0,0,0,0,0,1,1,1,1,1,1
2011.0,2.0,0,0.99,0,SoftCoder,"Mega Glest Team,Mega Glest Team",0,0,0,1,0,0,1,0,0,0,0,0,0,0,1,0,0,1,0,0,0,0,1,0,0,1,0,1
2015.0,50.0,0,9.99,0,Triangle Studios,"Triangle Studios,Triangle Studios",1,1,1,1,0,0,0,0,0,0,0,0,0,1,1,1,0,0,1,0,0,0,1,0,1,1,0,1
2015.0,20.0,0,24.99,0,Fragment Production Ltd.,"astragon Sales & Services GmbH,astragon Sales & Services GmbH",0,0,0,0,0,1,1,0,0,0,0,0,0,0,0,0,0,1,0,1,0,0,0,0,0,1,0,1
2015.0,23.0,0,4.99,0,INSIDE SYSTEM,"INSIDE SYSTEM,INSIDE SYSTEM",1,1,1,1,0,0,0,0,0,0,0,0,0,1,1,1,0,0,1,0,0,0,0,0,0,0,0,0
2015.0,,1,1.99,0,Rocksteady,,1,1,0,0,0,0,0,0,0,0,0,0,0,1,0,1,0,0,0,0,0,0,0,0,0,0,0,0
2019.0,,1,19.99,0,Graybeard Games,"Graybeard Games,Graybeard Games",1,0,0,1,1,0,0,0,0,0,0,0,0,1,1,0,1,0,0,0,0,0,0,0,0,1,1,0
2017.0,,1,,0,ATC Games,"ATC Games,ATC Games",0,0,1,0,0,0,0,0,0,1,0,0,0,0,0,0,0,0,1,0,0,0,0,0,0,0,0,0
2014.0,22.0,0,4.99,0,Mind Crew,"Mind Crew,Mind Crew",1,0,0,1,0,0,0,0,1,0,0,0,0,1,1,0,0,0,0,0,0,1,0,0,0,0,0,0
2015.0,,1,24.99,0,Tango Gameworks,"Bethesda Softworks,Bethesda Softworks",1,0,0,0,0,0,0,0,0,0,0,0,0,1,0,0,0,0,0,0,0,0,0,0,0,0,0,0
2013.0,,1,19.99,0,Dovetail Games,"Dovetail Games - Trains,Dovetail Games - Trains",0,0,0,0,0,1,0,0,0,0,0,0,0,0,0,0,0,0,0,1,0,0,0,0,0,0,0,0
2017.0,,1,1.99,0,Crabby Team,"Crabby Team,Crabby Team",1,0,1,1,0,0,1,0,0,0,0,0,0,1,1,0,0,1,1,0,0,0,0,0,0,0,0,0
2018.0,,1,59.99,0,"Ubisoft Montreal,Red Storm,Ubisoft Shanghai,Ubisoft Toronto,Ubisoft Kiev","Ubisoft,Ubisoft",1,1,0,0,0,0,0,0,0,0,0,0,0,1,0,1,0,0,0,0,0,0,1,1,1,1,1,1
2017.0,139.0,0,5.99,0,"Black Onyx Interactive,Marcelo Milo","Black Onyx Interactive,Black Onyx Interactive",1,1,0,1,0,0,0,0,0,0,0,0,0,1,1,1,0,0,0,0,0,0,0,0,0,0,0,0
2009.0,,1,4.99,0,Sigma Team Inc.,"Sigma Team Inc.,Sigma Team Inc.",1,0,0,1,1,0,0,0,0,0,0,0,0,1,1,0,1,0,0,0,0,0,1,0,1,1,1,1
2018.0,43.0,0,2.99,0,Mafu Games,"Mafu Games,Mafu Games",1,1,0,1,0,0,0,0,0,0,0,0,0,1,1,1,0,0,0,0,0,0,0,0,0,0,0,0
2015.0,33.0,0,29.99,0,Limbic Entertainment,"Ubisoft,Ubisoft",0,0,0,0,1,0,1,0,0,0,0,0,0,0,0,1,1,1,0,0,0,0,1,0,0,1,1,1
2016.0,15.0,0,,0,Superthumb,"Superthumb,Superthumb",1,0,0,1,0,0,0,0,0,0,0,0,0,1,1,0,0,0,0,0,0,0,0,0,0,0,0,0
2016.0,,1,3.99,0,Rooster Teeth Productions,,0,0,0,0,0,0,0,0,0,0,0,0,0,0,0,0,0,0,0,0,0,0,0,0,0,0,0,0
2014.0,,1,4.99,0,Pointscape,"KISS ltd,KISS ltd",1,0,0,1,0,0,1,0,0,0,0,0,0,1,1,0,0,1,0,0,0,0,0,0,0,0,0,0
2014.0,,1,,0,Mad Otter Games,"Mad Otter Games,Mad Otter Games",0,0,0,1,1,0,0,0,0,1,1,0,0,1,1,1,1,0,1,0,0,0,1,1,1,0,1,1
2018.0,,1,0.0,1,Breadmeat,"PsychoFlux Entertainment,PsychoFlux Entertainment",1,0,1,1,0,0,0,0,0,1,0,0,0,1,1,0,0,0,1,0,0,0,0,0,0,1,1,0
2017.0,5000.0,0,11.92,0,SC Jogos,"SC Jogos,SC Jogos",0,0,1,1,0,0,1,0,0,0,0,0,0,0,1,0,0,1,1,0,0,0,0,0,0,0,0,0
2016.0,30.0,0,14.99,0,"Nippon Ichi Software, Inc.","NIS America, Inc.,NIS America, Inc.",0,0,0,0,1,0,0,0,0,0,0,0,0,0,0,0,1,1,0,0,0,0,0,0,0,1,1,1
2015.0,3.0,0,2.99,0,Herrero Games,"Herrero Games,Herrero Games",0,0,1,1,0,0,0,0,0,0,0,0,0,0,1,0,0,0,1,0,0,0,0,0,0,0,0,0
2016.0,,1,,0,"DONTNOD Entertainment,Feral Interactive (Mac),Feral Interactive (Linux)","Square Enix,Feral Interactive (Mac),Feral Interactive (Linux),Square Enix,Feral Interactive (Mac),Feral Interactive (Linux)",1,1,0,0,0,0,0,0,0,0,0,0,0,1,0,1,0,0,0,0,0,0,0,0,0,0,0,0
2009.0,45.0,0,4.99,0,Rebellion,"Bethesda Softworks,Bethesda Softworks",1,0,0,0,0,0,0,0,0,0,0,0,0,1,0,0,0,0,0,0,0,0,0,1,0,0,1,1
2017.0,24.0,0,3.99,0,Midwest Video Games,"Midwest Video Games,Midwest Video Games",1,0,0,1,0,1,1,0,0,0,0,0,0,1,1,0,0,1,0,1,0,0,0,0,0,0,0,0
2016.0,,1,110.61,0,ANPA.US,"ANPA.US,ANPA.US",1,1,0,1,0,1,0,0,0,0,0,0,0,1,1,1,0,0,0,1,0,0,0,0,0,0,0,0
2018.0,24.0,0,14.99,0,Ink Kit,"Ink Kit,Ink Kit",0,0,0,1,0,0,0,0,0,0,0,0,0,0,1,0,0,0,1,0,0,0,1,0,0,1,0,1
2019.0,24.0,0,16.99,0,10tons Ltd,"10tons Ltd,10tons Ltd",1,1,0,1,1,0,0,0,0,0,0,0,0,1,1,1,1,0,0,0,0,0,0,0,0,1,0,0
2017.0,25.0,0,11.99,0,Antab Studio,"Kongregate,Kongregate",1,0,0,1,0,0,0,0,0,0,0,0,0,1,1,0,0,0,0,0,0,0,0,0,1,0,0,0
2015.0,,1,16.99,0,Jane Rachel Whittaker,"Dovetail Games - Flight,Dovetail Games - Flight",0,0,0,0,0,1,0,0,0,0,0,0,0,0,0,0,0,0,0,1,0,0,0,0,0,0,0,0
2019.0,,1,4.99,0,Frontier Developments,"Frontier Developments,Frontier Developments",0,0,0,0,0,1,1,0,0,0,0,0,0,0,0,0,0,1,0,1,0,0,0,0,0,0,0,0
2018.0,,1,19.99,0,Thomson Interactive,"Dovetail Games - Trains,Dovetail Games - Trains",0,0,0,0,0,1,0,0,0,0,0,0,0,0,0,0,0,0,0,1,0,0,0,0,0,0,0,0
2016.0,,1,34.99,0,The Game Creators,"The Game Creators,The Game Creators",1,0,0,0,0,0,0,0,0,0,0,0,0,1,0,0,0,0,0,0,0,0,0,1,0,0,0,0
2013.0,,1,9.99,0,Axis Game Factory LLC,"Axis Game Factory LLC,Axis Game Factory LLC",0,0,0,0,0,0,0,0,0,0,0,0,1,0,0,0,0,0,0,0,0,0,0,0,0,0,0,0
2017.0,30.0,0,12.99,0,Spooky Doorway,"Spooky Doorway,Maple Whispering Limited,Spooky Doorway,Maple Whispering Limited",0,1,1,1,0,0,0,0,0,0,0,0,0,0,1,1,0,0,1,0,0,0,0,0,0,1,1,0
2016.0,26.0,0,85.9,0,DL Softworks,"DL Softworks,DL Softworks",1,0,1,1,0,1,1,0,0,0,0,0,0,1,1,0,0,1,1,1,0,0,0,0,0,0,0,0
2017.0,24.0,0,,0,"AN Productions,Poxpower","Armor Games Studios,Armor Games Studios",0,0,1,0,1,0,0,0,0,1,0,0,0,1,1,1,1,1,1,0,0,0,1,0,0,1,1,1
2018.0,13.0,0,12.99,0,UnholY CreatioN,"UnholY CreatioN,UnholY CreatioN",1,0,0,1,0,0,0,0,0,0,0,0,0,1,1,0,0,0,0,0,0,0,0,0,0,0,0,0
2014.0,,1,14.99,0,"Irrational Games,Aspyr (Mac),Virtual Programming (Linux)","2K,Aspyr (Mac),2K,Aspyr (Mac)",1,0,0,0,0,0,0,0,0,0,0,0,0,1,0,1,0,0,0,0,0,0,0,1,1,1,1,1
2014.0,49.0,0,29.99,0,Codemasters,"Codemasters,Codemasters",0,0,0,0,0,0,0,1,1,0,0,0,0,0,0,0,0,0,0,1,1,1,1,0,0,1,1,1
2018.0,28.0,0,3.99,0,星愿游戏制作组,"天元工作室,天元工作室",0,0,1,1,1,1,0,0,0,0,0,0,0,0,1,0,1,0,1,1,0,0,0,0,0,0,0,0
2018.0,18.0,0,8.99,0,TeamNPC,"TeamNPC,TeamNPC",0,1,0,1,0,0,0,0,0,0,0,0,0,0,1,1,0,0,0,0,0,0,0,0,0,0,0,0
2018.0,28.0,0,9.99,0,Roman Glebenkov,"Roman Glebenkov,Roman Glebenkov",0,0,1,1,0,1,1,0,0,0,0,0,0,0,1,0,0,1,1,1,0,0,0,0,0,1,0,0
2011.0,,1,5.99,0,Disney Interactive,"Disney Interactive,Disney Interactive",0,1,0,0,0,0,0,0,0,0,0,0,0,0,0,1,0,0,1,0,0,0,0,0,0,0,0,0
2018.0,6.0,0,3.99,0,Pudding,"Cheesecake,Cheesecake",0,0,0,1,0,0,0,0,0,0,0,0,0,0,1,0,0,0,0,0,0,0,0,0,0,0,0,0
2013.0,59.0,0,19.99,0,"Eidos Montreal,Feral Interactive (Mac)","Square Enix,Feral Interactive (Mac),Square Enix,Feral Interactive (Mac)",1,0,0,0,1,0,0,0,0,0,0,0,0,1,0,1,1,0,0,0,0,0,0,1,1,1,1,1
2018.0,33.0,0,,0,Pocket Trap,"Modus Games,Modus Games",1,1,0,1,1,0,0,0,0,0,0,0,0,1,1,1,1,0,0,0,0,0,1,0,0,1,0,1
2008.0,19.0,0,9.99,0,Dylan Fitterer,,0,0,0,1,0,0,0,0,0,0,0,0,0,0,1,0,0,0,1,0,0,1,1,0,0,1,1,1
2017.0,,1,9.99,0,Fervr Labs,"Fervr Labs,Fervr Labs",0,0,0,0,0,0,0,0,0,0,0,0,1,0,0,0,0,0,0,0,0,0,0,0,0,0,0,0
2018.0,,1,4.99,0,"Korovkin Nikita,Filatov Igor,Lagunov Roman,Kristian Shatov","Korovkin Nikita,Korovkin Nikita",1,1,0,1,0,0,0,0,0,0,0,1,0,1,1,1,0,0,0,0,0,0,0,0,0,0,0,0
2018.0,,1,8.99,0,VRGEN,"VRGEN,VRGEN",1,0,0,0,0,1,0,1,0,0,0,0,0,1,0,0,0,0,0,1,1,0,0,0,0,0,0,0
2016.0,,1,17.99,0,SCS Software,"SCS Software,SCS Software",0,0,0,1,0,1,0,0,0,0,0,0,0,0,1,1,0,0,0,1,0,0,1,0,0,1,1,1
2012.0,,1,8.99,0,Dovetail Games,"Dovetail Games - Trains,Dovetail Games - Trains",0,0,0,0,0,1,0,0,0,0,0,0,0,0,0,0,0,0,1,1,0,0,0,0,0,1,0,0
2007.0,,1,19.99,0,Crytek,"Electronic Arts,Electronic Arts",1,0,0,0,0,0,0,0,0,0,0,0,0,1,0,1,0,0,0,0,0,0,1,1,1,1,1,1
2015.0,,1,14.99,0,Electric Succubi,"Zombie Dragons With Laser Cannons,Zombie Dragons With Laser Cannons",0,0,0,0,1,0,1,0,0,0,0,1,0,0,1,0,1,1,0,0,0,0,0,0,0,1,1,0
2014.0,,1,1.99,0,"CyberConnect2 Co., Ltd.","BANDAI NAMCO Entertainment,BANDAI NAMCO Entertainment",1,1,0,0,0,0,0,0,0,0,0,0,0,1,0,1,0,0,0,0,0,0,0,0,0,0,0,0
2018.0,,1,0.0,1,EnsenaSoft,"EnsenaSoft,EnsenaSoft",0,0,1,0,0,1,0,1,0,0,0,0,0,0,0,0,0,0,1,1,1,0,0,0,0,0,0,0
2017.0,,1,,0,拉貢拉斯找金粒,"拉貢拉斯找金粒,拉貢拉斯找金粒",1,0,0,1,0,0,0,0,0,1,0,1,0,1,1,0,0,0,0,0,0,0,0,0,0,0,0,0
2016.0,14.0,0,3.99,0,Webcore Games,"bitComposer Interactive GmbH,bitComposer Interactive GmbH",1,0,0,1,0,0,0,0,0,0,0,0,0,1,1,0,0,0,0,0,0,0,0,0,0,0,0,0
2016.0,,1,0.0,1,ICE Entertainment,"Changyou.com Limited,Changyou.com Limited",0,0,0,0,0,1,0,0,0,1,1,0,0,0,0,0,0,0,0,1,0,0,1,0,0,0,0,0
2014.0,,1,3.99,0,Rooster Teeth Productions,,0,0,0,0,0,0,0,0,0,0,0,0,0,0,0,0,0,0,0,0,0,0,0,0,0,0,0,0
2017.0,,1,,0,Gravity Interactive,"Gravity Interactive,Gravity Interactive",1,1,0,0,1,0,0,0,0,1,1,0,0,1,0,1,1,0,0,0,0,0,1,0,0,0,0,0
2015.0,,1,4.99,0,HappyGiant,"HappyGiant,HappyGiant",1,0,0,1,0,0,0,0,0,0,0,0,0,1,1,0,0,0,0,0,0,0,0,0,0,0,0,0
2016.0,,1,2.99,0,Fireproof Games,"Fireproof Games,Fireproof Games",1,0,0,1,0,0,0,0,0,0,0,0,0,1,1,0,0,0,0,0,0,0,0,0,0,0,0,0
2016.0,15.0,0,3.99,0,Russpuppy,"Russpuppy,Russpuppy",0,0,1,1,0,1,1,0,0,0,0,0,0,0,1,0,0,1,1,1,0,0,0,0,0,1,0,0
2014.0,49.0,0,19.99,0,4A Games,"Deep Silver,Deep Silver",1,0,0,0,0,0,0,0,0,0,0,0,0,1,0,1,0,0,0,0,0,0,1,1,1,1,1,1
2015.0,20.0,0,12.99,0,Huy Phan,"Huy Phan,Huy Phan",0,0,0,1,1,1,1,0,0,0,0,0,0,0,1,0,1,1,0,1,0,0,0,0,1,0,0,0
2015.0,10.0,0,4.99,0,Marmalade Game Studio Ltd,"Marmalade Game Studio Ltd,Marmalade Game Studio Ltd",0,1,1,0,0,1,0,0,0,0,0,0,0,0,0,1,0,1,1,1,0,0,1,0,0,0,1,1
2018.0,,1,0.99,0,Aaron DeVries,"SimRed,SimRed",0,0,1,1,0,1,0,0,0,0,0,1,0,0,1,0,0,0,1,1,0,0,0,0,0,0,0,0
2008.0,,1,133.81,0,2DEngine.com,"Meridian4,Meridian4",0,0,0,1,0,0,0,0,0,0,0,0,0,0,1,0,0,0,1,0,0,0,0,0,0,1,1,1
2015.0,,1,,0,Diios,"Yeti Studio©,Yeti Studio©",0,1,0,1,0,0,0,0,0,0,0,1,0,0,1,1,0,0,0,0,0,0,0,0,0,0,0,0
2017.0,,1,4.99,0,EasterEgg Workshop,"EasterEgg Workshop,EasterEgg Workshop",1,0,0,1,0,1,0,0,0,0,0,1,0,1,1,0,0,0,0,1,0,0,0,0,0,0,0,0
2017.0,,1,19.99,0,Paradox Development Studio,"Paradox Interactive,Paradox Interactive",0,0,0,0,0,1,1,0,0,0,0,0,0,0,0,0,0,1,0,1,0,0,0,0,0,0,0,0
2018.0,,1,,0,北京九鳳信息科技有限公司,,0,0,0,0,1,0,0,0,0,0,0,0,0,0,0,0,1,0,0,0,0,0,0,0,0,0,0,0
2018.0,8.0,0,2.99,0,Xerologik,"Xerologik,Xerologik",0,1,1,1,0,0,0,0,0,0,0,1,0,0,1,1,0,0,1,0,0,0,0,0,0,0,0,0
2017.0,7.0,0,19.99,0,Ice World,"Ice World,Ice World",1,1,1,1,0,0,0,0,0,0,0,1,0,1,1,1,0,0,1,0,0,0,0,1,0,0,0,0
2016.0,,1,2.99,0,SCS Software,"SCS Software,SCS Software",0,0,0,1,0,1,0,0,0,0,0,0,0,0,1,0,0,0,0,1,0,0,1,0,0,1,1,1
2013.0,,1,,0,Ackk Studios,"Ackk Studios,Ackk Studios",1,1,0,1,1,0,0,0,0,0,0,0,0,1,1,1,1,0,0,0,0,0,0,0,0,0,0,0
2019.0,6.0,0,3.99,0,Bart Bonte,"Bart Bonte,Bart Bonte",0,0,1,1,0,0,0,0,0,0,0,0,0,0,1,0,0,0,1,0,0,0,0,0,0,0,0,0
2018.0,,1,0.0,1,JoyCrafter,"WisJoy,WisJoy",0,0,0,1,1,1,1,0,0,1,1,1,0,0,1,0,1,1,0,1,0,0,1,0,0,0,0,0
2018.0,,1,0.0,1,Scott Cawthon,"Scott Cawthon,Scott Cawthon",1,0,0,1,0,0,0,0,0,1,0,0,0,1,1,0,0,1,0,1,0,0,0,0,0,1,1,1
2012.0,23.0,0,0.99,0,Golgoth Studio,"UTV Ignition Entertainment,UTV Ignition Entertainment",0,0,1,1,0,0,0,0,0,0,0,0,0,0,1,0,0,0,1,0,0,0,1,0,0,1,1,1
2018.0,15.0,0,9.99,0,Winged Cloud,"Winged Cloud,Winged Cloud",0,0,0,0,0,1,0,0,0,0,0,0,0,0,0,0,0,0,0,1,0,0,0,0,0,0,0,0
2016.0,37.0,0,9.99,0,"Buddy Cops, LLC","Devolver Digital,Devolver Digital",1,1,1,1,0,1,0,0,1,0,0,0,0,1,1,1,0,0,1,1,0,1,1,0,0,0,0,1
2018.0,36.0,0,1.99,0,Sticky Rice Games,"Sticky Rice Games,Sticky Rice Games",0,0,1,1,0,0,0,0,0,0,0,0,0,0,1,0,0,0,1,0,0,0,0,0,0,0,0,0
2017.0,,1,1.99,0,IllFonic,"Gun Media,Gun Media",1,0,0,0,0,0,0,0,0,0,0,0,0,1,0,0,0,0,0,0,0,0,0,0,0,0,1,0
2011.0,,1,7.99,0,Jason Rohrer,"Jason Rohrer,Jason Rohrer",1,0,0,1,0,0,1,0,0,0,0,0,0,1,1,0,0,1,0,0,0,0,0,0,0,0,0,0
2017.0,41.0,0,9.99,0,George Gilbert,"George Gilbert,George Gilbert",0,1,0,1,1,0,0,0,0,0,0,0,0,0,1,1,1,0,0,0,0,0,0,0,0,0,0,0
2018.0,27.0,0,13.99,0,Storycentric Worlds,"Unimatrix Productions,Unimatrix Productions",0,1,0,1,0,0,0,0,0,0,0,0,0,0,1,1,0,0,0,0,0,0,0,0,0,0,0,0
2018.0,27.0,0,7.99,0,SPG STUDIO,"SPG STUDIO,SPG STUDIO",0,1,0,1,1,0,0,0,0,0,0,0,0,0,1,1,1,0,0,0,0,0,0,0,0,0,0,0
2009.0,,1,6.99,0,Haggard Games,"1C Entertainment,1C Entertainment",1,0,0,0,0,0,0,0,0,0,0,0,0,1,0,0,0,0,0,0,0,0,0,0,1,1,0,0
2016.0,,1,19.99,0,Dovetail Games,"Dovetail Games - Trains,Dovetail Games - Trains",0,0,0,0,0,1,0,0,0,0,0,0,0,0,0,0,0,0,0,1,0,0,0,0,0,0,0,0
2018.0,29.0,0,14.99,0,Aleksandar Kuzmanovic Games Inc.,"Aleksandar Kuzmanovic Games Inc.,Aleksandar Kuzmanovic Games Inc.",1,1,0,1,1,0,0,0,0,0,0,0,0,1,1,1,1,0,0,0,0,0,0,0,0,0,0,0
2014.0,27.0,0,12.99,0,Robotality,"Chucklefish,Chucklefish",1,0,0,1,1,0,1,0,0,0,0,0,0,1,1,0,1,1,0,0,0,0,0,0,0,1,1,1
2016.0,,1,2.99,0,NovaWake Studios,"NovaWake Studios,NovaWake Studios",0,0,1,0,0,0,0,0,0,0,0,0,0,0,0,0,0,0,1,0,0,0,0,0,0,0,0,0
2018.0,21.0,0,5.99,0,toR Studio,"toR Studio,toR Studio",0,0,0,0,1,1,1,0,0,0,0,0,0,0,1,0,1,1,0,1,0,0,0,0,0,1,0,0
2018.0,7.0,0,0.99,0,BURP! Games,"Chess no choke games,Chess no choke games",1,0,0,1,0,0,0,0,0,0,0,0,0,1,1,0,0,0,0,0,0,0,0,0,1,0,0,0
2017.0,8.0,0,14.99,0,Charm Games,"Charm Games,Charm Games",0,1,1,1,0,0,0,0,0,0,0,0,0,0,1,1,0,0,1,0,0,0,0,0,0,1,1,0
2019.0,17.0,0,0.0,1,"Matthias Patscheider, Samantha Povolny, Bianca Zankl","Letzte Worte,Letzte Worte",0,1,0,1,0,0,0,0,0,0,0,0,0,0,1,1,0,0,0,0,0,0,0,0,0,0,0,0
2014.0,,1,1.99,0,Paradox Development Studio,"Paradox Interactive,Paradox Interactive",0,0,0,0,0,1,1,0,0,0,0,0,0,0,0,0,0,1,0,1,0,0,0,0,0,0,0,0
2017.0,,1,,0,Mediator Software,"Mediator Software,Mediator Software",0,0,0,0,0,0,0,0,0,0,0,0,1,0,0,0,0,0,0,0,0,0,0,0,0,0,0,0
2016.0,36.0,0,0.99,0,Big Corporation,"Grunge Games LTD,Grunge Games LTD",1,1,1,0,0,0,0,0,0,0,0,0,0,1,1,1,0,0,1,0,0,0,1,1,1,1,1,1
2010.0,,1,78.91,0,ClockStone Studios,"Meridian4,Meridian4",1,0,0,1,1,0,0,0,0,0,0,0,0,1,1,1,1,0,0,0,0,0,0,0,0,1,0,1
2009.0,,1,2.99,0,Sky Fallen,"1C Entertainment,1C Entertainment",0,0,0,0,0,0,0,0,1,0,0,0,0,1,0,0,0,0,0,0,0,1,0,0,1,0,0,0
2018.0,,1,0.99,0,"宅羊,龙二","0Cube,0Cube",0,1,1,1,1,0,1,0,0,0,0,0,0,0,1,1,1,1,1,0,0,0,0,0,0,0,0,0
2013.0,18.0,0,9.99,0,Ice-Pick Lodge,"Ice-Pick Lodge,Ice-Pick Lodge",0,0,0,1,0,0,0,0,0,0,0,0,0,0,1,1,0,0,0,0,0,0,0,0,0,1,1,1
2018.0,,1,0.0,1,MoeNovel,"MoeNovel,MoeNovel",0,1,1,0,0,1,0,0,0,0,0,0,0,0,0,1,0,0,1,1,0,0,0,0,0,0,0,0
2012.0,27.0,0,6.99,0,Lazy Turtle Games,"Tri Synergy, Inc.,Tri Synergy, Inc.",0,1,1,0,0,0,0,0,0,0,0,0,0,0,0,1,0,0,1,0,0,0,0,0,0,0,0,0
2017.0,16.0,0,14.99,0,Norn / Miel,"Cherry Kiss Games,Cherry Kiss Games",0,1,0,0,0,0,0,0,0,0,0,0,0,0,0,1,0,0,1,0,0,0,0,0,0,0,0,0
2012.0,20.0,0,19.99,0,Strange Loop Games,"IndiePub,IndiePub",1,0,0,1,0,0,1,0,0,0,0,0,0,1,1,1,0,1,0,0,0,0,0,0,0,1,0,1
2011.0,18.0,0,9.99,0,Recoil Games,,1,0,1,1,0,0,0,0,0,0,0,0,0,1,1,1,0,0,1,0,0,0,0,0,0,1,1,1
2018.0,55.0,0,19.99,0,SEGA,"SEGA,SEGA",1,1,0,0,1,0,0,0,0,0,0,0,0,1,0,1,1,0,0,0,0,0,0,0,0,1,1,1
2017.0,,1,,0,Raum Studio,"Raum Studio,Raum Studio",1,0,0,0,0,0,0,0,1,1,1,0,0,1,0,0,0,0,0,0,0,1,1,0,0,0,0,0
2014.0,,1,14.99,0,Ubisoft Montpellier,"Ubisoft,Ubisoft",0,1,0,0,0,0,0,0,0,0,0,0,0,1,0,1,0,0,0,0,0,0,0,0,0,1,1,1
2016.0,12.0,0,1.99,0,MonkeyMaw,"MonkeyMaw,MonkeyMaw",0,0,0,1,0,0,0,0,0,0,0,0,0,0,1,0,0,0,0,0,0,0,0,0,0,0,0,0
2016.0,,1,6.99,0,Color Brush Studio,"RunServer,RunServer",0,0,1,1,0,0,0,0,0,0,0,0,0,0,1,0,0,0,1,0,0,0,0,0,0,1,0,0
2018.0,,1,3.99,0,IndieLip,"IndieLip,IndieLip",0,1,1,1,0,1,0,0,0,0,0,0,0,0,1,1,0,0,1,1,0,0,0,0,0,0,0,0
2013.0,,1,,0,Bohemia Interactive,,0,0,0,0,0,0,0,0,0,0,0,0,0,0,0,0,0,0,0,0,0,0,0,0,0,0,0,0
2013.0,,1,19.99,0,Paradox Development Studio,"Paradox Interactive,Paradox Interactive",0,0,0,0,0,1,1,0,0,0,0,0,0,0,0,0,0,1,0,1,0,0,0,0,0,0,0,0
2016.0,5.0,0,4.99,0,GAME NA KIBUN,"AGM PLAYISM,AGM PLAYISM",0,1,0,1,0,0,0,0,0,0,0,0,0,0,1,1,0,0,0,0,0,0,0,0,0,1,0,0
2016.0,,1,1.99,0,John McCann,"Bottlenose Bits, LLC,Bottlenose Bits, LLC",0,0,1,1,0,0,1,0,0,0,0,0,0,0,1,0,0,1,1,0,0,0,0,0,0,0,0,0
2017.0,14.0,0,9.99,0,David Wehle,"David Wehle,David Wehle",0,1,0,1,0,0,0,0,0,0,0,0,0,0,1,1,0,0,1,0,0,0,0,0,0,1,1,0
2019.0,83.0,0,,0,BottleCube inc.,"BottleCube inc.,BottleCube inc.",0,0,1,0,0,0,0,0,0,1,0,0,0,0,0,0,0,0,1,0,0,0,0,0,0,0,0,0
2018.0,,1,57.91,0,Beamdog,"Beamdog,Beamdog",0,0,0,0,1,0,0,0,0,0,0,0,0,0,0,1,1,0,0,0,0,0,1,0,0,1,1,1
2018.0,,1,19.99,0,Game-Labs,"Game-Labs,Game-Labs",1,1,0,1,1,1,1,0,0,0,1,0,0,1,1,1,1,1,0,1,0,0,1,0,0,0,0,0
2019.0,,1,24.99,0,Vladimir Romanyuk,"Vladimir Romanyuk,Vladimir Romanyuk",0,0,1,1,0,1,0,0,0,0,0,1,0,0,1,0,0,0,1,1,0,0,0,0,0,1,1,0
2018.0,,1,19.99,0,Stonepunk Studios,"Stonepunk Studios,Stonepunk Studios",1,1,0,0,0,0,0,0,0,0,0,1,0,1,0,1,0,0,0,0,0,0,0,1,1,0,0,0
2012.0,10.0,0,6.99,0,"Haemimont Games,Feral Interactive (Mac)","Kalypso Media Digital,Feral Interactive (Mac),Kalypso Media Digital,Feral Interactive (Mac)",0,0,0,0,0,1,1,0,0,0,0,0,0,0,0,0,0,1,0,1,0,0,0,0,0,0,0,0
2017.0,12.0,0,9.99,0,World-Loom,"Artifex Mundi,Artifex Mundi",0,1,1,0,0,0,0,0,0,0,0,0,0,0,1,1,0,0,1,0,0,0,0,0,0,1,0,0
2017.0,11.0,0,7.99,0,Sameer Hirezi,"Sameer Hirezi,Sameer Hirezi",1,1,0,1,0,0,0,0,0,0,0,0,0,1,1,1,0,0,0,0,0,0,0,1,0,0,0,0
2016.0,,1,0.99,0,Primitive Studio,"Primitive Studio,Primitive Studio",0,1,0,1,0,0,1,0,0,0,0,0,0,1,1,1,0,1,0,0,0,0,0,0,0,0,0,0
2013.0,12.0,0,1.99,0,Screwfly Studios,"Screwfly Studios,Screwfly Studios",0,0,0,1,1,1,1,0,0,0,0,0,0,0,1,0,1,1,0,1,0,0,0,0,0,1,0,1
2016.0,9.0,0,14.85,0,NukGames,"NukGames,NukGames",1,0,1,1,0,0,0,0,0,0,0,0,0,1,1,0,0,0,1,0,0,0,0,0,0,0,1,0
2015.0,81.0,0,4.99,0,Jimbob Games,"Jimbob Games,Jimbob Games",1,1,1,1,0,0,0,0,0,0,0,0,0,1,1,1,0,0,1,0,0,0,1,1,1,1,0,1
2018.0,,1,0.99,0,Sourabh P Hamigi,"Sourabh P Hamigi,Sourabh P Hamigi",1,1,1,1,0,0,0,0,0,0,0,0,0,1,1,1,0,0,1,0,0,0,0,1,0,0,0,0
2016.0,25.0,0,8.99,0,Anarkis Gaming,"Anarkis Gaming,Anarkis Gaming",0,0,0,1,0,1,1,0,0,0,0,0,0,0,1,0,0,1,0,1,0,0,0,0,0,0,0,0
2017.0,,1,14.99,0,"jackstree,etoylab","jackstree,jackstree",1,0,0,0,0,0,0,0,0,0,0,0,0,1,0,0,0,0,0,0,0,0,0,0,0,0,0,0
2017.0,6.0,0,3.99,0,Versus System,"Enjoy Games,Enjoy Games",0,1,0,1,0,0,0,0,0,0,0,0,0,0,1,1,0,0,0,0,0,0,0,0,0,0,0,0
2018.0,13.0,0,0.99,0,Watercolor Games,"Watercolor Games,Watercolor Games",1,1,0,1,0,0,0,0,0,0,0,0,0,1,1,1,0,0,0,0,0,0,0,0,0,1,0,0
2013.0,28.0,0,9.99,0,Zero Point Software,"Zero Point Software,Zero Point Software",1,0,0,1,1,1,0,0,0,0,0,1,0,1,1,1,1,0,0,1,0,0,1,1,1,1,1,1
2018.0,65.0,0,4.99,0,StoryTale Studios,"StoryTale Studios,Maple Whispering Limited,AGM PLAYISM,StoryTale Studios,Maple Whispering Limited,AGM PLAYISM",0,1,0,1,0,0,0,0,0,0,0,0,0,0,1,1,0,0,0,0,0,0,0,0,0,1,0,0
2019.0,7.0,0,0.0,1,"净土制作室,乌鸦大仙","净土制作室,乌鸦大仙,净土制作室,乌鸦大仙",0,1,0,1,0,0,0,0,0,1,0,0,0,0,1,1,0,0,0,0,0,0,0,0,0,0,0,0
2015.0,,1,49.99,0,Belsimtek,"The Fighter Collection,Eagle Dynamics SA,The Fighter Collection,Eagle Dynamics SA",0,0,0,0,0,1,0,0,0,0,0,0,0,0,0,0,0,0,0,1,0,0,0,0,0,0,0,0
2016.0,44.0,0,109.93,0,Sundae Month,"tinyBuild,tinyBuild",0,1,1,1,1,1,0,0,0,0,0,0,0,0,1,1,1,0,1,1,0,0,0,0,0,0,1,1
2018.0,5.0,0,3.99,0,Erik Sheader-Smith,"Erik Sheader-Smith,Erik Sheader-Smith",0,1,0,1,1,0,0,0,0,0,0,0,0,0,1,1,1,0,0,0,0,0,0,0,0,0,0,0
2018.0,6.0,0,5.99,0,DragonSnow,"DragonSnow,DragonSnow",0,1,0,1,1,0,0,0,0,0,0,0,0,1,1,1,1,0,0,0,0,0,0,0,0,1,1,1
2017.0,1.0,0,,0,Semicolon;,"Semicolon;,Semicolon;",1,0,0,1,0,0,0,0,0,1,0,0,0,1,1,0,0,0,0,0,0,0,1,0,0,0,0,0
2015.0,30.0,0,0.0,1,"Jarbit,Castle art by Yuriy Gusev","Jarbit,Jarbit",1,1,0,1,1,0,0,0,0,1,1,0,0,1,1,1,1,0,1,0,0,0,1,0,0,0,1,1
2014.0,,1,5.99,0,Adam Spragg,"Adam Spragg,Adam Spragg",1,0,1,0,0,0,0,0,0,0,0,0,0,1,1,0,0,0,1,0,0,0,1,0,0,0,1,0
2016.0,29.0,0,14.99,0,Dopterra,"Nicalis, Inc.,Nicalis, Inc.",0,1,0,1,1,0,0,0,0,0,0,0,0,0,1,1,1,0,0,0,0,0,0,0,0,1,0,1
2013.0,,1,9.99,0,Deck 13,"astragon Entertainment,astragon Entertainment",0,1,0,0,0,0,0,0,0,0,0,0,0,0,0,1,0,0,0,0,0,0,0,0,0,0,0,0
2016.0,,1,,0,MAGIX Software GmbH,"MAGIX Software GmbH,MAGIX Software GmbH",0,0,0,0,0,0,0,0,0,0,0,0,0,0,0,0,0,0,0,0,0,0,0,0,0,0,1,0
2017.0,,1,54.99,0,MAGIX Software GmbH,"MAGIX Software GmbH,MAGIX Software GmbH",0,0,0,0,0,0,0,0,0,0,0,0,0,0,0,0,0,0,0,0,0,0,0,0,0,0,0,0
2018.0,,1,0.99,0,Green-eyed Taxi,"Narko Games,Narko Games",1,1,0,0,0,0,0,0,0,0,0,0,0,1,0,1,0,0,1,0,0,0,0,0,0,0,0,0
2014.0,,1,79.99,0,Wingware,"Wingware,Wingware",0,0,0,0,0,0,0,0,0,0,0,0,1,0,0,0,0,0,0,0,0,0,0,0,0,0,0,0
2017.0,,1,6.99,0,Kunos Simulazioni,,0,0,0,1,0,1,0,1,1,0,0,0,0,0,1,0,0,0,0,1,1,1,0,0,0,0,0,0
2016.0,,1,4.99,0,Alex Hanson-White,"Alex Hanson-White,Alex Hanson-White",0,1,1,1,0,0,0,0,0,0,0,0,0,0,1,1,0,0,1,0,0,0,0,0,0,0,0,0
2018.0,30.0,0,8.99,0,東方幕華祭制作组,"東方幕華祭制作组,Starship Studio,東方幕華祭制作组,Starship Studio",1,1,1,1,0,0,0,0,0,0,0,0,0,1,1,1,0,0,1,0,0,0,0,0,0,1,1,0
2014.0,50.0,0,34.99,0,Lionhead Studios,"Xbox Game Studios,Xbox Game Studios",0,0,0,0,1,0,0,0,0,0,0,0,0,1,0,1,1,0,0,0,0,0,0,0,0,1,1,1
2016.0,128.0,0,4.99,0,Just1337 Studio,"Just1337 Publisher,Just1337 Publisher",1,0,1,1,0,0,0,0,0,0,0,0,0,1,1,0,0,0,1,0,0,0,0,0,0,0,0,0
2019.0,48.0,0,,0,Booming Games,"MY.GAMES,MY.GAMES",1,0,0,0,0,0,1,0,0,1,1,0,0,1,0,0,1,1,0,0,0,0,1,0,0,0,1,1
2015.0,,1,5.99,0,Fungameco Ltd,"Fungameco Ltd,Fungameco Ltd",0,1,0,1,1,1,1,0,0,0,0,0,0,0,1,1,1,1,0,1,0,0,0,0,0,0,0,0
2014.0,21.0,0,5.99,0,Owl Cave,"Owl Cave,Owl Cave",0,1,0,1,0,0,0,0,0,0,0,0,0,0,1,1,0,0,0,0,0,0,0,0,0,1,0,0
2019.0,63.0,0,7.99,0,Silver Dollar Games,"Silver Dollar Games,Silver Dollar Games",1,0,1,1,0,0,0,0,0,0,0,0,0,1,1,0,0,0,1,0,0,0,0,0,0,0,1,0
2016.0,,1,69.99,0,Ignishot,"Ignishot,Ignishot",0,0,0,0,0,0,0,0,0,0,0,0,0,0,0,0,0,0,0,0,0,0,0,0,0,0,0,0
2018.0,25.0,0,39.99,0,Funcom,"Funcom,Funcom",1,1,0,0,1,1,1,0,0,0,1,0,0,1,0,1,1,0,0,0,0,0,1,0,0,1,1,1
2016.0,15.0,0,0.99,0,Vertical Skull Games,"Vertical Skull Games,Vertical Skull Games",0,1,1,1,0,0,0,0,0,0,0,0,0,1,1,1,0,0,1,0,0,0,0,0,0,1,0,0
2016.0,,1,2.99,0,Black Fox Pavilion,"Black Fox Pavilion,Black Fox Pavilion",1,1,1,1,0,0,0,0,0,0,0,1,0,1,1,1,0,0,1,0,0,0,0,0,0,0,0,0
2017.0,,1,,0,VR Triber,"VR Triber,VR Triber",1,1,1,1,0,1,0,1,1,1,1,1,0,1,1,1,0,0,1,1,1,1,1,0,0,0,0,0
2017.0,7.0,0,1.99,0,"pheenix93,KtSmag","pheenix93,pheenix93",0,1,0,1,0,0,0,0,0,0,0,0,0,0,1,1,0,0,0,0,0,0,0,0,0,0,0,0
2018.0,18.0,0,9.99,0,Buddy System,"Fig Publishing Inc.,Fig Publishing Inc.",0,1,0,1,0,0,0,0,0,0,0,0,0,0,1,1,0,0,0,0,0,0,0,0,0,0,0,0
2017.0,,1,0.99,0,Nuked Games,"!Lim studio,!Lim studio",0,0,1,1,0,1,0,0,0,0,0,0,0,0,1,0,0,0,1,1,0,0,0,0,0,0,0,0
2011.0,18.0,0,18.99,0,Winter Wolves,"Winter Wolves,Winter Wolves",0,0,0,1,1,0,1,0,0,0,0,0,0,0,1,1,1,1,0,0,0,0,0,0,0,1,0,0
2019.0,4.0,0,0.0,1,Crystal Game Works,"Crystal Game Works,Crystal Game Works",0,0,1,1,1,0,0,0,0,1,0,0,0,0,1,0,1,0,1,0,0,0,0,0,0,0,0,0
2017.0,,1,2.99,0,BlankMediaGames,,0,0,0,1,1,0,1,0,0,0,0,0,0,0,1,0,1,1,0,0,0,0,0,0,0,0,0,0
2017.0,16.0,0,4.99,0,Cardboard Keep,"Cardboard Keep,Cardboard Keep",0,0,1,1,0,0,1,0,0,0,0,0,0,0,1,0,0,1,1,0,0,0,0,0,0,1,0,0
2017.0,127.0,0,14.99,0,Rank17,"Rank17,Rank17",1,1,1,0,0,1,0,0,0,0,0,0,0,1,0,1,0,0,1,1,0,0,0,0,0,0,0,0
2016.0,16.0,0,0.99,0,Delusional Games,"Back To Basics Gaming,Back To Basics Gaming",1,0,1,1,0,0,0,0,0,0,0,0,0,1,1,0,0,0,1,0,0,0,0,0,0,0,0,0
2016.0,29.0,0,88.94,0,Puzzling Dream,"PlayWay S.A.,PlayWay S.A.",1,1,0,1,0,0,0,0,0,0,0,0,0,1,1,1,0,0,0,0,0,0,0,0,0,1,1,1
2016.0,5.0,0,9.99,0,Alchemist Studio,"Alchemist Studio,Alchemist Studio",0,1,0,1,0,0,0,0,0,0,0,0,0,0,1,1,0,0,0,0,0,0,0,0,0,0,0,0
2016.0,105.0,0,3.99,0,Artem Kotov,"Artem Kotov,Artem Kotov",1,0,0,1,0,0,1,0,0,0,0,0,0,1,1,0,0,1,0,0,0,0,0,0,0,0,0,0
2015.0,19.0,0,,0,Light Vision Interactive,"Light Vision Interactive,Light Vision Interactive",0,0,0,0,0,0,1,0,0,1,1,0,0,0,0,0,0,1,0,0,0,0,1,0,0,0,0,1
2016.0,26.0,0,4.99,0,Rayhouse Productions,"GRM Software,GRM Software",1,1,0,1,0,0,0,0,0,0,0,0,0,1,1,1,0,0,0,0,0,0,0,0,0,0,0,0
2010.0,45.0,0,4.99,0,Brian Cronin,"Brian Cronin,Brian Cronin",1,0,0,1,0,0,0,1,1,0,0,0,0,1,1,0,0,0,1,0,1,1,1,0,0,0,1,0
2017.0,16.0,0,14.99,0,"Bread Team,Victor Solodilov,Denis Novikov","tinyBuild,tinyBuild",1,1,0,1,0,0,0,0,0,0,0,0,0,1,1,1,0,0,0,0,0,0,0,0,0,0,0,0
2018.0,100.0,0,0.99,0,Wolfgangis,"Wolfgangis,Wolfgangis",0,0,1,1,1,1,1,0,0,0,0,0,0,0,1,0,1,1,1,1,0,0,0,0,0,1,0,0
2016.0,9.0,0,0.99,0,Michaela Laws,"Michaela Laws,Michaela Laws",0,0,1,1,0,1,0,0,0,0,0,0,0,0,1,0,0,0,1,1,0,0,0,0,0,0,0,0
2017.0,,1,9.99,0,Code Horizon,"Code Horizon,Code Horizon",0,0,0,1,0,1,0,0,0,0,0,0,0,0,1,0,0,0,0,1,0,0,0,0,0,0,0,0
2018.0,14.0,0,,0,Kawaii Inc. ｡･ﾟﾟ･,"Kawaii Inc. ｡･ﾟﾟ･,Kawaii Inc. ｡･ﾟﾟ･",0,0,1,1,0,0,0,0,0,0,0,0,0,0,1,0,0,0,1,0,0,0,0,0,0,0,0,0
2016.0,60.0,0,9.99,0,Warm Lamp Games,"Alawar Premium,Alawar Premium",0,1,0,1,0,0,1,0,0,0,0,0,0,0,1,1,1,1,0,1,0,0,0,0,0,1,1,1
2016.0,70.0,0,,0,NeuronHaze,"NeuronHaze,NeuronHaze",1,0,0,1,1,0,0,0,0,0,1,1,0,1,1,0,1,0,0,0,0,0,1,0,1,0,1,0
2009.0,,1,54.99,0,"Monolith Productions, Inc.","Warner Bros. Interactive Entertainment,Warner Bros. Interactive Entertainment",1,0,0,0,0,0,0,0,0,0,0,0,0,1,0,0,0,0,0,0,0,0,0,0,0,0,0,0
2009.0,,1,9.99,0,PlayFirst,"PlayFirst,PlayFirst",0,0,0,0,0,1,0,0,0,0,0,0,0,0,0,0,0,0,1,0,0,0,0,0,0,0,0,0
2014.0,19.0,0,9.99,0,Waz,"Waz Games,Waz Games",1,0,0,1,1,0,1,0,0,0,0,0,0,1,1,0,1,1,0,0,0,0,1,0,0,0,1,0
2014.0,39.0,0,19.99,0,Urban Games,"Good Shepherd Entertainment,Good Shepherd Entertainment",0,0,1,1,0,1,0,0,0,0,0,0,0,0,1,1,0,1,1,1,0,0,1,0,0,1,1,1
2018.0,,1,24.99,0,"Kevin Nitschmann,Darius Bode","Aerosoft GmbH,Aerosoft GmbH",0,0,0,0,0,1,0,0,0,0,0,0,0,0,0,0,0,0,0,1,0,0,0,0,0,0,0,0
2018.0,,1,36.73,0,RewindApp,"RewindApp,RewindApp",0,0,1,1,0,0,0,1,0,0,0,0,0,0,1,0,0,0,1,0,1,0,0,0,0,0,0,0
2018.0,10.0,0,0.99,0,Mental Zone Digital Game Studios,"Mental Zone Digital Game Studios,Mental Zone Digital Game Studios",1,1,1,1,1,0,1,0,0,0,1,1,0,1,1,1,1,1,1,0,0,0,1,0,0,0,0,0
2014.0,,1,2.99,0,Nuno Donato,"Nuno Donato,Nuno Donato",0,0,1,1,0,0,1,0,0,0,0,0,0,0,1,0,0,1,1,0,0,0,0,0,0,0,0,0
2018.0,28.0,0,49.99,0,DONTNOD Entertainment,"Focus Home Interactive,Focus Home Interactive",1,0,0,0,1,0,0,0,0,0,0,0,0,1,0,1,1,0,0,0,0,0,0,0,0,1,1,1
2019.0,66.0,0,6.99,0,Fantasia Studio,"Fantasia Studio,Fantasia Studio",0,1,0,1,1,0,0,0,0,0,0,0,0,0,1,1,1,0,0,0,0,0,0,0,0,0,0,0
2010.0,12.0,0,9.99,0,Klei Entertainment,"Klei Entertainment,Klei Entertainment",1,0,0,1,0,0,0,0,0,0,0,0,0,1,1,1,0,0,0,0,0,0,1,0,0,1,1,1
2018.0,24.0,0,2.99,0,"Jetdogs Studios,Zoom Out Games","Jetdogs Studios,Jetdogs Studios",0,1,0,0,0,0,1,0,0,0,0,0,0,0,0,1,0,1,1,0,0,0,0,0,0,0,0,0
2017.0,38.0,0,59.99,0,"KOEI TECMO GAMES CO., LTD.","KOEI TECMO GAMES CO., LTD.,KOEI TECMO GAMES CO., LTD.",1,0,0,0,0,0,0,0,0,0,0,0,0,1,0,0,0,0,0,0,0,0,0,0,0,0,1,0
2013.0,,1,4.99,0,"Relic Entertainment,Feral Interactive (Mac),Feral Interactive (Linux)","SEGA,Feral Interactive (Mac),Feral Interactive (Linux),SEGA,Feral Interactive (Mac),Feral Interactive (Linux)",0,0,0,0,0,0,1,0,0,0,0,0,0,0,0,0,0,1,0,0,0,0,0,0,0,0,0,0
2014.0,36.0,0,7.99,0,Orange_Juice,"Fruitbat Factory,Fruitbat Factory",1,0,0,1,0,0,0,0,0,0,0,0,0,1,1,0,0,0,0,0,0,0,0,0,1,1,0,0
2018.0,57.0,0,49.99,0,"Nippon Ichi Software, Inc.","NIS America, Inc.,NIS America, Inc.",0,0,0,0,1,0,1,0,0,0,0,0,0,0,0,0,1,1,0,0,0,0,0,0,0,0,0,0
2015.0,,1,,0,Freakinware Studios,"Freakinware Studios,Freakinware Studios",0,0,0,0,0,1,0,0,0,1,0,0,0,1,1,1,0,1,1,1,0,0,1,0,0,1,1,1
2012.0,48.0,0,,0,desunoya,"Sekai Project,Sekai Project",0,1,0,1,0,0,0,0,0,0,0,0,0,0,1,1,0,0,0,0,0,0,0,0,0,0,0,0
2016.0,4.0,0,0.0,1,Bartoš Studio,"Bartoš Studio,Bartoš Studio",1,0,1,1,0,0,0,1,0,1,0,0,0,1,1,0,0,0,1,0,1,0,0,0,0,0,0,0
2013.0,,1,9.99,0,Might and Delight,"Might and Delight,Might and Delight",0,1,0,1,0,0,0,0,0,0,0,0,0,0,1,1,0,0,1,1,0,0,0,0,0,1,1,0
2017.0,30.0,0,11.99,0,Mango Protocol,"Mango Protocol,Mango Protocol",0,1,0,1,0,0,0,0,0,0,0,0,0,0,1,1,0,0,0,0,0,0,0,0,0,1,0,0
2009.0,15.0,0,,0,Winter Wolves,"Winter Wolves,Winter Wolves",0,1,1,1,0,0,0,0,0,0,0,0,0,0,1,1,0,0,1,0,0,0,0,0,0,1,0,0
2018.0,,1,5.99,0,"Ghost Town Games Ltd.,Team17 Digital Ltd","Team17 Digital Ltd,Team17 Digital Ltd",1,0,1,1,0,0,0,0,0,0,0,0,0,1,1,0,0,0,1,0,0,0,0,0,0,0,0,0
2016.0,13.0,0,2.99,0,△○□× (Miwashiba),"AGM PLAYISM,AGM PLAYISM",0,1,0,1,0,0,0,0,0,0,0,0,0,0,1,1,1,0,1,0,0,0,0,0,0,1,1,0
2017.0,36.0,0,1.99,0,Room710Games,"Room710Games,Room710Games",1,1,1,0,0,1,0,0,0,0,0,0,0,1,1,1,0,0,1,1,0,0,1,0,0,1,1,1
2019.0,18.0,0,,0,Dragon Slumber,"Iceberg Interactive,Iceberg Interactive",0,1,1,1,0,1,0,0,0,0,0,0,0,0,1,1,0,0,1,1,0,0,0,0,0,0,0,0
2018.0,,1,0.99,0,Oblom studio,"Enjoy Games,Enjoy Games",1,1,0,1,0,0,0,0,0,0,0,0,0,1,1,1,0,0,0,0,0,0,0,0,0,0,0,0
2016.0,,1,0.0,1,IKEA Communications AB,"IKEA Communications AB,IKEA Communications AB",0,0,0,0,0,0,0,0,0,1,0,0,0,0,0,0,1,0,1,1,0,0,0,0,0,1,0,1
2015.0,,1,6.99,0,Martin Veilleux,"Martin Veilleux,Martin Veilleux",0,0,0,0,0,0,0,0,0,0,0,0,0,0,0,0,0,0,0,0,0,0,0,0,0,0,0,0
2017.0,,1,9.99,0,HB Studios,"HB Studios,HB Studios",0,0,0,1,0,1,0,1,0,0,0,0,0,0,1,0,0,0,0,1,1,0,0,0,0,0,1,0
2017.0,,1,2.99,0,Fun Bits,"Fun Bits,Fun Bits",1,0,1,1,0,0,1,0,0,0,0,1,0,1,1,0,0,1,1,0,0,0,1,0,1,0,0,0
2017.0,,1,,0,"Deck Nine,Feral Interactive (Mac),Feral Interactive (Linux)","Square Enix,Feral Interactive (Mac),Feral Interactive (Linux),Square Enix,Feral Interactive (Mac),Feral Interactive (Linux)",1,1,0,0,0,0,0,0,0,0,0,0,0,1,0,1,0,0,0,0,0,0,0,0,0,1,1,0
2015.0,40.0,0,14.99,0,Stolen Couch Games,"Stolen Couch Games,Stolen Couch Games",0,1,1,1,1,1,0,0,0,0,0,0,0,0,1,1,1,0,1,1,0,0,0,0,0,1,1,1
2016.0,27.0,0,5.99,0,Mad Head Games,"Mad Head Games ,Mad Head Games ",0,1,1,0,0,0,0,0,0,0,0,0,0,0,0,1,0,0,1,0,0,0,0,0,0,0,1,0
2018.0,5.0,0,80.81,0,ZOV GAME STUDIO,"ZOV GAME STUDIO,ZOV GAME STUDIO",1,1,1,1,1,0,0,0,0,0,0,0,0,1,1,1,1,0,1,0,0,0,0,0,0,0,0,0
2016.0,,1,4.99,0,Queen Bee Games,"Throwback Entertainment,Throwback Entertainment",1,1,0,1,1,0,1,0,0,0,0,0,0,1,1,1,1,1,0,0,0,0,0,0,0,0,0,0
2016.0,10.0,0,1.99,0,Serkan Bakar,"Serkan Bakar,Serkan Bakar",1,1,0,1,1,0,0,0,0,0,0,0,0,1,1,1,1,0,0,0,0,0,0,0,0,0,0,0
2015.0,15.0,0,14.99,0,"StartupTim, LLC,Tim Sullivan","StartupTim, LLC,Tim Sullivan,StartupTim, LLC,Tim Sullivan",0,0,0,0,0,0,0,0,0,0,0,0,1,1,1,0,1,0,1,0,0,0,0,1,0,1,1,1
2012.0,,1,29.99,0,The Lordz Games Studio,"Slitherine Ltd. ,Slitherine Ltd. ",0,0,0,0,0,0,1,0,0,0,0,0,0,0,0,0,0,1,0,0,0,0,0,0,0,0,0,0
2015.0,25.0,0,4.99,0,Wyrmling Productions,"Degica,Degica",0,0,0,1,1,0,0,0,0,0,0,0,0,0,1,0,1,0,0,0,0,0,0,0,0,0,0,0
2016.0,9.0,0,19.99,0,Indimo Labs LLC,"Indimo Labs LLC,Indimo Labs LLC",1,1,0,0,1,0,0,0,0,0,0,1,0,1,0,1,1,0,0,0,0,0,0,0,0,0,1,0
2017.0,,1,0.0,1,Robert Pelloni,"Bob Corporation,Bob Corporation",1,0,1,1,0,0,0,0,0,0,0,0,0,1,1,0,0,0,1,0,0,0,0,0,0,0,0,0
2010.0,,1,19.99,0,Traveller's Tales,"LucasArts,Lucasfilm,Disney Interactive,LucasArts,Lucasfilm,Disney Interactive",0,1,0,0,0,0,0,0,0,0,0,0,0,1,0,1,0,0,0,0,0,0,0,0,0,1,0,1
2018.0,12.0,0,7.99,0,Vennril,"Headup Games,Headup Games",1,0,0,1,0,0,0,0,0,0,0,0,0,1,1,0,0,0,0,0,0,0,1,0,0,0,0,0
2017.0,,1,15.0,0,Bohemia Interactive,"Bohemia Interactive,Bohemia Interactive",0,1,1,0,0,0,0,0,0,0,0,1,0,1,1,1,0,0,1,0,0,0,1,0,0,1,1,1
2018.0,22.0,0,9.99,0,Andrii Vintsevych,"Andrii Vintsevych,Andrii Vintsevych",1,1,0,1,0,0,0,0,0,0,0,0,0,1,1,1,0,0,0,0,0,0,1,1,1,1,1,1
2018.0,61.0,0,59.99,0,Avalanche Studios,"Square Enix,Square Enix",1,1,0,0,0,0,0,0,0,0,0,0,0,1,0,1,0,0,0,0,0,0,1,1,1,1,1,1
2018.0,,1,0.0,1,tri-Ace,,0,0,0,0,1,0,0,0,0,0,0,0,0,0,0,0,1,0,0,0,0,0,0,0,0,0,0,0
2016.0,,1,15.99,0,Maxint LLC,"Maxint LLC,Maxint LLC",0,0,0,1,0,0,0,0,0,0,0,0,0,0,1,0,0,0,0,0,0,0,0,0,0,0,1,0
2019.0,45.0,0,39.99,0,Black Forest Games,"THQ Nordic,THQ Nordic",0,0,0,0,1,0,0,0,0,0,0,0,0,1,0,1,1,0,0,0,0,0,1,0,0,1,1,1
2014.0,,1,3.99,0,Studio V5,"Studio V5,Studio V5",0,0,0,0,0,0,0,0,0,0,0,0,1,0,0,0,0,0,0,0,0,0,0,0,0,0,0,0
2017.0,,1,13.99,0,DonkeyKwon Games,"DonkeyKwon Games,DonkeyKwon Games",1,0,1,1,0,0,0,0,0,0,0,0,0,1,1,0,0,0,1,0,0,0,1,0,0,0,0,0
2015.0,,1,14.99,0,BattleByte,"BattleByte,BattleByte",0,0,0,0,0,1,0,0,0,0,0,0,0,0,0,0,0,0,0,1,0,0,0,0,0,0,0,0
2018.0,,1,5.99,0,Rapscallion,"Rapscallion,Rapscallion",0,1,1,1,0,0,0,0,0,0,0,0,0,0,1,1,0,0,1,0,0,0,0,0,0,0,0,0
2017.0,5.0,0,5.99,0,Straywire,"Dharker Studio,Dharker Studio",0,1,1,1,0,0,0,0,0,0,0,0,0,0,1,1,0,0,1,0,0,0,0,0,0,0,0,0
2017.0,38.0,0,,0,Digital Dreams Entertainment LLC,"Digital Dreams Entertainment LLC,Digital Dreams Entertainment LLC",1,0,0,1,0,0,0,1,0,0,0,0,0,1,1,0,0,0,0,0,1,0,1,0,0,0,0,0
2016.0,,1,4.99,0,,,0,0,0,0,0,0,1,0,0,0,0,0,0,0,0,0,0,1,0,0,0,0,0,0,0,0,0,0
2015.0,18.0,0,9.99,0,PHL Collective,"PHL Collective,PHL Collective",0,0,0,1,0,0,0,1,0,0,0,0,0,0,1,0,0,0,0,0,1,0,1,0,0,0,0,0
2018.0,,1,19.99,0,ConchShip Games,"ConchShip Games,ConchShip Games",0,1,1,1,1,0,1,0,0,0,0,1,0,0,1,1,1,1,1,1,0,0,0,0,0,1,1,0
2017.0,23.0,0,4.99,0,Team Shuriken,"Team Shuriken,Team Shuriken",0,1,0,1,0,0,0,0,0,0,0,0,0,1,1,1,0,0,0,0,0,0,0,0,0,0,0,0
2016.0,,1,0.0,1,Fatshark,"Fatshark,Fatshark",1,0,0,0,0,0,0,0,0,1,0,0,0,1,0,0,0,0,0,0,0,0,0,0,0,0,0,0
2007.0,,1,,0,Freegamer,,0,0,0,1,1,0,0,0,0,0,0,0,0,0,1,0,1,0,0,0,0,0,0,0,0,1,0,1
2014.0,37.0,0,19.99,0,Coilworks,"Rising Star Games,Rising Star Games",1,0,0,1,0,0,0,0,0,0,0,0,0,1,1,0,0,0,0,0,0,0,0,0,0,1,1,0
2013.0,9.0,0,14.99,0,"Ville Mönkkönen,Anne Mönkkönen","Instant Kingdom,Instant Kingdom",0,1,0,1,1,0,0,0,0,0,0,0,0,0,1,1,1,0,0,0,0,0,0,0,0,0,0,0
2016.0,33.0,0,6.99,0,GoldenGod Games,"GoldenGod Games,GoldenGod Games",0,0,0,1,1,0,1,0,0,0,0,0,0,1,1,0,1,1,1,0,0,0,0,0,0,0,0,0
2019.0,20.0,0,9.99,0,Ludopium,"ARTE France,ARTE France",1,0,1,1,0,0,0,0,0,0,0,0,0,1,1,0,0,0,1,0,0,0,1,0,0,1,0,0
2013.0,,1,9.99,0,"Relic Entertainment,Feral Interactive (Mac),Feral Interactive (Linux)","SEGA,Feral Interactive (Mac),Feral Interactive (Linux),SEGA,Feral Interactive (Mac),Feral Interactive (Linux)",0,0,0,0,0,0,1,0,0,0,0,0,0,0,0,0,0,1,0,0,0,0,0,0,0,0,0,0
2015.0,,1,4.99,0,John Wizard,"John Wizard,John Wizard",0,1,0,1,1,1,0,0,0,0,0,0,0,0,1,1,1,0,0,1,0,0,0,0,0,0,0,0
2018.0,23.0,0,1.99,0,"朵游社,Fantasia Studio","朵游社,朵游社",0,1,0,1,0,0,0,0,0,0,0,0,0,0,1,1,1,0,0,0,0,0,0,0,0,0,0,0
2017.0,,1,9.99,0,Discovering VR,"Discovering VR,Discovering VR",0,0,1,1,0,1,0,0,0,0,0,0,0,0,1,0,0,0,1,1,0,0,0,0,0,0,0,0
2018.0,,1,0.99,0,"IDEA FACTORY Co., Ltd.,COMPILE HEART Co., Ltd.,FELISTELLA Co., Ltd.,IDEA FACTORY Co., Ltd.","Idea Factory International, Inc.,Idea Factory International, Inc.",0,0,0,0,1,0,1,0,0,0,0,0,0,0,0,0,1,1,0,0,0,0,0,0,0,0,0,0
2013.0,32.0,0,9.99,0,Firebrand Games,"Firebrand Games,Firebrand Games",0,0,0,1,0,0,1,0,0,0,0,0,0,0,1,0,0,1,0,0,0,0,0,0,0,0,0,0
2019.0,,1,15.99,0,RuneHeads,"1C Entertainment,1C Entertainment",0,0,0,1,1,0,0,0,0,0,0,1,0,0,1,0,1,1,0,0,0,0,0,0,0,1,0,0
2018.0,,1,0.0,1,"Alexander Guo,Emile Savard","Emilex Gaming,Emilex Gaming",1,1,0,1,0,0,0,0,0,1,0,0,0,1,1,1,0,0,0,0,0,0,0,0,0,0,0,0
2017.0,252.0,0,1.99,0,G. Malta,"VRS,VRS",0,0,1,1,0,1,0,0,0,0,0,0,0,0,1,0,0,0,1,1,0,0,0,0,0,0,0,0
2015.0,24.0,0,14.99,0,Anisoptera Games,"Indie Voyage,Indie Voyage",1,0,0,1,0,0,1,0,0,0,0,0,0,1,1,1,0,1,0,1,0,0,1,0,1,1,1,1
2019.0,54.0,0,59.99,0,Codemasters,"Codemasters,Codemasters",0,0,0,0,0,1,0,1,1,0,0,0,0,0,0,0,0,0,0,1,1,1,1,0,0,1,1,1
2014.0,21.0,0,19.99,0,Freedom Factory,"United Independent Entertainment GmbH,United Independent Entertainment GmbH",1,0,0,0,0,0,0,0,0,0,0,0,0,1,0,0,0,0,0,0,0,0,0,0,0,0,0,0
2016.0,,1,0.99,0,Kiddy,"Kiddy,Kiddy",1,1,1,1,0,0,0,0,0,0,0,0,0,1,1,1,0,0,1,0,0,0,0,0,0,0,0,0
2017.0,,1,0.0,1,"Monolith Productions, Inc.",,1,1,0,0,1,0,0,0,0,0,0,0,0,1,0,1,1,0,0,0,0,0,0,0,0,0,0,0
2014.0,,1,6.99,0,Shaman Games Studio,"Shaman Games Studio,Shaman Games Studio",0,1,1,0,0,0,0,0,0,0,0,0,0,0,0,1,0,0,1,0,0,0,0,0,0,0,0,0
2015.0,,1,19.99,0,Flix Interactive,"Flix Interactive,Flix Interactive",1,1,0,1,0,0,1,0,0,0,0,1,0,1,1,1,0,1,0,0,0,0,1,1,1,1,1,1
2016.0,,1,0.0,1,DL Softworks,"DL Softworks,DL Softworks",1,1,1,1,0,1,1,1,0,1,0,0,0,1,1,1,0,1,1,1,1,0,0,0,0,0,0,0
2018.0,,1,0.0,1,Triconn Games,"Triconn Games,Triconn Games",1,1,1,1,0,0,0,0,0,1,0,0,0,1,1,1,0,0,1,0,0,0,0,0,0,0,0,0
2012.0,,1,9.99,0,Subset Games,"Subset Games,Subset Games",0,0,0,1,0,1,1,0,0,0,0,0,0,0,1,1,1,1,0,1,0,0,0,0,0,1,1,1
2017.0,6.0,0,0.0,1,Chun Y.,"Chun Y.,Chun Y.",0,0,1,1,0,0,0,0,0,1,0,0,0,0,1,0,0,0,1,0,0,0,0,0,0,0,0,0
2014.0,34.0,0,9.99,0,GameArt Studio GmbH,"GameArt Studio GmbH,GameArt Studio GmbH",1,0,1,1,0,1,0,1,1,0,0,0,0,1,1,0,0,0,1,1,1,1,0,0,0,0,0,0
2018.0,,1,11.99,0,Bogdan Sychkov,"Raum Studio,Raum Studio",1,1,0,1,0,0,0,0,0,0,0,0,0,1,1,1,0,0,0,0,0,0,0,0,0,0,0,0
2017.0,12.0,0,19.99,0,Pixel Edge Games,"Pixel Edge Games,Pixel Edge Games",0,0,1,1,0,1,0,1,0,0,0,0,0,0,1,0,0,0,1,1,1,0,0,0,0,0,0,0
2019.0,22.0,0,39.99,0,"Orbus Online, LLC","Orbus Online, LLC,Orbus Online, LLC",0,0,0,1,1,0,0,0,0,0,1,0,0,0,1,0,1,0,0,0,0,0,1,0,0,0,1,0
2018.0,6.0,0,1.99,0,Marcin Skierski,"Marcin Skierski,Marcin Skierski",1,1,0,1,0,0,0,0,0,0,0,0,0,1,1,1,0,0,0,0,0,0,0,0,0,0,0,0
2013.0,,1,19.99,0,Ntronium Games,"Iceberg Interactive,Iceberg Interactive",0,0,0,1,0,0,1,0,0,0,0,0,0,0,1,0,0,1,0,0,0,0,0,0,0,0,0,0
2016.0,,1,0.99,0,Team Murder,"Team Murder,Team Murder",1,0,0,1,0,0,0,0,0,0,0,0,0,1,1,0,0,0,0,0,0,0,0,1,0,0,0,0
2016.0,10.0,0,9.99,0,Flying Carpets Games,"Flying Carpets Games,Flying Carpets Games",1,1,0,1,1,0,0,0,0,0,0,0,0,1,1,1,1,0,0,0,0,0,0,0,0,0,0,0
2017.0,23.0,0,,0,Ready At Dawn,"GameTrust Games,Ready At Dawn,GameTrust Games,Ready At Dawn",1,0,0,0,0,0,0,0,0,0,0,0,0,1,0,0,0,0,0,0,0,0,1,0,0,0,0,0
2018.0,,1,,0,"CAPCOM Co., Ltd.","CAPCOM Co., Ltd.,CAPCOM Co., Ltd.",1,0,0,0,0,0,0,0,0,0,0,0,0,1,0,0,0,0,0,0,0,0,0,0,0,0,0,0
2019.0,35.0,0,44.99,0,Asobo Studio,"Focus Home Interactive,Focus Home Interactive",1,1,0,0,0,0,0,0,0,0,0,0,0,1,0,1,0,0,0,0,0,0,0,0,0,1,1,1
2018.0,,1,,0,Miikka Åsnabrygg,"Miikka Åsnabrygg,Tyler Brucato,Miikka Åsnabrygg,Tyler Brucato",0,0,0,1,0,0,0,0,0,1,0,0,0,0,1,0,0,0,0,0,0,0,0,0,0,0,0,0
2018.0,6.0,0,4.99,0,Sen Games,"Sen Games,Sen Games",0,0,1,1,0,0,0,0,0,0,0,0,0,0,1,0,0,0,1,0,0,0,0,0,0,1,0,0
2018.0,,1,0.99,0,Wargaming Group Limited,,1,0,0,0,0,1,0,0,0,1,1,0,0,1,0,0,0,0,0,1,0,0,1,0,0,0,0,0
2018.0,,1,0.99,0,Alexey Volonsky,"AYE Technology,AYE Technology",1,0,0,1,0,1,0,0,1,0,0,0,0,1,1,0,0,0,0,1,0,1,0,0,0,0,0,0
2014.0,,1,3.99,0,Ridiculon,"Nicalis, Inc.,Nicalis, Inc.",1,0,0,0,0,0,0,0,0,0,0,0,0,1,0,0,0,0,0,0,0,0,0,0,0,0,0,0
2013.0,39.0,0,4.99,0,11 bit studios,"11 bit studios,11 bit studios",1,0,0,0,0,0,1,0,0,0,0,0,0,1,1,0,0,1,0,0,0,0,0,0,0,0,0,0
2018.0,,1,14.99,0,Snail Games USA,"Snail Games USA,Snail Games USA",1,1,0,0,1,1,0,0,0,0,1,1,0,1,0,1,1,0,0,1,0,0,1,0,0,0,1,0
2018.0,23.0,0,11.99,0,Oscar Brittain,"Akupara Games,Akupara Games",1,0,0,1,1,1,0,0,1,0,0,0,0,1,1,1,1,1,0,1,0,1,1,0,1,1,0,1
2014.0,38.0,0,19.99,0,"SkyBox Labs,Big Huge Games","Xbox Game Studios,Xbox Game Studios",0,0,0,0,0,1,1,0,0,0,0,0,0,1,0,0,0,1,0,1,0,0,1,0,0,1,1,1
2018.0,,1,4.99,0,Firehawk Studios,"Firehawk Studios,Firehawk Studios",0,1,1,1,0,0,1,0,0,0,0,0,0,0,1,1,0,1,1,0,0,0,0,0,0,0,0,0
2016.0,,1,14.99,0,The Game Bakers,"The Game Bakers,G4F Records,The Game Bakers,G4F Records",1,0,0,1,0,0,0,0,0,0,0,0,0,1,1,0,0,0,0,0,0,0,0,0,0,0,0,0
2017.0,44.0,0,19.99,0,XREAL Games,"XREAL Games,XREAL Games",1,0,0,1,0,0,0,0,0,0,0,1,0,1,1,0,0,0,0,0,0,0,0,1,1,0,0,0
2018.0,,1,0.99,0,Vik,"VicX Studio,VicX Studio",1,1,0,1,1,0,0,0,0,0,0,0,0,1,1,1,1,0,0,0,0,0,0,0,1,0,0,0
2017.0,9.0,0,6.99,0,nextReality Games,"nextReality Games,nextReality Games",0,1,0,1,0,0,0,0,0,0,0,0,0,0,1,1,0,0,0,0,0,0,0,0,0,0,0,0
2014.0,,1,19.99,0,SkyGoblin,"SkyGoblin,SkyGoblin",0,1,0,1,0,0,0,0,0,0,0,0,0,0,1,1,0,0,1,0,0,0,0,0,0,1,0,0
2018.0,,1,2.99,0,EncoderX,"EncoderX,EncoderX",1,1,1,1,0,0,0,0,0,0,0,0,0,1,1,1,0,0,1,0,0,0,0,0,0,0,0,0
2017.0,8.0,0,9.99,0,Sticky Studios,"Sticky Studios,Sticky Studios",1,0,1,0,0,0,1,0,0,0,0,0,0,1,0,0,0,1,1,0,0,0,0,0,0,0,0,0
2016.0,,1,3.99,0,Vasiliy Kostin,"Siberian Digital,Siberian Digital",1,0,1,0,0,1,1,0,0,0,0,0,0,1,0,0,0,1,1,1,0,0,0,0,1,0,0,0
2010.0,,1,9.99,0,NeoCoreGames,"Paradox Interactive,Paradox Interactive",0,0,0,0,0,0,1,0,0,0,0,0,0,0,0,0,0,1,0,0,0,0,0,0,0,0,0,0
2018.0,38.0,0,14.99,0,ArtVostok,"ArtVostok,ArtVostok",0,0,1,1,0,0,0,0,1,0,0,0,0,0,1,0,0,0,1,0,0,1,0,0,0,1,0,0
2017.0,,1,9.99,0,Alientrap,"Alientrap,Alientrap",0,0,1,1,0,1,0,0,0,0,0,0,0,0,1,0,0,0,1,1,0,0,1,0,0,1,0,1
2018.0,,1,0.0,1,OVERKILL - a Starbreeze Studio.,,1,0,0,0,0,0,0,0,0,0,0,0,0,1,0,0,0,0,0,0,0,0,0,0,0,0,0,0
2015.0,3.0,0,2.99,0,RAC7 Games,"RAC7 Games,RAC7 Games",0,1,0,1,0,0,0,0,0,0,0,0,0,0,1,1,0,0,0,0,0,0,0,0,0,1,1,0
2017.0,,1,1.99,0,Dieselmine,"Dieselmine,Dieselmine",0,1,0,0,1,0,0,0,0,0,0,0,0,0,0,1,1,0,0,0,0,0,0,0,0,0,0,0
2017.0,28.0,0,4.99,0,Cuveet Story,"Cuveet Story,Cuveet Story",0,0,1,1,0,0,0,0,0,0,0,0,0,0,1,0,0,0,1,0,0,0,0,0,0,0,0,0
2018.0,15.0,0,4.99,0,D4 Laboratory,"D4 Laboratory,D4 Laboratory",0,0,1,1,0,0,1,0,0,0,0,0,0,0,1,0,0,1,1,0,0,0,0,0,0,0,0,0
2016.0,10.0,0,5.99,0,UFO Crash Games,"UFO Crash Games,UFO Crash Games",1,0,1,1,0,0,0,0,0,0,0,0,0,1,1,0,0,0,1,0,0,0,0,0,0,0,0,0
2013.0,,1,0.99,0,Capcom,"Capcom,Capcom",1,1,0,0,0,0,0,0,0,0,0,0,0,1,0,1,0,0,0,0,0,0,0,0,0,0,0,0
2015.0,,1,,0,Luden.io,"Nival,Nival",1,0,1,1,0,0,0,0,0,1,0,0,0,1,1,0,0,0,1,1,0,1,0,0,0,1,1,1
2019.0,,1,0.0,1,"Joyloft Co., Limited","Joyloft Co., Limited,Joyloft Co., Limited",1,1,0,0,1,1,0,0,0,1,0,0,0,1,0,1,1,0,1,1,0,0,1,1,0,1,1,1
2018.0,,1,0.99,0,Crankage Games,"Crankage Games,Crankage Games",0,0,0,1,0,0,0,0,0,0,0,0,0,0,1,0,1,0,0,0,0,0,0,0,0,0,0,0
2017.0,15.0,0,3.99,0,Devdan Games,"Devdan Games,Devdan Games",1,0,1,1,0,1,1,0,0,0,0,0,0,1,1,0,0,1,1,1,0,0,0,0,0,0,0,0
2018.0,45.0,0,54.97,0,Drakkar Dev,"Green Man Gaming Publishing,Green Man Gaming Publishing",1,0,0,0,0,0,0,0,0,0,0,0,0,1,1,1,0,0,0,0,0,0,0,0,1,0,0,0
2019.0,,1,3.99,0,Expansive Worlds,"Avalanche Studios,Avalanche Studios",0,1,0,0,0,1,0,1,0,0,0,0,0,0,0,1,0,0,0,1,1,0,0,0,0,0,0,0
2019.0,50.0,0,49.99,0,Milestone S.r.l.,"Milestone S.r.l.,Milestone S.r.l.",0,0,0,0,0,1,0,1,1,0,0,0,0,0,0,0,0,0,0,1,1,1,0,0,0,0,0,0
2018.0,1.0,0,0.0,1,ebi-hime,"ebi-hime,ebi-hime",0,0,0,1,0,1,0,0,0,1,0,0,0,0,1,0,0,0,0,1,0,0,0,0,0,1,1,1
2018.0,,1,1.99,0,TEAM HORAY,,1,0,0,0,0,0,0,0,0,0,0,0,0,1,0,0,0,0,0,0,0,0,0,0,0,0,0,0
2012.0,115.0,0,14.99,0,Flying Wild Hog,"Good Shepherd Entertainment,Good Shepherd Entertainment",1,0,0,1,0,0,0,0,0,0,0,0,0,1,1,0,0,0,0,0,0,0,0,1,1,1,1,1
2017.0,,1,,0,ecoddr,"Pujia8 Studio,Gamera Game,Pujia8 Studio,Gamera Game",0,1,0,1,1,0,0,0,0,1,0,0,0,0,1,1,1,0,0,0,0,0,0,0,0,0,0,0
2018.0,12.0,0,14.99,0,Evocat Games,"Evocat Games,Evocat Games",1,0,0,1,0,0,0,0,0,0,0,0,0,1,1,0,0,0,0,0,0,0,0,0,0,0,0,0
2014.0,,1,4.99,0,Cateia Games,"Libredia Entertainment,Libredia Entertainment",0,0,1,0,0,0,0,0,0,0,0,0,0,0,0,1,0,0,1,0,0,0,0,0,0,0,0,0
2010.0,,1,8.99,0,Bohemia Interactive,"Bohemia Interactive,Bohemia Interactive",1,0,0,0,0,1,1,0,0,0,0,0,0,1,0,0,0,1,0,1,0,0,0,1,0,0,0,0
2016.0,,1,9.99,0,Capcom,,1,0,0,0,0,0,0,0,0,0,0,0,0,1,0,0,0,0,0,0,0,0,0,0,0,0,0,0
2010.0,47.0,0,19.99,0,"Rocksteady Studios,Feral Interactive (Mac)","Warner Bros. Interactive Entertainment,Feral Interactive (Mac),Warner Bros. Interactive Entertainment,Feral Interactive (Mac)",1,1,0,0,0,0,0,0,0,0,0,0,0,1,0,1,0,0,0,0,0,0,0,0,0,1,1,1
2014.0,42.0,0,14.99,0,Digital Happiness,"Digital Happiness,Digital Happiness",0,1,0,1,0,0,0,0,0,0,0,0,0,1,1,1,0,0,0,0,0,0,0,0,0,1,1,1
2015.0,58.0,0,7.99,0,Outerminds Inc.,"Outerminds Inc.,Outerminds Inc.",1,1,0,1,0,0,0,0,0,0,0,0,0,1,1,1,0,1,1,0,0,0,0,0,1,1,1,1
2019.0,13.0,0,4.99,0,Idea Factory International,"Idea Factory International,Idea Factory International",1,0,0,0,0,0,0,0,0,0,0,0,0,1,0,0,0,0,0,0,0,0,0,0,0,0,0,0
2017.0,6.0,0,0.99,0,Phil Fortier,"Phil Fortier,Phil Fortier",0,1,0,1,0,0,0,0,0,0,0,0,0,0,1,1,0,0,0,0,0,0,0,0,0,0,0,0
2017.0,,1,1.99,0,"Psyonix, Inc.","Psyonix, Inc.,Psyonix, Inc.",1,0,0,1,0,0,0,1,1,0,0,0,0,1,1,0,0,0,0,0,1,1,0,0,0,0,0,0
2007.0,,1,6.99,0,Big Fish Games,"Big Fish Games,Big Fish Games",0,0,1,0,0,0,0,0,0,0,0,0,0,0,0,0,0,0,1,0,0,0,0,0,0,0,0,0
2017.0,,1,0.0,1,HyperBot Studio,"MSI,MSI",1,1,1,1,0,0,0,0,0,1,0,0,0,1,1,1,0,0,1,0,0,0,0,0,1,0,0,0
2019.0,20.0,0,19.99,0,Jujubee S.A.,"Jujubee S.A.,Jujubee S.A.",0,0,1,1,0,1,0,1,0,0,0,0,0,0,1,0,0,0,1,1,1,0,0,0,0,0,0,0
2015.0,10.0,0,4.99,0,GTGD,"GTGD,GTGD",0,0,0,1,0,1,1,0,0,0,0,0,0,0,1,0,0,1,0,1,0,0,0,0,0,0,0,0
2017.0,,1,0.0,1,Mojiken Studio,"Toge Productions,Toge Productions",0,0,1,1,0,0,0,0,0,1,0,0,0,0,1,0,0,0,1,0,0,0,0,0,0,0,1,0
2018.0,30.0,0,29.99,0,Survios,"Survios,Survios",1,0,0,1,0,1,0,1,0,0,0,0,0,1,1,0,0,0,0,1,1,0,1,0,0,0,1,0
2017.0,408.0,0,,0,BlackSpot Entertainment,"BlackSpot Entertainment,BlackSpot Entertainment",1,0,0,1,0,0,0,0,0,1,1,0,0,1,1,1,0,1,0,0,0,0,1,1,1,1,1,1
2019.0,,1,0.0,1,C.A.Withey,"C.A.Withey,C.A.Withey",0,1,1,1,1,0,0,0,0,1,0,1,0,0,1,1,1,0,1,0,0,0,0,0,0,0,0,0
2019.0,,1,14.99,0,Freejam,"Freejam,Freejam",1,1,0,1,1,0,0,0,0,0,1,0,0,1,1,1,1,0,0,0,0,0,1,0,0,1,1,1
2016.0,55.0,0,14.99,0,Fishing Cactus,"Fishing Cactus,Plug In Digital,Fishing Cactus,Plug In Digital",1,1,0,1,0,0,0,0,0,0,0,0,0,1,1,1,1,0,0,0,0,0,0,0,0,1,1,1
2016.0,102.0,0,29.99,0,NGD Studios,"Wargaming Labs,Wargaming Labs",0,0,0,0,0,0,1,0,0,0,0,0,0,1,0,0,0,1,0,0,0,0,1,0,0,1,1,1
2018.0,140.0,0,9.99,0,Aivaras Klimas,"Michael Jendryssek,Michael Jendryssek",0,0,0,1,0,0,0,0,0,0,0,0,0,1,1,0,1,0,0,0,0,0,0,0,1,1,0,1
2017.0,40.0,0,9.99,0,DreamsSoftGames,"DreamsSoftGames,DreamsSoftGames",0,0,1,1,0,1,1,0,0,0,0,0,0,0,1,0,0,1,1,1,0,0,0,0,0,0,0,0
2013.0,,1,9.99,0,Ed Key and David Kanaga,"Twisted Tree,Twisted Tree",0,1,1,1,0,0,0,0,0,0,0,0,0,0,1,1,0,0,1,0,0,0,0,0,0,1,1,0
2012.0,,1,2.99,0,Volition,"Deep Silver,Deep Silver",1,0,0,0,0,0,0,0,0,0,0,0,0,1,0,0,0,0,0,0,0,0,0,0,0,0,0,0
2017.0,33.0,0,8.99,0,Rigid-Soft,"Rigid-Soft,Rigid-Soft",1,0,0,1,0,0,0,0,0,0,0,0,0,1,1,0,0,0,0,0,0,0,0,0,0,0,0,0
2009.0,,1,4.99,0,Size Five Games,"Size Five Games,Size Five Games",0,1,0,1,0,0,0,0,0,0,0,0,0,0,1,1,0,0,0,0,0,0,0,0,0,1,1,0
2019.0,,1,9.99,0,Levity Play,"Levity Play,Levity Play",1,0,0,1,0,1,0,0,0,0,0,0,0,1,1,0,0,0,0,1,0,0,1,1,1,0,0,0
2011.0,124.0,0,4.99,0,"Gaslamp Games, Inc.","Gaslamp Games, Inc.,Gaslamp Games, Inc.",0,0,1,1,1,0,0,0,0,0,0,0,0,0,1,1,1,0,1,0,0,0,0,0,0,1,1,1
2016.0,84.0,0,14.99,0,Oxeye Game Studio,"Mojang,Mojang",1,1,0,1,0,0,0,0,0,0,0,0,0,1,1,1,0,0,0,0,0,0,1,0,1,0,0,0
2006.0,,1,7.99,0,Most Wanted Entertainment,"HD Publishing,HD Publishing",1,0,0,0,0,0,1,0,0,0,0,0,0,1,0,0,0,1,0,0,0,0,0,0,0,0,0,0
2015.0,4.0,0,1.99,0,Cosmic Logic,"Cosmic Logic,Cosmic Logic",0,1,0,1,0,0,0,0,0,0,0,0,0,0,1,1,0,0,0,0,0,0,0,0,0,0,0,0
2015.0,8.0,0,0.99,0,Drixy Games,"Black Shell Media,Black Shell Media",1,1,1,1,0,0,1,0,0,0,0,0,0,1,1,1,0,1,1,0,0,0,0,1,0,0,1,0
2016.0,4.0,0,,0,BTD Team,"BTD Team,BTD Team",1,0,0,1,1,0,0,0,0,0,1,1,0,1,1,0,1,0,0,0,0,0,1,0,0,0,0,0
2016.0,15.0,0,2.99,0,isTom Games Kft.,"isTom Games Kft.,isTom Games Kft.",0,0,1,1,0,1,0,0,0,0,0,0,0,0,1,0,0,0,1,1,0,0,0,0,0,0,0,0
2016.0,9.0,0,1.99,0,Chandler Rounsley,"Chandler Rounsley,Chandler Rounsley",1,1,0,1,1,0,0,0,0,0,0,0,0,1,1,1,1,0,0,0,0,0,0,0,0,1,1,0
2017.0,10.0,0,9.99,0,Sanuk Games,"Bigben Interactive,Bigben Interactive",0,0,1,0,0,0,0,0,0,0,0,0,0,0,0,0,0,0,1,0,0,0,0,0,0,0,0,0
2017.0,30.0,0,0.99,0,Willz,"Sometimes You,Sometimes You",1,1,0,1,0,0,0,0,0,0,0,0,0,1,1,1,0,0,0,0,0,0,0,0,0,0,0,0
2017.0,,1,19.99,0,Sector-K Games,"Sector-K Games,Sector-K Games",1,0,0,1,0,0,0,0,0,0,0,1,0,1,1,0,0,0,0,0,0,0,1,0,0,0,0,0
2016.0,,1,2.99,0,stillalive studios,"astragon Entertainment,astragon Entertainment",0,0,0,0,0,1,0,0,0,0,0,0,0,0,0,0,0,0,0,1,0,0,0,0,0,0,0,0
2017.0,,1,0.99,0,Dexion Games,"Dexion Games,Dexion Games",1,0,1,1,0,0,0,0,0,0,0,0,0,1,1,0,0,0,1,0,0,0,0,0,0,0,0,0
2018.0,,1,,0,Nexon Korea Corporation,"Nexon America Inc.,Nexon America Inc.",1,1,1,0,1,1,0,0,0,1,1,0,0,1,0,1,1,0,1,1,0,0,1,0,0,0,1,0
2019.0,,1,1.99,0,Marvelous Inc.,"XSEED Games,Marvelous USA, Inc.,XSEED Games,Marvelous USA, Inc.",1,0,0,0,0,0,0,0,0,0,0,0,0,1,0,0,0,0,0,0,0,0,0,0,0,0,0,0
2019.0,,1,0.0,1,the original air,"the original air,the original air",0,0,0,0,0,0,0,0,0,1,0,0,0,0,0,0,0,0,0,0,0,0,0,0,0,0,0,0
2015.0,,1,14.99,0,"Sledgehammer Games,Raven Software","Activision,Activision",1,0,0,0,0,0,0,0,0,0,0,0,0,1,0,0,0,0,0,0,0,0,0,0,0,0,0,0
2018.0,,1,5.99,0,Brimstone,"Brimstone ,Brimstone ",1,0,0,1,0,0,0,0,0,0,0,0,0,1,1,0,0,0,0,0,0,0,0,0,0,0,0,0
2018.0,60.0,0,9.99,0,Handelabra Games Inc.,"Handelabra Games Inc.,Handelabra Games Inc.",0,1,0,1,1,0,1,0,0,0,0,0,0,0,1,1,1,1,0,0,0,0,1,0,0,1,0,1
2017.0,,1,9.99,0,Gilded Skull Games,"Gilded Skull Games,Gilded Skull Games",0,0,0,0,1,1,1,0,0,0,0,0,0,0,0,0,1,1,0,1,0,0,0,0,0,0,0,0
2018.0,298.0,0,1.99,0,For Kids,"For Kids,For Kids",0,0,1,1,0,0,0,0,0,0,0,0,0,0,1,0,0,0,1,0,0,0,0,0,0,0,0,0
2018.0,38.0,0,19.99,0,Empyrean,"Frozen District,PlayWay S.A.,Frozen District,PlayWay S.A.",0,0,0,1,0,1,0,0,0,0,0,0,0,0,1,0,0,1,1,1,0,0,1,0,0,1,1,1
2018.0,,1,3.99,0,Petrodiy-Games,"Atriagames,Atriagames",1,0,0,1,0,0,0,0,0,0,0,0,0,1,1,0,0,0,0,0,0,0,0,1,0,0,0,0
2018.0,,1,39.99,0,Allods Team,"MY.GAMES,MY.GAMES",0,0,0,0,1,0,0,0,0,1,1,0,0,0,0,0,1,0,0,0,0,0,1,0,0,0,0,0
2017.0,,1,14.99,0,Valravn Games,"Valravn Games,Valravn Games",0,0,0,1,1,0,1,0,0,0,0,1,0,0,1,0,1,1,0,0,0,0,0,0,0,0,0,0
2018.0,,1,19.99,0,"Spike Chunsoft Co., Ltd.","Spike Chunsoft Co., Ltd.,Spike Chunsoft Co., Ltd.",0,0,0,0,0,1,0,1,0,0,0,0,0,0,0,0,0,0,0,1,1,0,0,0,0,0,0,0
2010.0,50.0,0,14.99,0,Rebellion,"SEGA,SEGA",1,0,0,0,0,0,0,0,0,0,0,0,0,1,0,1,0,1,0,0,0,0,1,1,1,1,1,1
2018.0,77.0,0,24.99,0,Event Horizon,"Event Horizon,Event Horizon",0,0,0,1,1,0,1,0,0,0,0,0,0,0,1,1,1,1,0,0,0,0,0,0,0,1,1,1
2018.0,8.0,0,1.99,0,Pony,"Pony,Pony",0,0,1,1,0,0,0,0,0,0,0,0,0,0,1,0,0,1,1,0,0,0,0,0,0,1,1,0
2017.0,5.0,0,19.99,0,Creative Concepts,"Creative Concepts,Creative Concepts",1,0,0,1,0,1,0,1,0,0,0,1,0,1,1,0,0,0,0,1,1,0,0,0,0,0,0,0
2017.0,,1,4.99,0,Ubisoft San Francisco,,0,0,0,0,1,0,0,0,0,0,0,0,0,0,0,0,1,0,0,0,0,0,0,0,0,0,0,0
2019.0,4.0,0,10.92,0,LoveAnime,"AmagSwag Games,AmagSwag Games",1,0,0,1,0,0,0,0,0,0,0,1,0,1,1,0,0,0,0,0,0,0,0,0,0,0,0,0
2017.0,38.0,0,29.99,0,"Spike Chunsoft Co., Ltd.","Spike Chunsoft Co., Ltd.,Spike Chunsoft Co., Ltd.",0,1,0,0,0,0,0,0,0,0,0,0,0,0,0,1,0,0,0,0,0,0,0,0,0,1,1,1
2017.0,,1,,0,Iron 27,"Iron 27,Iron 27",0,0,0,1,0,0,1,0,0,1,0,1,0,0,1,0,0,1,0,0,0,0,0,0,0,0,0,0
2016.0,,1,5.99,0,Ronimo Games,,1,0,0,1,0,0,1,0,0,0,0,0,0,1,1,0,0,1,0,0,0,0,0,0,0,0,0,0
2017.0,24.0,0,12.99,0,World-Loom,"GameHouse,GameHouse",0,1,1,1,0,1,0,0,0,0,0,0,0,0,1,1,0,0,1,1,0,0,0,0,0,0,0,0
2017.0,50.0,0,49.99,0,Piranha Bytes,"THQ Nordic,THQ Nordic",1,1,0,0,1,0,0,0,0,0,0,0,0,1,0,1,1,0,0,0,0,0,0,0,1,1,1,1
2015.0,,1,6.99,0,Totem Studio,"Plug In Digital,Plug In Digital",0,1,1,1,0,0,0,0,0,0,0,0,0,0,1,1,0,0,1,0,0,0,0,0,0,0,0,0
2016.0,15.0,0,2.99,0,From The Bard,"From The Bard,From The Bard",0,0,0,1,1,1,1,0,0,0,0,0,0,0,1,0,1,1,0,1,0,0,0,0,0,0,0,0
2017.0,,1,3.99,0,Paper Pirates,"AEY Inc. ,AEY Inc. ",0,1,0,1,0,0,0,0,0,0,0,0,0,0,1,1,0,0,0,0,0,0,0,0,0,0,0,0
2018.0,12.0,0,,0,Stellar Oasis,"Stellar Oasis,Stellar Oasis",1,0,1,1,0,0,0,0,0,1,0,0,0,1,1,0,0,0,1,0,0,0,0,0,0,0,0,0
2006.0,,1,5.99,0,Targem Games,"Buka Entertainment,Buka Entertainment",1,0,0,0,0,0,0,0,1,0,0,0,0,1,1,1,1,0,0,0,0,1,1,0,0,0,1,1
2016.0,,1,0.99,0,David Mulder,"David Mulder,David Mulder",0,0,1,0,0,0,0,0,1,0,0,0,0,0,0,0,0,0,1,0,0,1,0,0,0,0,0,0
2014.0,,1,4.99,0,Traptics,"Strategy First,Strategy First",0,0,0,1,0,0,1,0,0,0,0,0,0,0,1,0,1,1,0,0,0,0,0,0,0,0,0,0
2008.0,,1,19.99,0,Maxis™,"Electronic Arts,Electronic Arts",0,0,0,0,0,1,0,0,0,0,0,0,0,1,0,1,1,1,0,1,0,0,1,0,0,1,1,1
2016.0,12.0,0,,0,FreezeNova,"FreezeNova,FreezeNova",1,0,0,1,0,0,0,0,0,0,0,0,0,1,1,0,0,0,0,0,0,0,1,1,1,1,1,1
2019.0,,1,5.99,0,Artsy Sayuri,"Eager Passion LLC,Eager Passion LLC",1,1,0,1,0,0,0,0,0,0,0,0,0,1,1,1,0,0,0,0,0,0,0,0,0,0,0,0
2016.0,63.0,0,5.99,0,Render System,"Render System,Render System",0,0,1,1,0,0,0,0,0,0,0,0,0,0,1,0,0,0,1,0,0,0,0,0,0,1,0,0
2016.0,50.0,0,19.99,0,Big Boat Interactive,"Rebellion,Rebellion",1,0,0,0,0,0,1,0,0,0,0,0,0,1,0,0,0,1,0,0,0,0,1,1,0,1,1,1
2016.0,,1,5.99,0,Red Dot Games,"PlayWay S.A.,PlayWay S.A.",0,0,0,1,0,1,0,0,1,0,0,0,0,0,1,0,0,0,0,1,0,1,0,0,0,1,0,0
2012.0,,1,,0,"Xavi Canal, Ben Palgi","SMP,SMP",0,0,0,1,1,1,1,0,0,0,0,0,0,0,1,1,1,1,1,1,0,0,0,0,0,1,1,1
2015.0,20.0,0,14.99,0,TicToc Games,"TicToc Games,TicToc Games",1,1,0,1,0,0,0,0,0,0,0,0,0,1,1,1,0,0,0,0,0,0,0,0,0,0,0,0
2014.0,74.0,0,79.95,0,Ino-Co Plus,"Paradox Interactive,Paradox Interactive",0,0,0,0,0,0,1,0,0,0,0,0,0,0,0,1,1,1,0,0,0,0,1,0,0,1,1,1
2015.0,,1,0.0,1,"KLRU-TV, Austin PBS",,0,0,0,0,0,0,0,0,0,0,0,0,0,0,1,0,0,0,0,0,0,0,0,0,0,0,0,0
2017.0,14.0,0,0.99,0,Jon Gallant,"jgallant,jgallant",0,0,1,1,0,1,1,0,0,0,0,0,0,0,1,0,0,1,1,1,0,0,0,0,0,0,0,0
2018.0,,1,15.99,0,Dovetail Games,"Dovetail Games - Trains,Dovetail Games - Trains",0,0,0,0,0,1,0,0,0,0,0,0,0,0,0,0,0,0,0,1,0,0,0,0,0,0,0,0
2017.0,,1,0.99,0,VR VISIO,"Forever Entertainment S. A.,Forever Entertainment S. A.",0,0,1,0,0,1,0,0,0,0,0,0,0,0,0,0,0,0,1,1,0,0,0,0,0,0,0,0
2017.0,17.0,0,6.99,0,Handelabra Games Inc.,"Handelabra Games Inc.,Handelabra Games Inc.",0,0,0,1,0,0,1,1,0,0,0,0,0,0,1,0,0,1,0,0,1,0,0,0,0,0,0,0
2017.0,1708.0,0,0.99,0,Quiet River,"Quiet River,Quiet River",0,0,1,1,0,0,0,0,0,0,0,0,0,0,1,0,0,0,1,0,0,0,0,0,0,1,1,0
2016.0,41.0,0,14.99,0,SkyBox Labs,"SkyBox Labs,SkyBox Labs",0,0,0,1,0,0,1,0,0,0,0,0,0,0,1,0,0,1,0,0,0,0,1,0,0,1,0,1
2014.0,50.0,0,29.99,0,Obsidian Entertainment,"Ubisoft,Ubisoft",1,1,0,0,1,0,0,0,0,0,0,0,0,1,0,1,1,1,0,0,0,0,0,0,0,1,1,1
2013.0,14.0,0,4.99,0,Point Five Projects,"Digital Tribe,Digital Tribe",1,0,0,1,0,0,0,0,0,0,0,0,0,1,1,0,0,0,0,0,0,0,0,0,1,0,0,0
2018.0,33.0,0,14.99,0,Trese Brothers,"Trese Brothers,Trese Brothers",0,0,0,0,1,0,0,0,0,0,0,0,0,0,1,0,1,1,0,1,0,0,0,0,0,1,1,1
2016.0,23.0,0,5.99,0,Cosmocat,"Cosmocat,Cosmocat",1,1,0,1,0,0,0,0,0,0,0,0,0,1,1,1,0,0,0,0,0,0,0,0,0,0,0,0
2019.0,,1,9.99,0,Whiskeybarrel Studios,"http://www.egames.com,http://www.egames.com",0,0,1,1,1,0,0,0,0,0,0,0,0,1,1,0,1,0,1,0,0,0,0,0,0,0,0,0
2011.0,,1,4.99,0,"Firaxis Games,Aspyr (Mac),Aspyr (Linux)","2K,Aspyr (Mac),Aspyr (Linux),2K,Aspyr (Mac),Aspyr (Linux)",0,0,0,0,0,0,1,0,0,0,0,0,0,0,0,0,0,1,0,0,0,0,0,0,0,0,0,0
2013.0,,1,,0,Funcom,"Funcom,Funcom",1,1,0,0,1,0,0,0,0,1,1,0,0,1,0,1,1,0,0,0,0,0,1,0,0,1,1,1
2017.0,,1,3.99,0,"Mahhaon Horror, Sun Pixel","AYE Technology,AYE Technology",1,1,1,1,0,0,0,0,0,0,0,0,0,1,1,1,0,0,1,0,0,0,0,0,0,0,0,0
2018.0,29.0,0,,0,Lavaboots Studios,"Lavaboots Studios,Lavaboots Studios",1,1,0,1,1,0,0,0,0,0,0,0,0,1,1,1,1,0,0,0,0,0,1,0,0,1,1,1
2010.0,59.0,0,9.99,0,IO Interactive,"Square Enix,Square Enix",1,0,0,0,0,0,0,0,0,0,0,0,0,1,0,1,0,0,0,0,0,0,1,0,1,1,1,1
2018.0,,1,0.99,0,猫薄荷制作组,"猫薄荷制作组,猫薄荷制作组",0,1,1,1,0,0,0,0,0,0,0,0,0,0,1,1,0,0,1,0,0,0,0,0,0,0,0,0
2014.0,8.0,0,3.99,0,Game Cartel,"Alawar Entertainment,Alawar Entertainment",0,1,1,0,0,0,0,0,0,0,0,0,0,0,0,1,0,0,1,0,0,0,0,0,0,0,0,0
2018.0,25.0,0,0.99,0,PlatSTUDIO," AFBIK Studio, AFBIK Studio",0,1,1,1,0,0,0,0,0,0,0,0,0,0,1,1,0,0,1,0,0,0,0,0,0,0,0,0
2009.0,,1,6.99,0,HeR Interactive,"HeR Interactive,HeR Interactive",0,0,0,0,0,0,0,0,0,0,0,0,0,0,0,0,0,0,0,0,0,0,0,0,0,0,0,0
2015.0,36.0,0,1.99,0,"Foot in the Box, LLC","Foot in the Box, LLC,Foot in the Box, LLC",1,0,0,1,0,0,0,0,0,0,0,0,0,1,1,0,0,0,0,0,0,0,0,0,0,0,0,0
2016.0,42.0,0,14.99,0,Balcony Team,"Balcony Team,Balcony Team",0,1,0,1,1,0,1,0,0,0,0,0,0,0,1,1,1,1,0,0,0,0,0,0,0,0,1,0
2017.0,4.0,0,14.99,0,Moongate Digital,"Moongate Digital,Moongate Digital",0,1,0,1,1,1,0,0,0,0,0,1,0,0,1,1,1,0,0,1,0,0,0,0,0,0,0,0
2016.0,,1,2.99,0,DreaMory,"NVLMaker,NVLMaker",0,1,1,1,0,0,0,0,0,0,0,0,0,0,1,1,0,0,1,0,0,0,0,0,0,0,0,0
2007.0,,1,4.99,0,SpinTop Games,"PopCap Games, Inc.,PopCap Games, Inc.",0,0,1,0,0,0,0,0,0,0,0,0,0,0,0,0,0,0,1,0,0,0,0,0,0,0,0,0
2018.0,21.0,0,,0,East Side Games,"East Side Games,East Side Games",0,0,1,1,0,1,0,0,0,1,0,0,0,0,1,0,0,0,1,1,0,0,0,0,0,0,1,0
2016.0,17.0,0,9.99,0,Oointah,,1,0,0,1,0,0,1,0,0,0,0,0,0,1,1,0,0,1,0,0,0,0,0,0,0,1,0,0
2018.0,48.0,0,8.99,0,Next Friday Interactive,"Next Friday Interactive,Next Friday Interactive",1,1,0,1,0,0,0,0,0,0,0,0,0,1,1,1,0,0,0,0,0,0,0,0,0,0,0,0
2017.0,,1,0.99,0,Games++,"Games++,Games++",0,0,1,1,0,0,0,0,0,0,0,0,0,0,1,0,0,0,1,0,0,0,0,0,0,0,0,0
2016.0,,1,0.99,0,"Nostalgia Hound,PiGravity","Back To Basics Gaming,Back To Basics Gaming",1,0,1,1,0,0,0,0,0,0,0,0,0,1,1,0,0,0,1,0,0,0,0,0,0,0,0,0
2016.0,11.0,0,2.99,0,"Evgeny Shcherbakov,Denis Ovsyannikov","Atriagames,Atriagames",1,0,0,1,0,0,0,0,0,0,0,0,0,1,1,0,0,0,0,0,0,0,0,0,0,1,0,0
2016.0,15.0,0,19.99,0,Rubycone,"Rubycone,Rubycone",1,0,0,1,0,0,0,0,0,0,0,0,0,1,1,1,0,0,0,0,0,0,0,1,1,0,0,0
2015.0,6.0,0,4.99,0,Smyowl,"Strategy First,Strategy First",0,0,1,1,0,0,0,0,0,0,0,0,0,0,1,0,0,0,1,0,0,0,0,0,0,0,0,0
2012.0,,1,14.99,0,"X1 Software,AWAR","Deep Silver,Deep Silver",1,0,0,0,0,1,1,0,0,0,0,0,0,1,0,0,0,1,0,1,0,0,1,1,1,1,1,1
2016.0,8.0,0,4.99,0,Team Indev,"Team Indev,Team Indev",1,1,0,1,0,0,0,0,0,0,0,0,0,1,1,1,0,0,0,0,0,0,0,0,0,1,1,0
2016.0,22.0,0,24.99,0,07th Expansion,"MangaGamer,MangaGamer",0,1,0,0,0,0,0,0,0,0,0,0,0,0,0,1,0,0,0,0,0,0,0,0,0,0,1,0
2016.0,,1,10.99,0,Eisenbahnwerk,"Dovetail Games,Dovetail Games",0,0,0,0,0,1,0,0,0,0,0,0,0,0,0,0,0,0,0,1,0,0,0,0,0,0,0,0
2015.0,51.0,0,49.96,0,Trese Brothers,"Trese Brothers,Trese Brothers",1,0,0,1,1,0,1,0,0,0,0,0,0,1,1,0,1,1,0,0,0,0,0,0,0,1,1,1
2017.0,,1,9.99,0,Gwyn Games,"Gwyn Games,Gwyn Games",1,0,0,0,0,0,0,0,0,0,0,0,0,1,0,0,0,0,0,0,0,0,0,1,0,0,0,0
2016.0,12.0,0,19.99,0,Giant Squid,"505 Games,505 Games",1,1,1,1,0,1,0,0,0,0,0,0,0,0,1,1,0,0,1,1,0,0,0,0,0,1,1,1
2016.0,15.0,0,9.99,0,Frontier Developments,"Frontier Developments,Frontier Developments",0,1,0,0,0,0,0,0,0,0,0,0,0,0,0,1,0,0,1,0,0,0,0,0,0,1,0,0
2010.0,,1,6.99,0,HeR Interactive,"HeR Interactive,HeR Interactive",0,1,0,0,0,0,0,0,0,0,0,0,0,0,0,1,0,0,0,0,0,0,0,0,0,0,0,0
2016.0,,1,2.99,0,Dan Fornace,,0,0,0,1,0,0,0,0,0,0,0,0,0,0,1,0,0,0,0,0,0,0,0,0,0,0,0,0
2014.0,,1,3.99,0,"Relic Entertainment,Feral Interactive (Mac),Feral Interactive (Linux)","SEGA,Feral Interactive (Mac),Feral Interactive (Linux),SEGA,Feral Interactive (Mac),Feral Interactive (Linux)",0,0,0,0,0,0,1,0,0,0,0,0,0,0,0,0,0,1,0,0,0,0,0,0,0,0,0,0
2016.0,24.0,0,14.99,0,Lion's Shade,"HeroCraft,HeroCraft",1,0,0,1,1,0,0,0,0,0,0,0,0,1,1,1,1,0,0,0,0,0,1,0,0,1,1,1
2017.0,9.0,0,8.99,0,"Nikkatsu Corporation,mebius","Aksys Games,Aksys Games",0,1,0,1,0,0,0,0,0,0,0,0,0,0,1,1,0,0,0,0,0,0,0,0,0,1,0,0
2018.0,1.0,0,,0,Inversion Software,"Inversion Software,Inversion Software",0,1,1,0,0,0,0,0,0,0,0,0,0,0,0,1,0,0,1,0,0,0,0,0,0,1,0,0
2015.0,51.0,0,9.99,0,TreeFortress Games,"TreeFortress Games,TreeFortress Games",1,1,0,1,0,0,0,0,1,0,0,0,0,1,1,1,0,0,0,0,0,1,1,0,0,0,0,0
2016.0,10.0,0,3.99,0,5Wolf,"5Wolf,5Wolf",0,0,0,0,0,1,0,0,0,0,0,1,0,0,0,0,0,0,0,1,0,0,0,0,0,1,1,0
2018.0,7.0,0,2.99,0,PsyRob,"PsyRob,PsyRob",0,1,1,1,0,0,0,0,0,0,0,0,0,0,1,1,0,0,1,0,0,0,0,0,0,0,0,0
2017.0,20.0,0,11.99,0,Fancy Fish Games,"Fancy Fish Games,Fancy Fish Games",0,1,0,1,0,0,0,0,0,0,0,0,0,0,1,1,0,0,0,0,0,0,0,0,0,1,0,0
2017.0,85.0,0,4.99,0,Brainagi Games,"Youzu Stars,Youzu Stars",0,0,0,1,0,0,0,0,0,0,0,1,0,0,1,0,0,0,0,0,0,0,0,0,0,0,0,0
2015.0,17.0,0,39.96,0,World-Loom,"Artifex Mundi,Artifex Mundi",0,1,1,0,0,0,0,0,0,0,0,0,0,0,1,1,0,0,1,0,0,0,0,0,0,1,0,0
2017.0,,1,17.99,0,MOONSTONE,"HIKARI FIELD,HIKARI FIELD",0,1,0,0,0,0,0,0,0,0,0,0,0,0,0,1,0,0,0,0,0,0,0,0,0,0,0,0
2013.0,102.0,0,4.99,0,,"Origo Games,Origo Games",1,1,0,1,0,0,0,0,0,0,0,0,0,1,1,1,0,0,0,0,0,0,0,0,0,0,0,0
2019.0,24.0,0,59.95,0,Brave Giant LTD,"Artifex Mundi,Artifex Mundi",0,1,1,0,0,0,0,0,0,0,0,0,0,0,0,1,0,0,1,0,0,0,0,0,0,1,0,0
2011.0,21.0,0,4.99,0,Muse Games,"Muse Games,Muse Games",0,0,0,1,0,0,0,0,0,0,0,0,0,0,1,0,0,0,0,0,0,0,0,0,0,0,0,0
2016.0,,1,,0,SculptrVR,"SculptrVR,SculptrVR",0,0,0,1,0,0,0,0,0,0,0,0,0,0,1,0,0,0,0,0,0,0,0,0,0,0,0,0
2016.0,,1,2.99,0,Ubisoft,"Ubisoft,Ubisoft",1,1,0,0,0,0,0,0,0,0,0,0,0,1,0,1,0,0,0,0,0,0,0,0,0,0,0,0
2016.0,31.0,0,14.99,0,Clever Endeavour Games,"Clever Endeavour Games,Clever Endeavour Games",1,0,1,1,0,0,0,0,0,0,0,0,0,1,1,1,0,1,1,0,0,0,1,0,0,1,1,1
2019.0,44.0,0,24.99,0,inkle Ltd,"inkle Ltd,inkle Ltd",0,1,0,1,0,0,0,0,0,0,0,0,0,0,1,1,0,0,0,0,0,0,0,0,0,1,0,0
2008.0,,1,9.99,0,Liquid Entertainment,"Codemasters,Codemasters",0,0,0,0,1,0,0,0,0,0,0,0,0,1,0,1,1,0,0,0,0,0,0,0,0,1,0,1
2016.0,14.0,0,4.99,0,Twisted Jenius,"Twisted Jenius,Twisted Jenius",1,1,0,1,0,0,0,0,0,0,0,0,0,1,1,1,0,0,0,0,0,0,0,0,0,1,0,0
2018.0,19.0,0,15.99,0,Contingent99,"Contingent99,Contingent99",1,1,0,1,0,0,0,0,0,0,0,0,0,1,1,1,1,0,0,0,0,0,1,0,0,1,1,1
2016.0,220.0,0,11.99,0,"BadFly Interactive, a.s.","App Holdings,App Holdings",1,0,0,1,1,0,0,0,0,0,0,0,0,1,1,0,1,0,0,0,0,0,1,1,1,1,1,1
2014.0,10.0,0,9.99,0,Vagabond Dog,"Devolver Digital,Devolver Digital",0,0,0,1,1,0,0,0,0,0,0,0,0,0,1,1,1,0,1,0,0,0,0,0,0,1,1,1
2012.0,1.0,0,9.99,0,,"Matthew C Cohen,Matthew C Cohen",1,1,0,1,0,1,0,0,0,0,0,1,0,1,1,1,0,0,0,1,0,0,0,0,0,0,1,0
2018.0,,1,9.99,0,NetDragon,"NetDragon,NetDragon",1,0,0,0,1,0,1,0,0,1,1,0,0,0,0,0,0,0,0,0,0,0,0,0,0,0,0,0
2016.0,40.0,0,,0,FIVE-BN GAMES,"FIVE-BN GAMES,FIVE-BN GAMES",0,1,1,0,0,0,0,0,0,1,0,0,0,0,0,1,0,0,1,0,0,0,0,0,0,0,1,0
2019.0,,1,4.99,0,"Eidos-Montréal,Crystal Dynamics,Nixxes software","Square Enix,Square Enix",1,1,0,0,0,0,0,0,0,0,0,0,0,1,0,1,0,0,0,0,0,0,0,0,0,0,0,0
2016.0,29.0,0,29.99,0,Team17 Digital Ltd,"Team17 Digital Ltd,Team17 Digital Ltd",1,0,0,0,0,0,1,0,0,0,0,0,0,1,0,1,0,1,1,0,0,0,1,0,1,1,1,1
2006.0,,1,6.99,0,Big Fish Games,"Big Fish Games,Big Fish Games",0,0,1,0,0,0,0,0,0,0,0,0,0,0,0,0,0,0,1,0,0,0,0,0,0,0,0,0
2017.0,,1,9.99,0,Arcane Architect,"Arcane Architect,Arcane Architect",0,0,0,0,0,0,0,0,0,0,0,1,0,0,0,0,0,0,0,0,0,0,0,0,0,0,0,0
2018.0,7.0,0,,0,不公开,"0Cube,0Cube",0,1,1,1,1,0,0,0,0,0,0,0,0,0,1,1,1,0,1,0,0,0,0,0,0,0,0,0
2019.0,30.0,0,19.99,0,Pigeons Interactive,"Pigeons Interactive,Pigeons Interactive",1,1,0,1,1,0,0,0,0,0,0,1,0,1,1,1,1,0,0,0,0,0,0,0,0,0,0,0
2018.0,,1,3.99,0,Crian Soft,"Crian Soft,Crian Soft",1,1,0,1,1,0,0,0,0,0,0,0,0,1,1,1,1,0,0,0,0,0,0,0,0,0,0,0
2019.0,,1,12.99,0,Ambiera,"Ambiera,Ambiera",0,0,0,0,0,1,1,0,0,0,0,0,0,0,1,0,0,1,1,1,0,0,0,0,0,1,0,0
2019.0,,1,,0,Owl Tribe Entertainment,"Owl Tribe Entertainment,Owl Tribe Entertainment",1,1,1,0,0,0,0,0,0,1,0,1,0,1,0,1,0,0,1,0,0,0,0,0,0,0,0,0
2018.0,10.0,0,3.99,0,Fabio Ferrara,"Chubby Pixel,Chubby Pixel",1,1,0,1,0,0,0,0,0,0,0,0,0,1,1,1,0,0,0,0,0,0,0,0,0,0,0,0
2017.0,,1,4.99,0,Suspicious Developments,"Suspicious Developments,Suspicious Developments",0,0,1,1,0,0,0,0,0,0,0,0,0,0,1,0,0,1,1,0,0,0,0,0,0,1,0,0
2017.0,14.0,0,1.99,0,Super Strong Games,"Super Strong Games,Super Strong Games",1,0,0,1,0,0,0,0,0,0,0,1,0,1,1,0,0,0,0,0,0,0,0,0,0,0,0,0
2012.0,,1,,0,JAVELIN OÜ,"JAVELIN OÜ,JAVELIN OÜ",1,1,0,0,0,0,0,0,0,1,1,0,0,1,0,1,0,0,0,0,0,0,1,0,1,0,1,1
2019.0,,1,4.99,0,Realmforge Studios,"Kalypso Media Digital,Kalypso Media Digital",0,0,0,0,0,1,1,0,0,0,0,0,0,0,0,0,0,1,0,1,0,0,0,0,0,0,0,0
2016.0,,1,0.99,0,Mindmuscle Games,"Mindmuscle Games,Mindmuscle Games",0,0,0,1,1,0,1,0,0,0,0,0,0,0,1,0,1,1,0,0,0,0,0,0,0,0,0,0
2018.0,,1,12.99,0,Black Diskette,"Black Diskette Studio,Black Diskette Studio",0,0,0,1,0,1,0,0,0,0,0,1,0,0,1,0,0,0,0,1,0,0,0,0,0,0,0,0
2017.0,33.0,0,14.99,0,"Right Nice Games,Grip Digital","Grip Digital,Grip Digital",1,1,1,1,0,0,0,0,0,0,0,0,0,1,1,1,0,0,1,0,0,0,0,0,0,1,0,0
2018.0,37.0,0,44.99,0,"INTI CREATES CO., LTD.","PQube Limited,PQube Limited",1,1,0,0,0,0,0,0,0,0,0,0,0,1,0,1,0,0,0,0,0,0,0,1,1,1,1,1
2016.0,,1,4.99,0,Wolverine Studios,"Wolverine Studios,Wolverine Studios",0,0,0,1,0,1,1,1,0,0,0,0,0,0,1,0,0,1,0,1,1,0,0,0,0,0,0,0
2018.0,,1,2.99,0,RuneStorm,"RuneStorm,RuneStorm",0,0,0,1,0,1,0,0,0,0,0,0,0,0,1,0,0,0,0,1,0,0,0,0,0,0,0,0
2018.0,18.0,0,12.99,0,Weird and Wry,"Weird and Wry,Weird and Wry",0,0,0,1,0,1,1,0,0,0,0,0,0,0,1,0,0,1,0,1,0,0,0,0,0,1,0,0
2014.0,37.0,0,19.99,0,"Eidos-Montréal,Feral Interactive (Mac)","Square Enix,Feral Interactive (Mac),Square Enix,Feral Interactive (Mac)",1,1,0,0,0,0,0,0,0,0,0,0,0,1,0,1,1,1,0,0,0,0,0,1,0,1,1,1
2018.0,76.0,0,9.99,0,Coffee Cat Games,"Black Tower Entertainment,Black Tower Entertainment",0,1,0,1,1,0,0,0,0,0,0,0,0,0,1,1,1,0,0,0,0,0,0,0,0,1,0,0
2016.0,9.0,0,14.99,0,Liz-Arts,"Sekai Project,Sekai Project",0,1,1,1,0,0,0,0,0,0,0,0,0,0,1,1,0,0,1,0,0,0,0,0,0,0,0,0
2019.0,1.0,0,0.99,0,Kavkaz Sila Games,"Kavkaz Sila Games,Kavkaz Sila Games",0,0,0,0,0,1,0,0,0,0,0,0,0,0,0,0,0,0,0,1,0,0,0,0,0,0,0,0
2015.0,,1,,0,NIKITA ONLINE,"NIKITA ONLINE,NIKITA ONLINE",1,0,0,0,1,0,0,0,0,1,1,0,0,1,0,0,1,0,0,0,0,0,1,0,0,0,1,0
2018.0,,1,0.99,0,Wargaming Group Limited,"Wargaming Group Limited,Wargaming Group Limited",1,0,0,0,0,1,0,0,0,1,1,0,0,1,0,0,0,0,0,1,0,0,1,0,0,0,0,0
2016.0,5.0,0,19.99,0,AGP::Studios,"AGP::Studios,AGP::Studios",1,0,0,1,1,1,0,0,0,0,0,1,0,1,1,0,1,0,0,1,0,0,0,0,0,0,0,0
2015.0,,1,2.99,0,Capcom,"Capcom,Capcom",1,1,0,0,0,0,0,0,0,0,0,0,0,1,0,1,0,0,0,0,0,0,0,0,0,0,0,0
2016.0,17.0,0,,0,Kickbomb Entertainment LLC,"Kickbomb Entertainment LLC,Kickbomb Entertainment LLC",1,0,0,1,0,0,0,0,0,0,0,0,0,1,1,0,0,0,0,0,0,0,0,0,1,1,0,0
2017.0,10.0,0,2.99,0,The House of Fables,"The House of Fables,The House of Fables",0,1,1,1,0,0,0,0,0,0,0,0,0,0,1,1,0,0,1,0,0,0,0,0,0,0,0,0
2016.0,17.0,0,0.99,0,RunServer,"RunServer,RunServer",0,0,1,1,0,0,0,0,0,0,0,0,0,0,1,0,0,0,1,0,0,0,0,0,0,1,0,0
2017.0,52.0,0,59.99,0,"Visual Concepts,Yuke's Co., LTD","2K,2K",0,0,0,0,0,1,0,1,0,0,0,0,0,0,0,0,0,0,0,1,1,0,1,0,0,1,1,1
2015.0,110.0,0,9.99,0,eduweb,"eduweb,eduweb",0,0,0,1,1,1,0,0,0,0,0,0,0,1,1,1,1,0,0,1,0,0,1,0,0,1,1,1
2014.0,,1,2.99,0,Dylan Loney,"Dylan Loney,Dylan Loney",1,1,1,1,0,0,0,0,0,0,0,0,0,1,1,1,1,0,1,0,0,0,0,0,0,1,1,0
2014.0,35.0,0,1.99,0,Midian Design,"Screen 7,Screen 7",0,1,0,1,0,0,0,0,0,0,0,0,0,0,1,1,0,0,0,0,0,0,0,0,0,1,0,0
2018.0,18.0,0,3.99,0,WSJ Team,"WSJ Team,WSJ Team",0,0,1,1,0,1,1,0,0,0,0,0,0,0,1,0,0,1,1,1,0,0,0,0,0,0,0,0
2016.0,4.0,0,3.99,0,InterAction studios,"InterAction studios,InterAction studios",1,0,1,1,0,0,0,0,0,0,0,0,0,1,1,0,0,0,1,0,0,0,0,0,0,0,0,0
2017.0,206.0,0,9.99,0,Soaphog,"Kasedo Games,Kasedo Games",0,1,0,1,1,0,0,0,0,0,0,0,0,0,1,1,1,0,0,0,0,0,0,0,0,0,0,0
2016.0,45.0,0,19.99,0,Triple Eh? Ltd,"Rising Star Games,Rising Star Games",0,1,0,1,0,0,0,0,0,0,0,0,0,1,1,1,0,0,0,0,0,0,0,0,0,0,0,0
2015.0,,1,16.99,0,First Class Simulations,"Dovetail Games - Flight,Dovetail Games - Flight",0,0,0,0,0,1,0,0,0,0,0,0,0,0,0,0,0,0,0,1,0,0,0,0,0,0,0,0
2010.0,65.0,0,0.99,0,Grendel Games,"Grendel Games,Grendel Games",1,1,1,1,0,0,0,0,0,0,0,0,0,1,1,1,0,0,1,0,0,0,0,0,0,0,0,0
2014.0,5.0,0,9.99,0,DL Softworks,"DL Softworks,DL Softworks",1,0,1,1,0,0,1,0,0,0,0,0,0,1,1,0,0,1,1,0,0,0,0,0,1,1,0,0
2014.0,,1,9.99,0,Ranmantaru Games,"Ranmantaru Games,Ranmantaru Games",1,1,0,1,0,0,1,0,0,0,0,1,0,1,1,1,0,1,0,0,0,0,0,0,0,1,0,0
2018.0,,1,19.99,0,VR Factory,"VR Factory,VR Factory",0,0,0,0,0,1,0,0,0,0,0,0,0,0,0,0,0,0,0,1,0,0,0,0,0,0,0,0
2017.0,,1,9.99,0,Hangar 13,"2K,2K",1,1,0,0,0,0,0,0,0,0,0,0,0,1,0,1,0,0,0,0,0,0,0,0,0,0,0,0
2015.0,82.0,0,9.99,0,"PolarityFlow,Adrian Zingg","PolarityFlow,PolarityFlow",1,0,0,1,1,0,1,0,0,0,0,0,0,1,1,0,1,1,0,0,0,0,0,0,0,0,0,0
2017.0,21.0,0,0.99,0,Chronicle Games,"Chronicle Games,Chronicle Games",0,0,1,1,0,0,0,0,0,0,0,0,0,0,1,0,0,0,1,0,0,0,0,0,0,0,0,0
2018.0,,1,9.99,0,Level-5,"BANDAI NAMCO Entertainment,BANDAI NAMCO Entertainment",0,1,0,0,1,0,0,0,0,0,0,0,0,0,0,1,1,0,0,0,0,0,0,0,0,0,0,0
2017.0,,1,9.99,0,Binji,"Binji,Binji",1,0,0,1,0,0,0,0,0,0,0,1,0,1,1,0,0,0,0,0,0,0,0,0,0,0,0,0
2016.0,,1,1.99,0,"Elias Viglione,Jussi Kukkonen",,1,1,0,1,1,0,0,0,0,0,1,0,0,1,1,1,1,0,0,0,0,0,1,0,0,0,0,0
2018.0,125.0,0,11.99,0,IO Interactive A/S,"Warner Bros Interactive Entertainment,Warner Bros Interactive Entertainment",1,0,0,0,0,0,0,0,0,0,0,0,0,1,0,0,0,1,0,0,0,0,1,0,1,1,1,1
2014.0,,1,9.99,0,Turbo Pixel Studios,"Turbo Pixel Studios,Turbo Pixel Studios",1,0,0,1,0,0,0,0,0,0,0,0,0,1,1,0,0,0,0,0,0,0,1,1,1,0,1,0
2017.0,101.0,0,0.99,0,Mihai Morosanu,"Mihai Morosanu,Mihai Morosanu",0,0,1,1,0,0,0,0,0,0,0,0,0,0,1,0,0,0,1,0,0,0,0,0,0,0,0,0
2016.0,,1,9.99,0,Exe Create Inc.,"KEMCO,KEMCO",0,1,1,1,1,0,0,0,0,0,0,0,0,0,1,1,1,1,1,0,0,0,0,0,0,0,0,0
2015.0,15.0,0,4.99,0,Stately Snail,"Stately Snail,Stately Snail",1,0,0,1,1,0,0,0,0,0,0,0,0,1,1,0,1,0,0,0,0,0,0,1,0,1,1,1
2017.0,17.0,0,29.99,0,Dynamic Pixels,"tinyBuild,tinyBuild",0,1,0,1,0,0,1,0,0,0,0,0,0,1,1,1,0,1,0,0,0,0,1,1,0,1,1,1
2015.0,20.0,0,4.99,0,OMNIDREAM CREATIONS,"OMNIDREAM CREATIONS,OMNIDREAM CREATIONS",0,0,0,1,0,0,1,0,0,0,0,0,0,0,1,0,0,1,0,0,0,0,0,0,0,0,0,0
2006.0,,1,4.99,0,Deepred,"Strategy First,Strategy First",0,0,0,0,0,0,1,0,0,0,0,0,0,0,0,0,0,1,0,1,0,0,0,0,0,0,0,0
2017.0,42.0,0,,0,Holyday Studios,"Holyday Studios,Holyday Studios",0,0,1,1,0,1,1,0,0,1,0,0,0,0,1,0,0,1,1,1,0,0,0,0,0,1,1,1
2016.0,39.0,0,14.99,0,Eggcode,"Eggcode,Eggcode",0,0,1,1,0,1,1,0,0,0,0,0,0,0,1,0,0,1,1,1,0,0,0,0,0,1,1,0
2018.0,34.0,0,14.99,0,"Four5Six Pixel,Huey Games","Huey Games,Huey Games",1,0,0,1,0,0,0,0,0,0,0,0,0,1,1,0,0,0,0,0,0,0,0,0,0,0,0,0
2015.0,,1,5.99,0,Backward pieS,"Backward pieS,Backward pieS",0,0,0,1,0,0,0,0,0,0,0,0,0,0,1,0,0,0,1,0,0,0,0,0,0,0,0,0
2008.0,,1,19.99,0,Maxis™,"Electronic Arts,Electronic Arts",0,0,0,0,0,1,0,0,0,0,0,0,0,1,0,1,1,1,1,1,0,0,1,0,0,1,1,1
2019.0,43.0,0,49.99,0,Eko Software,"Bigben Interactive,Bigben Interactive",1,1,0,0,1,0,0,0,0,0,0,0,0,1,0,1,1,0,0,0,0,0,0,0,0,0,1,0
2017.0,,1,80.81,0,ZOV GAME STUDIO,"ZOV GAME STUDIO,ZOV GAME STUDIO",1,1,0,1,1,0,1,0,0,0,0,0,0,1,1,1,1,1,0,0,0,0,0,0,0,0,0,0
2018.0,,1,2.99,0,IllFonic,"Gun Media,Gun Media",1,0,0,0,0,0,0,0,0,0,0,0,0,1,0,0,0,0,0,0,0,0,0,0,0,0,0,0
2013.0,19.0,0,39.96,0,Artifex Mundi,"Artifex Mundi,Artifex Mundi",0,1,1,0,0,0,0,0,0,0,0,0,0,0,1,1,0,0,1,0,0,0,0,0,0,1,1,1
2008.0,,1,9.99,0,Ubisoft Montreal,"Ubisoft,Ubisoft",1,0,0,0,0,0,0,0,0,0,0,0,0,1,0,1,0,1,0,0,0,0,1,1,1,1,1,1
2015.0,,1,14.99,0,RSK Entertainment,"KISS ltd,KISS ltd",1,1,0,1,0,0,0,0,0,0,0,0,0,1,1,1,0,0,0,0,0,0,0,0,0,0,0,0
2011.0,,1,29.99,0,Crytek Studios,"Electronic Arts,Electronic Arts",1,0,0,0,0,0,0,0,0,0,0,0,0,1,0,1,0,0,0,0,0,0,1,1,1,1,1,1
2016.0,,1,4.99,0,Phung Games,"Phung Games,Phung Games",1,0,1,1,1,0,0,0,0,0,0,0,0,1,1,0,1,0,1,0,0,0,0,0,0,0,0,0
2009.0,,1,9.99,0,Apeiron,"Buka Entertainment,Buka Entertainment",0,0,0,0,1,0,1,0,0,0,0,0,0,0,0,0,1,1,0,0,0,0,0,0,0,0,1,0
2017.0,1.0,0,4.99,0,Platonic Partnership Ltd,"Platonic Partnership Ltd,Platonic Partnership Ltd",0,1,0,1,0,0,0,0,0,0,0,0,0,0,1,1,0,0,0,0,0,0,0,0,0,0,1,0
2016.0,,1,0.0,1,Start VR,"Qantas,Qantas",0,0,0,0,0,0,0,0,0,0,0,0,0,0,0,0,0,0,1,0,0,0,0,0,0,1,0,0
2016.0,,1,,0,AHA Entertainment,"Giiku Games,Giiku Games",0,1,0,0,1,0,0,0,0,1,1,0,0,1,0,1,1,0,0,0,0,0,1,0,0,0,1,1
2011.0,33.0,0,9.99,0,Egosoft,"Egosoft,Egosoft",1,0,0,0,0,1,0,0,0,0,0,0,0,1,0,1,0,1,0,1,0,0,0,0,0,1,1,1
2008.0,4.0,0,2.49,0,"Tilted Mill Entertainment, Inc.","Tilted Mill Entertainment, Inc.,Tilted Mill Entertainment, Inc.",0,0,0,0,0,1,1,0,0,0,0,0,0,0,0,0,0,1,0,1,0,0,0,0,0,1,0,1
2018.0,,1,14.99,0,EP Games®,"EP Games®,EP Games®",1,0,1,1,0,0,0,0,0,0,0,0,0,1,1,0,0,0,1,0,0,0,1,0,0,0,0,0
2015.0,27.0,0,4.99,0,Hunter Hamster,"Hunter Hamster,Hunter Hamster",1,1,1,1,1,1,0,0,0,0,0,0,0,1,1,1,1,0,1,1,0,0,0,0,0,0,0,0
2015.0,18.0,0,2.99,0,SMG Studio,"SMG Studio,SMG Studio",1,0,1,1,0,0,0,0,0,0,0,0,0,1,1,0,0,0,1,0,0,0,1,0,0,0,0,0
2018.0,56.0,0,14.99,0,Final Boss Entertainment,"Final Boss Entertainment,Final Boss Entertainment",1,1,0,1,0,0,0,0,0,0,0,1,0,1,1,1,0,0,0,0,0,0,0,1,0,0,0,0
2016.0,9.0,0,6.99,0,electrolyte,"electrolyte,electrolyte",1,0,0,1,0,0,0,0,0,0,0,0,0,1,1,0,0,0,0,0,0,0,0,0,0,0,0,0
2018.0,,1,0.99,0,CSM,"W.T.B.,W.T.B.",1,1,0,1,0,0,0,0,0,0,0,0,0,1,1,1,0,0,0,0,0,0,0,0,0,0,0,0
2018.0,1.0,0,1.99,0,Matthew Brown,"Matthew Brown,Matthew Brown",0,0,0,1,0,0,0,0,0,0,0,0,0,0,1,0,0,0,0,0,0,0,0,0,0,0,0,0
2017.0,15.0,0,2.99,0,Parrott Studios,"Parrott Studios,Parrott Studios",1,0,1,1,0,0,0,0,0,0,0,0,0,1,1,0,0,0,1,0,0,0,0,0,0,0,0,0
2013.0,36.0,0,14.99,0,Allgraf,"KISS ltd,KISS ltd",1,1,0,1,0,0,0,0,0,0,0,0,0,1,1,1,0,0,0,0,0,0,0,0,0,1,1,0
2019.0,,1,0.99,0,Kiddy,"Kiddy,Kiddy",0,0,0,1,0,1,0,1,0,0,0,0,0,0,1,0,0,0,0,1,1,0,0,0,0,1,0,0
2017.0,,1,,0,"Io-Interactive A/S,Feral Interactive (Linux),Feral Interactive (Mac)","Io-Interactive A/S,Io-Interactive A/S",1,0,0,0,0,0,0,0,0,0,0,0,0,1,0,0,0,0,0,0,0,0,0,0,0,0,0,0
2017.0,51.0,0,29.99,0,Shining Pixel Studios,"Iceberg Interactive,Iceberg Interactive",0,0,0,1,0,1,1,0,0,0,0,0,0,0,1,1,0,1,0,1,0,0,1,0,0,1,1,1
2016.0,8.0,0,14.99,0,Jarrah Technology,"Jarrah Technology,Jarrah Technology",0,0,0,1,0,1,1,0,0,0,0,0,0,0,1,0,0,1,0,1,0,0,0,0,0,0,0,0
2016.0,9.0,0,19.99,0,Stress Level Zero,"Stress Level Zero,Stress Level Zero",1,1,0,1,0,0,0,0,0,0,0,0,0,1,1,1,0,0,0,0,0,0,1,1,1,0,1,1
2015.0,,1,,0,Prism Studios,,1,1,0,0,0,0,0,0,0,1,0,0,0,1,0,1,0,0,0,0,0,0,0,0,0,0,0,0
2018.0,24.0,0,2.99,0,"Jetdogs Studios,Zoom Out Games","Jetdogs Studios,Jetdogs Studios",0,0,1,1,0,0,1,0,0,0,0,0,0,0,1,0,0,1,1,0,0,0,0,0,0,0,0,0
2014.0,,1,4.99,0,Volition,"THQ Nordic,THQ Nordic",1,0,0,0,0,0,0,0,0,0,0,0,0,1,0,0,0,0,0,0,0,0,0,0,0,0,0,0
2011.0,25.0,0,5.99,0,"Games Farm,3Division","Games Farm,Games Farm",1,0,0,0,0,1,0,0,0,0,0,0,0,1,0,0,0,0,0,1,0,0,1,0,0,1,0,1
2015.0,22.0,0,1.99,0,Is Future Bright,"Is Future Bright,Is Future Bright",1,1,0,1,0,0,0,0,0,0,0,0,0,1,1,1,1,0,0,0,0,0,0,0,0,0,0,0
2015.0,,1,2.99,0,Sørb,"Sørb,Sørb",1,0,1,1,1,0,0,0,0,0,0,0,0,1,1,0,1,0,1,0,0,0,0,0,0,0,0,0
2017.0,,1,9.99,0,bumblebee,"rokapublish,rokapublish",0,1,0,0,1,0,0,0,0,0,0,0,0,0,1,1,1,0,1,0,0,0,0,0,0,1,0,0
2018.0,,1,,0,OKAM Studio,"OKAM Studio,OKAM Studio",1,0,1,1,0,1,0,0,0,1,1,0,0,1,1,0,0,0,1,1,0,0,1,0,0,0,0,0
2018.0,20.0,0,1.99,0,ATOMIC BREATH,"ATOMIC BREATH,ATOMIC BREATH",1,0,1,1,0,0,0,0,0,0,0,0,0,1,1,0,0,0,1,0,0,0,0,0,0,1,0,0
2014.0,70.0,0,9.99,0,"Playdek, Inc.","Asmodee Digital,Asmodee Digital",0,0,1,0,0,0,1,0,0,0,0,0,0,0,0,0,0,1,1,0,0,0,1,0,0,0,1,0
2014.0,10.0,0,5.99,0,Simogo,"Simogo,Simogo",0,1,0,1,0,0,0,0,0,0,0,0,0,0,1,1,0,0,0,0,0,0,0,0,0,1,1,0
2016.0,,1,6.99,0,The Revills Games,"Big Fish Games,Big Fish Games",0,0,1,0,0,0,1,0,0,0,0,0,0,0,0,0,0,1,1,0,0,0,0,0,0,0,0,0
2018.0,21.0,0,17.99,0,Dark Amber Softworks,"Dark Amber Softworks,Dark Amber Softworks",1,1,0,0,1,0,0,0,0,0,0,0,0,1,0,1,1,0,0,0,0,0,0,1,0,0,0,0
2018.0,52.0,0,,0,Veslo Games,"Veslo Games,Veslo Games",0,0,1,0,0,1,1,0,0,0,0,0,0,0,1,0,0,1,1,1,0,0,0,0,0,1,0,0
2018.0,,1,,0,MGAME Corporation,"Netgame Inc,Netgame Inc",0,0,0,0,0,0,0,0,0,1,1,0,0,0,0,0,1,0,0,0,0,0,1,0,0,0,0,0
2018.0,30.0,0,2.99,0,tamationgames,"tamationgames,tamationgames",0,0,0,1,0,0,0,0,0,0,0,0,0,0,1,0,0,0,0,0,0,0,0,0,0,0,0,0
2016.0,39.0,0,34.99,0,Slipgate Ironworks™,"3D Realms,3D Realms",1,1,0,0,0,0,0,0,0,0,0,0,0,1,0,1,0,0,0,0,0,0,0,0,1,0,0,0
2015.0,7.0,0,1.99,0,Solest Games,"Degica,Degica",0,1,1,1,0,0,0,0,0,0,0,0,0,0,1,1,1,0,1,0,0,0,0,0,0,1,0,0
2017.0,,1,9.99,0,Heavy Iron Studios,"Vive Studios,Vive Studios",0,1,0,0,0,0,0,0,0,0,0,0,0,0,0,1,0,0,0,0,0,0,0,0,0,0,0,0
2016.0,,1,0.0,1,"Fabio Ferrara,Fabio Mosca,Giulia Airoldi",,0,1,0,1,0,0,0,0,0,0,1,0,0,0,1,1,0,0,0,0,0,0,1,0,0,0,0,0
2013.0,20.0,0,,0,Petit Depotto,"AGM PLAYISM,AGM PLAYISM",0,0,0,1,0,1,1,0,0,0,0,0,0,0,1,0,0,1,1,1,0,0,0,0,0,1,1,1
2018.0,13.0,0,5.99,0,MagicK,"MagicK,MagicK",1,1,0,1,1,0,0,0,0,0,1,0,0,1,1,1,1,0,0,0,0,0,1,0,0,0,0,0
2011.0,9.0,0,,0,Winter Wolves,"Winter Wolves,Winter Wolves",0,1,1,0,0,1,0,0,0,0,0,0,0,0,1,1,0,0,1,1,0,0,0,0,0,1,0,0
2012.0,49.0,0,19.99,0,Codemasters Birmingham,"Codemasters,Codemasters",0,0,0,0,0,1,0,1,1,0,0,0,0,0,0,0,0,0,0,1,1,1,1,0,0,1,1,1
2013.0,11.0,0,4.99,0,Locked Door Puzzle,"Lupus Studios Limited,Lupus Studios Limited",0,1,0,1,0,0,0,0,0,0,0,0,0,0,1,1,0,0,0,0,0,0,0,0,0,1,1,0
2016.0,,1,1.39,0,DOMO Studio,"SOFTSTAR ENTERTAINMENT INC.,SOFTSTAR ENTERTAINMENT INC.",0,0,0,0,1,0,0,0,0,0,0,0,0,0,0,0,1,0,0,0,0,0,0,0,0,0,0,0
2017.0,6.0,0,3.99,0,Warfare Studios,"Warfare Studios,Warfare Studios",0,1,1,1,1,0,1,0,0,0,0,0,0,0,1,1,1,1,1,0,0,0,0,0,0,0,0,0
2017.0,,1,,0,Future Lighthouse,"Future Lighthouse,Future Lighthouse",0,1,0,0,0,0,0,0,0,0,0,0,0,0,0,1,0,0,0,0,0,0,0,0,0,0,0,0
2014.0,123.0,0,14.99,0,Frogdice,"Frogdice,Frogdice",0,1,1,1,1,0,1,0,0,0,0,0,0,0,1,1,1,1,1,0,0,0,0,0,0,0,0,0
2017.0,1.0,0,2.99,0,m12y,"m12y,m12y",0,0,0,1,0,0,0,0,0,0,0,0,0,0,1,0,0,0,1,0,0,0,0,0,0,0,0,0
2017.0,22.0,0,9.99,0,Sproing,"505 Games,505 Games",0,0,0,0,1,1,1,0,0,0,0,0,0,0,1,0,1,1,0,1,0,0,0,0,0,0,0,0
2019.0,12.0,0,6.99,0,NEXT Studios,"NEXT Studios,bilibili,NEXT Studios,bilibili",0,0,0,1,1,1,0,0,0,0,0,0,0,0,1,0,1,0,0,1,0,0,0,0,0,0,1,0
2017.0,5.0,0,,0,Alan Edwardes,"Alan Edwardes,Alan Edwardes",1,1,1,1,0,0,0,0,0,0,0,1,0,1,1,1,0,0,1,0,0,0,1,1,1,1,1,1
2014.0,70.0,0,19.99,0,Haemimont Games,"Kalypso Media Digital,Kalypso Media Digital",0,0,0,0,1,1,1,0,0,0,0,0,0,0,0,0,1,1,0,1,0,0,1,0,0,1,1,1
2016.0,39.0,0,2.99,0,Herbi Games,"Herbi Games,Herbi Games",1,0,1,1,1,0,0,0,0,0,0,0,0,1,1,0,1,0,1,0,0,0,0,0,0,0,0,0
2018.0,45.0,0,24.77,0,Snkl Studio,"Snkl Studio,Snkl Studio",0,0,1,1,0,0,0,0,0,0,0,0,0,0,1,0,0,0,1,0,0,0,0,0,0,1,0,0
2019.0,30.0,0,0.99,0,Tintin Game,"Tintin Game,Tintin Game",0,0,1,1,0,1,0,0,0,0,0,0,0,0,1,0,0,0,1,1,0,0,0,0,0,0,0,0
2018.0,,1,,0,Pragmatix Ltd,"Pragmatix Ltd,Pragmatix Ltd",1,0,0,0,1,0,1,0,0,0,0,0,0,1,0,0,1,1,0,0,0,0,1,0,0,1,1,0
2015.0,,1,1.99,0,Rocksteady,,1,1,0,0,0,0,0,0,0,0,0,0,0,1,0,1,0,0,0,0,0,0,0,0,0,0,0,0
2016.0,,1,,0,"IMCGAMES Co.,Ltd.","IMCGAMES Co.,Ltd.,IMCGAMES Co.,Ltd.",0,0,0,0,1,0,0,0,0,1,1,0,0,1,0,1,1,0,0,0,0,0,1,0,0,0,1,1
2014.0,,1,9.99,0,Brace Yourself Games,,1,0,0,1,1,0,0,0,0,0,0,0,0,1,1,0,1,0,0,0,0,0,0,0,0,0,0,0
2017.0,,1,0.0,1,Laminar Research,"Laminar Research,Laminar Research",0,0,0,0,0,1,0,0,0,0,0,0,0,0,0,0,0,0,0,1,0,0,0,0,0,0,0,0
2013.0,35.0,0,4.99,0,Awesome Games Studio,"Awesome Games Studio,Awesome Games Studio",0,0,1,1,0,0,0,0,0,0,0,0,0,1,1,1,0,0,1,0,0,0,0,0,0,1,1,1
2017.0,15.0,0,4.99,0,Felip Guimerà,"FelGC.GamesDevelopment,FelGC.GamesDevelopment",0,0,1,1,0,0,1,0,0,0,0,0,0,0,1,0,0,1,1,0,0,0,0,0,0,0,0,0
2013.0,78.0,0,,0,Aventurine SA,"Aventurine,Aventurine",1,0,0,1,1,0,0,0,0,0,1,0,0,1,1,0,1,0,0,0,0,0,1,0,0,0,1,0
2012.0,30.0,0,7.99,0,Blit Software,"SEGA,SEGA",1,0,0,0,0,0,0,0,0,0,0,0,0,1,0,0,0,0,0,0,1,0,0,0,0,1,1,1
2015.0,,1,2.99,0,Red Dot Games,"PlayWay S.A.,PlayWay S.A.",0,0,0,0,0,1,0,0,1,0,0,0,0,0,0,0,0,0,0,1,0,1,0,0,0,1,0,0
2018.0,9.0,0,2.97,0,Phil Fortier,"Phil Fortier,Phil Fortier",0,1,0,1,0,0,0,0,0,0,0,0,0,0,1,1,0,0,0,0,0,0,0,0,0,0,0,0
2009.0,45.0,0,9.99,0,Gaijin Entertainment,"Gaijin Entertainment,Gaijin Entertainment",0,0,0,0,0,1,0,0,0,0,0,0,0,1,0,0,0,0,0,1,0,0,1,0,0,1,1,1
2014.0,46.0,0,19.99,0,Arrowhead Game Studios,"WB Games,WB Games",1,1,0,0,1,0,0,0,0,0,0,0,0,1,0,1,1,0,1,0,0,0,1,0,0,0,1,1
2016.0,,1,17.99,0,"インレ,Inre",,0,1,0,0,0,0,0,0,0,0,0,0,0,0,0,1,0,0,0,0,0,0,0,0,0,0,0,0
2018.0,2.0,0,3.99,0,Silence Game,"Silence Game,Silence Game",1,1,1,1,1,0,0,0,0,0,0,0,0,1,1,1,1,0,1,0,0,0,0,0,0,0,0,0
2018.0,37.0,0,16.99,0,Over The Moon,"Over The Moon,Over The Moon",1,1,0,1,0,0,0,0,0,0,0,0,0,1,1,1,0,0,0,0,0,0,0,0,0,0,0,0
2017.0,,1,4.99,0,Virtual Imagineering S.L.,"Virtual Imagineering S.L.,Virtual Imagineering S.L.",1,0,1,0,0,0,0,0,0,0,0,0,0,1,0,0,0,0,1,0,0,0,0,0,0,0,0,0
2014.0,83.0,0,6.99,0,Elder Games,"Merge Games,Headup Games,Merge Games,Headup Games",0,0,0,1,0,0,1,0,0,0,0,0,0,0,1,0,0,1,0,0,0,0,1,0,0,1,0,1
2018.0,75.0,0,0.99,0,Zloy Krot Studio,"Zloy Krot Studio,Zloy Krot Studio",0,0,1,1,0,1,0,0,0,0,0,0,0,0,1,0,0,0,1,1,0,0,0,0,0,0,0,0
2017.0,1.0,0,0.99,0,Koker_007,"Koker_007,Koker_007",0,0,1,1,0,0,0,0,0,0,1,1,0,0,1,0,0,0,1,0,0,0,1,0,0,0,0,0
2012.0,1746.0,0,6.99,0,Netcore Games,"Netcore Games,Netcore Games",0,1,0,1,1,0,0,0,0,0,0,0,0,0,1,1,1,0,0,0,0,0,0,0,0,1,1,1
2016.0,7.0,0,1.99,0,"GaelDK,Fabien Spiess (Sogaki),Antoine Rigitano,Serge Sentis (Aerosteak),Nicolas Billon (V3ry)","Infiniverse,Infiniverse",0,1,1,1,0,0,0,0,0,0,0,0,0,0,1,1,0,0,1,0,0,0,0,0,0,0,0,0
2016.0,20.0,0,4.99,0,Colossus Interactive,"Colossus Interactive,Colossus Interactive",1,0,0,1,0,0,0,0,0,0,0,0,0,1,1,0,0,0,0,0,0,0,0,0,0,0,0,0
2015.0,40.0,0,9.99,0,Kilted Camel,"KISS ltd,KISS ltd",0,0,0,1,0,0,1,0,0,0,0,0,0,0,1,0,0,1,0,0,0,0,0,0,0,0,0,0
2016.0,25.0,0,1.99,0,Kodari Games,"Kodari Games,Kodari Games",1,0,0,1,0,0,0,0,0,0,0,0,0,1,1,1,0,0,1,0,0,0,0,0,0,0,0,0
2015.0,,1,6.99,0,Humongous Entertainment,"Humongous Entertainment,Nightdive Studios,Humongous Entertainment,Nightdive Studios",0,0,1,0,0,0,0,0,0,0,0,0,0,0,0,0,0,0,1,0,0,0,0,0,0,0,0,0
2015.0,11.0,0,7.99,0,Dark Roast Entertainment,"Dark Roast Entertainment,Dark Roast Entertainment",0,0,0,1,1,0,1,0,0,0,0,0,0,0,1,0,1,1,0,0,0,0,0,0,0,0,0,0
2017.0,,1,0.0,1,Red Skald,"Red Skald,Red Skald",0,1,0,1,0,1,0,0,0,1,0,0,0,0,1,1,0,0,0,1,0,0,0,0,0,0,0,0
2013.0,19.0,0,7.99,0,Studio Bean,"Adult Swim Games,Adult Swim Games",0,0,1,1,0,0,0,0,0,0,0,0,0,0,1,0,0,0,1,0,0,0,0,0,0,0,1,0
2018.0,31.0,0,24.99,0,Refract,"Refract,Refract",1,0,0,1,0,0,0,0,1,0,0,0,0,1,1,1,0,0,0,0,0,1,1,0,0,1,1,1
2018.0,,1,,0,藍茶高校 Blue Tea College,"藍茶高校 Blue Tea College,藍茶高校 Blue Tea College",0,1,0,0,0,0,0,0,0,1,0,0,0,0,0,1,0,0,0,0,0,0,0,0,0,0,0,0
2016.0,7.0,0,4.99,0,Fireproof Games,"Fireproof Games,Fireproof Games",0,1,0,1,0,0,0,0,0,0,0,0,0,0,1,1,0,0,1,0,0,0,0,0,0,1,1,0
2015.0,142.0,0,29.99,0,Brightrock Games,"Brightrock Games,Brightrock Games",0,0,0,1,0,1,1,0,0,0,0,0,0,0,1,0,0,1,0,1,0,0,1,0,0,1,1,1
2018.0,,1,2.99,0,"CREATIVE ASSEMBLY,Feral Interactive (Mac),Feral Interactive (Linux)",,1,0,0,0,0,0,1,0,0,0,0,0,0,1,0,0,0,1,0,0,0,0,0,0,0,0,0,0
2015.0,,1,,0,BrainDead Games,,0,0,0,0,0,0,0,0,0,0,0,1,0,0,1,0,0,0,0,0,0,0,0,1,0,0,0,0
2014.0,71.0,0,19.99,0,Tango Gameworks,"Bethesda Softworks,Bethesda Softworks",1,0,0,0,0,0,0,0,0,0,0,0,0,1,0,1,0,0,0,0,0,0,0,0,1,1,1,1
2017.0,,1,2.99,0,RETO MOTO,"RETO MOTO,RETO MOTO",1,0,0,1,0,0,0,0,0,1,1,0,0,1,1,0,0,0,0,0,0,0,1,1,0,0,0,0
2016.0,31.0,0,9.99,0,Gamious,"Gamious,Gamious",0,0,0,1,0,1,1,0,0,0,0,0,0,0,1,0,0,1,1,1,0,0,1,0,0,1,1,1
2018.0,1172.0,0,14.99,0,Thylacine Studios,"Thylacine Studios LLC,Thylacine Studios LLC",0,0,0,0,1,0,0,0,0,0,0,0,0,0,1,0,1,0,0,0,0,0,0,0,0,0,1,0
2017.0,,1,0.99,0,LongWu,"LongWu,LongWu",0,0,0,1,0,0,0,0,0,0,0,0,0,0,1,0,0,0,0,0,0,0,0,0,0,0,0,0
2018.0,13.0,0,14.99,0,Square Enix,"Square Enix,Square Enix",0,0,0,0,1,0,0,0,0,0,0,0,0,1,0,1,1,0,0,0,0,0,0,0,0,1,1,1
2017.0,35.0,0,29.99,0,"IMGN.PRO,Fool's Theory","IMGN.PRO,IMGN.PRO",1,1,0,1,1,0,0,0,0,0,0,0,0,1,1,1,1,1,0,0,0,0,0,0,0,1,1,1
2017.0,28.0,0,19.99,0,GAME FREAK inc.,"Rising Star Games,Rising Star Games",1,1,0,0,0,0,0,0,0,0,0,0,0,1,0,1,0,0,0,0,0,0,0,0,0,0,1,0
2019.0,28.0,0,,0,Dird Games,"Dird Games,Dird Games",0,0,0,1,0,0,1,0,0,0,0,1,0,0,1,0,0,1,0,0,0,0,1,0,0,0,0,0
2016.0,,1,14.99,0,Fazan,"Fazan,Fazan",1,1,0,1,0,0,0,0,0,0,0,0,0,1,1,1,0,0,0,0,0,0,0,0,0,0,0,0
2007.0,,1,9.99,0,Frozenbyte,"Frozenbyte,Frozenbyte",1,0,0,0,0,0,0,0,0,0,0,0,0,1,0,0,0,0,0,0,0,0,0,0,1,1,1,1
2011.0,,1,2.99,0,"Haemimont Games,Feral Interactive (Mac)","Kalypso Media Digital,Feral Interactive (Mac),Kalypso Media Digital,Feral Interactive (Mac)",0,0,0,0,0,1,1,0,0,0,0,0,0,0,0,0,0,1,0,1,0,0,0,0,0,0,0,0
2019.0,,1,59.99,0,Clickteam,,0,0,0,0,0,0,0,0,0,0,0,0,1,0,0,0,0,0,0,0,0,0,0,0,0,0,0,0
2013.0,,1,11.99,0,Novectacle,,0,1,0,0,0,0,0,0,0,0,0,0,0,0,0,1,0,0,0,0,0,0,0,0,0,0,0,0
2016.0,,1,9.99,0,CodeBison Games,"CodeBison Games,CodeBison Games",1,1,0,1,1,0,0,0,0,0,0,0,0,1,1,1,1,0,0,0,0,0,0,0,0,0,0,0
2017.0,12.0,0,2.99,0,Afterthought Games,"Afterthought Games,Afterthought Games",0,0,1,1,0,1,1,0,0,0,0,0,0,0,1,0,0,1,1,1,0,0,1,0,0,1,0,1
2015.0,,1,24.99,0,Bankroll Studios,"Bankroll Studios,Bankroll Studios",1,1,0,0,0,1,0,0,0,0,0,1,0,1,1,1,0,0,0,1,0,0,1,1,1,1,1,1
2018.0,,1,9.99,0,White Dog Games,"White Dog Games,White Dog Games",1,1,1,1,0,0,0,0,0,0,0,0,0,1,1,1,0,0,1,0,0,0,0,0,0,1,0,0
2009.0,,1,7.99,0,Akella,"Akella,Akella",1,0,0,0,1,0,0,0,0,0,0,0,0,1,0,1,1,0,0,0,0,0,0,0,0,0,0,0
2007.0,20.0,0,3.99,0,R C Knight,,0,0,1,1,0,0,0,0,0,0,0,0,0,0,1,0,0,0,1,0,0,0,0,0,1,0,0,0
2010.0,,1,19.99,0,DICE,"Electronic Arts,Electronic Arts",1,0,0,0,0,0,0,0,0,0,0,0,0,1,0,1,0,1,0,1,0,0,1,1,1,1,1,1
2018.0,,1,1.99,0,Soleil Ltd.,"BANDAI NAMCO Entertainment,BANDAI NAMCO Entertainment",1,0,0,0,0,0,0,0,0,0,0,0,0,1,0,0,0,0,0,0,0,0,0,0,0,0,0,0
2011.0,40.0,0,133.81,0,"Octane Games,Meridian4","Meridian4,Meridian4",1,0,0,1,0,0,0,0,0,0,0,0,0,1,1,0,0,0,0,0,0,1,0,0,1,0,0,1
2006.0,,1,9.99,0,N-Fusion Interactive,"Retroism,Retroism",1,0,0,0,0,0,0,0,0,0,0,0,0,1,0,0,0,0,0,0,0,0,0,0,0,0,0,0
2019.0,14.0,0,14.99,0,Facepunch Studios,"Facepunch Studios,Facepunch Studios",1,0,0,1,0,0,0,0,0,0,0,0,0,1,1,0,0,0,0,0,0,0,0,0,0,0,0,0
2016.0,,1,8.99,0,773,"Culture Select,Culture Select",0,1,0,1,0,0,0,0,0,0,0,0,0,0,1,1,0,0,0,0,0,0,0,0,0,0,0,0
2018.0,40.0,0,1.99,0,adnzzzzZ,"adnzzzzZ,adnzzzzZ",1,0,1,1,1,0,0,0,0,0,0,0,0,1,1,0,1,0,1,0,0,0,0,0,1,0,0,0
2019.0,,1,9.99,0,Lazylab Games,"Lazylab Games,Lazylab Games",1,1,0,1,0,0,0,0,0,0,0,0,0,1,1,1,0,0,0,0,0,0,0,0,0,0,0,0
2016.0,,1,,0,Netker Inc.,"Netker Inc.,Netker Inc.",1,0,0,1,0,0,0,0,0,0,0,0,0,1,1,0,0,0,0,0,1,0,1,0,0,0,0,0
2016.0,,1,1.99,0,"Codemasters,Feral Interactive (Mac)","Codemasters,Feral Interactive (Mac),Codemasters,Feral Interactive (Mac)",0,0,0,0,0,0,0,1,1,0,0,0,0,0,0,0,0,0,0,0,1,1,0,0,0,0,0,0
2017.0,10.0,0,9.99,0,Bugbyte Ltd.,"Bugbyte Ltd.,Bugbyte Ltd.",0,0,0,0,0,0,1,0,0,0,0,0,0,1,1,0,0,1,0,1,0,0,0,0,0,1,0,1
2019.0,25.0,0,15.99,0,HexGameStudio,"HexGameStudio,HexGameStudio",0,1,0,1,1,0,1,0,0,0,0,1,0,1,1,1,1,1,0,0,0,0,0,0,0,1,0,1
2015.0,34.0,0,3.99,0,Teyon,"Mastiff,Mastiff",1,0,0,0,0,0,0,0,0,0,0,0,0,1,0,0,0,0,0,0,0,0,0,1,1,0,0,0
2011.0,,1,14.99,0,Kot in Action Creative Artel,"Kot in Action Creative Artel,Kot in Action Creative Artel",1,0,0,1,0,0,0,0,0,0,0,0,0,1,1,0,0,0,0,0,0,0,0,0,1,1,0,0
2017.0,22.0,0,5.99,0,Rasul Mono,"Rasul Mono,Rasul Mono",1,0,0,1,0,0,0,0,0,0,0,0,0,1,1,0,0,0,0,0,0,0,0,0,1,1,0,0
2015.0,,1,4.99,0,"Klei Entertainment,Capybara Games","Klei Entertainment,Klei Entertainment",0,1,0,1,0,1,0,0,0,0,0,0,0,1,1,1,0,1,0,1,0,0,1,0,0,1,1,1
2014.0,38.0,0,39.99,0,"FromSoftware, Inc","BANDAI NAMCO Entertainment,FromSoftware, Inc,BANDAI NAMCO Entertainment,FromSoftware, Inc",1,0,0,0,1,0,0,0,0,0,0,0,0,1,0,1,1,0,0,0,0,0,1,0,0,0,1,1
2018.0,10.0,0,76.67,0,LillyWelland Inc.,"Bitlock Studio,Bitlock Studio",1,1,1,0,0,0,0,0,0,0,0,0,0,1,0,1,0,0,1,0,0,0,0,0,0,0,0,0
2016.0,,1,1.99,0,"Psyonix, Inc.","Psyonix, Inc.,Psyonix, Inc.",1,0,0,1,0,0,0,1,1,0,0,0,0,1,1,0,0,0,0,0,1,1,0,0,0,0,0,0
2015.0,5.0,0,4.99,0,DYA Games,"DYA Games,DYA Games",1,1,0,1,0,0,0,0,0,0,0,0,0,1,1,1,0,0,0,0,0,0,0,0,0,1,0,0
2017.0,,1,9.99,0,Insane Dreamers,"Insane Dreamers,Insane Dreamers",1,0,0,1,0,0,1,0,0,0,0,0,0,1,1,0,0,1,0,0,0,0,0,1,1,1,1,0
2019.0,23.0,0,5.99,0,AxiPLAY,"AxiPLAY,AxiPLAY",0,1,1,1,0,0,0,0,0,0,0,0,0,0,1,1,0,0,1,0,0,0,0,0,0,0,0,0
2017.0,,1,14.99,0,Devespresso Games,"Digerati,Digerati",1,1,0,1,0,0,0,0,0,0,0,0,0,1,1,1,0,0,0,0,0,0,0,0,0,0,0,0
2016.0,,1,19.99,0,PlayFlock,,0,1,1,1,1,1,1,0,0,1,0,0,0,0,1,1,1,1,1,1,0,0,0,0,0,0,0,0
2017.0,,1,0.99,0,Marvelous Inc.,"XSEED Games,Marvelous USA, Inc.,XSEED Games,Marvelous USA, Inc.",1,0,0,0,0,0,0,0,0,0,0,0,0,1,0,0,0,0,0,0,0,0,0,0,0,0,0,0
2014.0,30.0,0,9.99,0,Fledermaus,"Digital Tribe,Digital Tribe",1,1,0,1,0,0,0,0,0,0,0,0,0,1,1,1,0,0,0,0,0,0,0,0,0,0,0,0
2016.0,63.0,0,4.99,0,Guru Games,"Guru Games,Guru Games",0,0,0,1,0,0,0,0,0,0,0,0,0,1,1,1,0,0,0,0,0,0,0,0,1,0,0,0
2016.0,1.0,0,19.99,0,RUST LTD.,"RUST LTD.,RUST LTD.",1,0,0,1,0,1,0,0,0,0,0,1,0,1,1,0,0,0,0,1,0,0,0,1,1,1,1,1
2018.0,,1,0.99,0,ETGgames,"ETGgames,ETGgames",0,0,1,1,0,1,0,0,0,0,0,0,0,0,1,0,0,0,1,1,0,0,0,0,0,0,0,0
2017.0,25.0,0,24.99,0,Studio Fizbin,"Headup Games,Kalypso Media Digital,Headup Games,Kalypso Media Digital",0,1,0,1,0,0,0,0,0,0,0,0,0,0,1,1,0,0,0,0,0,0,0,0,0,1,0,0
2019.0,,1,0.99,0,Revmatek,"Revmatek,Revmatek",0,0,1,1,0,1,0,0,0,0,0,0,0,0,1,0,0,0,1,1,0,0,0,0,0,0,0,0
2019.0,38.0,0,19.99,0,Gattai Games,"Gattai Games,Gattai Games",1,1,1,1,0,1,1,0,0,0,0,1,0,1,1,0,0,1,1,1,0,0,0,0,1,1,0,0
2018.0,100.0,0,14.99,0,Battlecruiser Games,"Battlecruiser Games,Battlecruiser Games",0,0,0,1,0,0,1,0,0,0,0,0,0,0,1,0,0,1,0,0,0,0,1,0,0,0,1,0
2015.0,17.0,0,9.99,0,"Aspyr,Quantic Dream (original release)","Aspyr,Aspyr",0,1,0,0,1,0,0,0,0,0,0,0,0,1,0,1,1,0,0,0,0,0,0,0,0,1,1,1
2017.0,24.0,0,1.99,0,"Turupawn,Ceteco,bobbyliciou5,morghan831,immac","Rosalila,Rosalila",1,0,0,1,0,0,0,0,0,0,0,0,0,1,1,0,0,0,0,0,0,0,0,0,0,0,0,0
2014.0,490.0,0,84.97,0,Digitalmindsoft,"1C Entertainment,1C Entertainment",1,0,0,0,0,1,1,0,0,0,0,0,0,1,0,0,0,1,0,1,0,0,1,0,0,1,1,1
2018.0,,1,,0,DONTNOD Entertainment,"Square Enix,Square Enix",0,1,0,0,0,0,0,0,0,0,0,0,0,0,0,1,0,0,0,0,0,0,0,0,0,1,0,0
2018.0,,1,4.99,0,Mykel Flynn,"Mykel Flynn,Mykel Flynn",0,1,0,1,1,0,1,0,0,0,0,0,0,0,1,1,1,1,0,0,0,0,0,0,0,0,0,0
2019.0,,1,0.99,0,BiscuitGames,"BiscuitGames,BiscuitGames",1,1,0,1,0,1,0,0,0,0,0,0,0,1,1,1,0,0,0,1,0,0,0,0,0,1,0,0
2014.0,,1,19.99,0,Dovetail Games,"Dovetail Games - Trains,Dovetail Games - Trains",0,0,0,0,0,1,0,0,0,0,0,0,0,0,0,0,0,0,0,1,0,0,0,0,0,0,0,0
2018.0,,1,36.73,0,"FRAdrift,RewindApp","RewindApp,RewindApp",0,0,1,1,0,1,0,0,1,0,0,0,0,0,1,0,0,0,1,1,0,1,0,0,0,0,0,0
2018.0,30.0,0,12.99,0,Magic Notion Ltd,"Magic Notion Ltd,Magic Notion Ltd",0,0,1,1,0,1,0,0,0,0,0,0,0,0,1,0,0,0,1,1,0,0,0,0,0,1,0,0
2015.0,23.0,0,4.99,0,Fallen Tree Games Ltd,"Fallen Tree Games Ltd,Fallen Tree Games Ltd",0,0,1,1,0,0,0,0,0,0,0,0,0,0,1,0,0,0,1,0,0,0,0,0,0,0,0,0
2019.0,30.0,0,9.99,0,Novalink,"Novalink,Novalink",1,1,0,1,0,0,0,0,0,0,0,0,0,1,1,1,0,0,0,0,0,0,0,0,0,0,0,0
2018.0,,1,9.99,0,"Nomada Studio,Berlinist","Devolver Digital,Devolver Digital",0,1,0,1,0,0,0,0,0,0,0,0,0,0,1,1,0,0,0,0,0,0,0,0,0,0,0,0
2019.0,36.0,0,9.99,0,Strange Fire,"Excalibur Games,Excalibur Games",0,1,0,1,1,1,1,0,0,0,0,0,0,0,1,1,1,1,0,1,0,0,1,0,0,0,1,0
2007.0,,1,3.99,0,SimBin,"SimBin,SimBin",0,0,0,0,0,0,0,0,1,0,0,0,0,0,0,0,0,0,0,1,1,1,1,0,0,1,1,1
2015.0,21.0,0,5.99,0,Dingo Games,"Dingo Games,Dingo Games",1,1,1,1,0,0,0,0,0,0,0,0,0,1,1,1,0,0,1,0,0,0,0,0,0,1,1,0
2016.0,,1,1.99,0,Synetic,,0,0,1,0,0,0,0,0,1,0,0,0,0,0,0,0,0,0,1,0,0,1,0,0,0,0,0,0
2010.0,71.0,0,24.99,0,"CREATIVE ASSEMBLY,Feral Interactive (Mac)","SEGA,Feral Interactive (Mac),SEGA,Feral Interactive (Mac)",0,0,0,0,0,0,1,0,0,0,0,0,0,1,0,0,0,1,0,1,0,0,1,0,0,1,1,1
2018.0,10.0,0,2.99,0,The Crow Studios,"GrabTheGames,GrabTheGames",0,1,0,1,0,0,0,0,0,0,0,0,0,0,1,1,0,0,0,0,0,0,0,0,0,1,0,0
2017.0,,1,0.0,1,"Jaunt, Inc",,0,0,0,0,0,0,0,0,0,0,0,0,0,0,0,0,0,0,0,0,0,0,0,0,0,0,0,0
2016.0,,1,4.99,0,"Ironclad Games,Stardock Entertainment","Stardock Entertainment,Stardock Entertainment",0,0,0,1,0,0,1,0,0,0,0,0,0,0,1,0,0,1,0,0,0,0,0,0,0,0,0,0
2015.0,,1,19.99,0,Alternative Software Ltd,"Alternative Software Ltd,Alternative Software Ltd",1,0,1,0,0,1,1,1,0,0,0,0,0,1,0,0,0,1,1,1,1,0,0,0,0,1,0,0
2016.0,,1,0.0,1,Karman Interactive,"Karman Interactive,Karman Interactive",0,0,0,0,0,1,0,0,0,0,0,0,0,0,0,0,0,0,0,1,0,0,0,0,0,0,0,0
2018.0,9.0,0,19.99,0,Wild Factor,"Good Shepherd Entertainment,Good Shepherd Entertainment",0,0,0,1,0,1,1,0,0,0,0,0,0,0,1,0,0,1,0,1,0,0,0,0,0,1,1,1
2019.0,,1,14.99,0,Squad,"Private Division,Private Division",0,0,0,1,0,1,0,0,0,0,0,0,0,0,1,0,0,0,0,1,0,0,0,0,0,0,0,0
2016.0,45.0,0,0.99,0,Alister Software,"Back To Basics Gaming,Back To Basics Gaming",0,0,1,1,0,0,0,0,0,0,0,0,0,0,1,0,0,0,1,0,0,0,0,0,0,0,0,0
2019.0,,1,4.99,0,Kan Kikuchi,"Kan Kikuchi,Kan Kikuchi",0,0,1,1,0,1,0,0,0,0,0,0,0,0,1,0,0,0,1,1,0,0,0,0,0,0,0,0
2017.0,30.0,0,4.99,0,LAN - GAMES LTD,"LAN - GAMES LTD,LAN - GAMES LTD",0,0,1,1,0,0,1,0,0,0,1,0,0,0,1,0,0,1,1,0,0,0,1,0,0,0,1,0
2018.0,15.0,0,14.99,0,Movie Games Lunarium,"Movie Games S.A.,PlayWay S.A.,Movie Games S.A.,PlayWay S.A.",0,1,0,1,0,0,0,0,0,0,0,0,0,1,1,1,0,0,0,0,0,0,0,0,0,1,1,0
2017.0,,1,62.58,0,Tero Lunkka,"Tero Lunkka,Tero Lunkka",1,1,1,1,0,0,0,0,0,0,0,0,0,1,1,1,0,0,1,0,0,0,0,0,0,0,0,0
2018.0,21.0,0,,0,"Valkyrie Entertainment, LLC","PlayStation Mobile, Inc.,PlayStation Mobile, Inc.",1,0,1,0,0,0,1,0,0,1,0,0,0,1,0,0,0,1,1,0,0,0,1,0,1,0,1,0
2018.0,2880.0,0,0.99,0,Quiet River,"Quiet River,Quiet River",0,0,1,1,0,0,0,0,0,0,0,0,0,0,1,0,0,1,1,0,0,0,0,0,0,1,1,0
2018.0,26.0,0,7.99,0,Neognosis,"Neognosis,Neognosis",1,0,0,1,0,0,0,0,1,0,0,0,0,1,1,0,0,0,0,0,0,1,1,0,0,1,1,0
2006.0,,1,14.99,0,GSC Game World,"GSC Game World,GSC Game World",0,0,0,0,0,0,1,0,0,0,0,0,0,0,0,0,1,1,0,0,0,0,1,0,0,0,0,1
2019.0,,1,9.99,0,Giants Software,"Focus Home Interactive,Focus Home Interactive",0,0,0,0,0,1,0,0,0,0,0,0,0,0,0,0,0,0,0,1,0,0,0,0,0,0,0,0
2016.0,,1,19.99,0,Dovetail Games,"Dovetail Games - Trains,Dovetail Games - Trains",0,0,0,0,0,1,0,0,0,0,0,0,0,0,0,0,0,0,0,1,0,0,0,0,0,0,0,0
2015.0,,1,2.99,0,,"Paradox Interactive,Paradox Interactive",0,0,0,0,1,1,1,0,0,0,0,0,0,0,0,0,1,1,0,1,0,0,0,0,0,0,0,0
2018.0,6.0,0,4.99,0,Dave Beck,"Dave Beck,Dave Beck",0,1,0,1,0,0,0,0,0,0,0,0,0,0,1,1,0,0,0,0,0,0,0,0,0,1,0,0
2017.0,,1,4.99,0,Amaterasu Software,"Amaterasu Software,Amaterasu Software",0,1,1,1,1,0,0,0,0,0,0,0,0,0,1,1,1,0,1,0,0,0,0,0,0,0,0,0
2014.0,9.0,0,6.99,0,Popcannibal,"Popcannibal,Popcannibal",0,1,1,1,0,0,0,0,0,0,0,0,0,0,1,1,0,0,1,0,0,0,0,0,0,0,0,0
2015.0,,1,3.99,0,Haemimont Games,"Kalypso Media Digital,Kalypso Media Digital",0,0,0,0,1,1,1,0,0,0,0,0,0,0,0,0,1,1,0,1,0,0,0,0,0,0,0,0
2017.0,10.0,0,19.99,0,"Midgar Studio,Fusty Game","Dear Villagers,Dear Villagers",1,1,0,0,0,0,0,0,0,0,0,0,0,1,1,1,0,0,0,0,0,1,1,0,0,1,1,1
2019.0,,1,,0,"Scorching Castle,Linno","0Cube,0Cube",0,1,1,1,1,0,0,0,0,1,0,0,0,0,1,1,1,0,1,0,0,0,0,0,0,0,0,0
2015.0,10.0,0,1.99,0,Hellscape Games,"Hellscape Games,Hellscape Games",0,0,1,1,0,0,0,0,0,0,0,0,0,0,1,0,0,1,1,0,0,0,0,0,0,1,1,0
2017.0,41.0,0,107.87,0,Investigate North,"Green Man Gaming Publishing,Green Man Gaming Publishing",0,1,0,1,0,0,0,0,0,0,0,0,0,0,1,1,0,0,0,0,0,0,0,0,0,0,0,0
2018.0,3.0,0,96.28,0,"Nikita ""Ghost_RUS""","Ghost_RUS Games,Ghost_RUS Games",1,1,0,1,1,1,0,0,0,0,0,0,0,1,1,1,1,0,0,1,0,0,0,0,0,0,0,0
2014.0,37.0,0,19.99,0,9heads Game Studios,"9heads Game Studios,9heads Game Studios",0,1,0,0,0,0,0,0,0,0,0,0,0,0,1,1,0,0,0,0,0,0,1,0,0,0,1,0
2013.0,,1,1.99,0,Paradox Development Studio,"Paradox Interactive,Paradox Interactive",0,0,0,0,0,0,1,0,0,0,0,0,0,0,0,0,0,1,0,0,0,0,0,0,0,0,0,0
2017.0,,1,19.99,0,Dovetail Games,"Dovetail Games - TSW,Dovetail Games - TSW",0,0,0,0,0,1,0,0,0,0,0,0,0,0,0,0,0,0,0,1,0,0,0,0,0,0,0,0
2015.0,,1,0.99,0,SMD Gaming Studio,"SMD Gaming Studio,SMD Gaming Studio",1,0,0,1,0,0,0,0,0,0,0,0,0,1,1,0,0,0,0,0,0,0,0,0,0,0,0,0
2019.0,15.0,0,2.99,0,Galope,"The Hidden Levels,The Hidden Levels",1,1,0,1,0,0,0,0,0,0,0,0,0,1,1,1,0,0,0,0,0,0,0,0,0,1,0,0
2018.0,25.0,0,0.0,1,Hijong Park,"PsychoFlux Entertainment,PsychoFlux Entertainment",1,0,0,1,0,0,0,0,0,1,0,0,0,1,1,0,0,0,0,0,0,0,0,0,1,0,0,0
2018.0,,1,86.56,0,BrainStorming Team,"КиКо,КиКо",0,0,0,0,0,1,0,0,0,0,0,0,0,0,0,0,1,0,0,1,0,0,0,0,0,0,0,0
2013.0,,1,2.99,0,CREATIVE ASSEMBLY,"SEGA,SEGA",0,0,0,0,0,0,1,0,0,0,0,0,0,0,0,0,0,1,0,0,0,0,0,0,0,0,1,0
2016.0,,1,2.99,0,Paradox Development Studios,"Paradox Interactive,Paradox Interactive",0,0,0,0,0,0,1,0,0,0,0,0,0,0,0,0,0,1,0,0,0,0,0,0,0,0,0,0
2014.0,28.0,0,9.99,0,Square Enix,"Square Enix,Square Enix",1,1,0,0,1,0,0,0,0,0,0,0,0,1,0,1,1,0,0,0,0,0,0,1,1,1,1,1
2007.0,,1,9.99,0,Frictional Games,"Frictional Games,Frictional Games",1,1,0,1,0,0,0,0,0,0,0,0,0,1,1,1,0,0,0,0,0,0,0,0,0,1,1,1
2018.0,,1,14.99,0,Flaming Firefly,"Flaming Firefly ,Flaming Firefly ",0,1,1,1,0,0,0,0,0,0,0,0,0,0,1,1,0,0,1,0,0,0,0,0,0,0,0,0
2011.0,,1,9.99,0,Gas Powered Games,"Stardock Entertainment,Stardock Entertainment",1,0,0,0,1,0,1,0,0,0,0,0,0,1,0,0,1,1,0,0,0,0,1,0,0,1,1,1
2015.0,,1,,0,UD,"UD,UD",1,0,0,1,0,0,0,0,0,0,0,0,0,1,1,0,0,0,0,0,0,0,0,1,1,1,0,0
2018.0,574.0,0,0.99,0,Cuberz,"CasGame,CasGame",0,0,1,1,0,0,0,0,0,0,0,0,0,0,1,0,0,0,1,0,0,0,0,0,0,0,0,0
2015.0,22.0,0,4.99,0,Cabygon,"Degica,Degica",1,0,1,1,0,0,0,0,0,0,0,0,0,1,1,0,0,0,1,0,0,0,0,0,0,0,0,0
2017.0,,1,4.99,0,Fantasy Flight Games,"Fantasy Flight Games,Fantasy Flight Games",0,1,0,0,0,0,1,0,0,0,0,0,0,0,0,1,0,1,0,0,0,0,0,0,0,0,0,0
2016.0,14.0,0,9.99,0,Blake Garner,"Blake Garner,Blake Garner",0,0,1,1,0,0,0,0,0,0,0,0,0,0,1,0,0,0,1,0,0,0,0,0,0,0,0,0
2013.0,44.0,0,1.99,0,,,1,0,0,1,0,0,0,0,0,0,0,0,0,1,1,0,0,0,0,0,0,0,0,0,0,0,0,0
2014.0,20.0,0,14.99,0,"Vblank Entertainment, Inc.","Vblank Entertainment, Inc.,Vblank Entertainment, Inc.",1,1,0,1,0,0,0,0,1,0,0,0,0,1,1,1,0,0,0,0,0,1,0,0,1,1,1,1
2018.0,38.0,0,19.99,0,Klei Entertainment,"Klei Entertainment ,Klei Entertainment ",1,0,0,1,0,0,0,0,0,0,0,0,0,1,1,0,0,0,0,0,0,0,0,0,0,1,1,0
2016.0,19.0,0,7.99,0,Orchid Games,"Orchid Games,Orchid Games",0,1,1,1,0,0,0,0,0,0,0,0,0,0,1,1,0,0,1,0,0,0,0,0,0,0,0,0
2017.0,16.0,0,0.99,0,"Matthew.P,Sacred Walrus","Matthew.P,Sacred Walrus,Matthew.P,Sacred Walrus",0,1,1,1,1,1,1,0,0,0,0,0,0,0,1,1,1,1,1,1,0,0,0,0,0,0,0,0
2017.0,11.0,0,19.99,0,Tungsten Games,"Tungsten Games,Tungsten Games",0,0,1,1,0,1,0,0,0,0,0,1,0,0,1,0,0,0,1,1,0,0,0,0,0,0,0,0
2016.0,,1,2.99,0,Roll7,,1,1,0,1,0,0,0,0,0,0,0,0,0,1,1,1,0,0,0,0,0,0,0,0,0,0,0,0
2018.0,74.0,0,19.99,0,SEMISOFT,"Another Indie,Mayflower Entertainment [KR],Another Indie,Mayflower Entertainment [KR]",1,1,0,1,1,0,0,0,0,0,0,0,0,1,1,1,1,0,0,0,0,0,0,0,0,1,0,0
2018.0,6.0,0,1.99,0,дель7in,"AYE Technology,AYE Technology",1,1,0,1,0,0,0,0,0,0,0,0,0,1,1,1,0,0,0,0,0,0,0,0,0,0,0,0
2014.0,27.0,0,19.99,0,Nihon Falcom,"XSEED Games,Marvelous USA, Inc.,XSEED Games,Marvelous USA, Inc.",0,0,0,0,1,0,0,0,0,0,0,0,0,1,0,1,1,1,0,0,0,0,0,0,0,1,1,1
2012.0,,1,19.99,0,FireFly Studios,"FireFly Studios,FireFly Studios",0,0,0,0,0,0,1,0,0,1,1,0,0,0,0,0,0,1,0,0,0,0,1,0,0,0,0,0
2013.0,32.0,0,9.99,0,Platine Dispositif,"Rockin' Android,Rockin Android,Rockin' Android,Rockin Android",1,1,0,1,0,0,0,0,0,0,0,0,0,1,1,1,0,0,0,0,0,0,0,0,0,0,0,0
2017.0,,1,1.99,0,Deep Silver Volition,"Deep Silver,Deep Silver",1,0,0,0,0,0,0,0,0,0,0,0,0,1,0,0,0,0,0,0,0,0,0,0,0,0,0,0
2018.0,,1,0.99,0,Dark Sky Empire,"Dark Sky Empire,Dark Sky Empire",0,1,0,1,0,0,0,0,0,0,0,0,0,0,1,1,0,0,0,0,0,0,0,0,0,0,0,0
2013.0,,1,,0,"Gearbox Software,Aspyr (Mac),Aspyr (Linux)","2K,Aspyr (Mac),Aspyr (Linux),2K,Aspyr (Mac),Aspyr (Linux)",1,0,0,0,1,0,0,0,0,0,0,0,0,1,0,0,1,0,0,0,0,0,0,0,0,0,0,0
2015.0,,1,4.99,0,Dust Scratch Games,"Dust Scratch Games,Dust Scratch Games",0,1,0,1,0,0,0,0,0,0,0,0,0,0,1,1,0,0,0,0,0,0,0,0,0,0,0,0
2018.0,33.0,0,9.99,0,Eat Create Sleep,"Eat Create Sleep,Eat Create Sleep",0,0,1,1,0,1,1,0,0,0,0,0,0,0,1,0,0,1,1,1,0,0,0,0,0,1,0,0
2010.0,,1,2.99,0,SkyRiver Studios,"1C Entertainment,1C Entertainment",1,0,0,0,0,0,0,0,1,0,0,0,0,1,0,0,0,0,0,0,0,1,0,0,0,0,0,0
2014.0,8.0,0,9.99,0,"Alan Hazelden,Lee Shang Lun","Draknek,Draknek",0,0,0,1,0,0,0,0,0,0,0,0,0,0,1,0,0,1,1,0,0,0,0,0,0,1,0,1
2016.0,,1,0.0,1,Holotech Studios,,0,0,0,0,0,0,0,0,0,0,0,0,0,0,0,0,0,0,0,0,0,0,0,0,0,0,0,0
2018.0,40.0,0,14.99,0,"Binx Interactive,Croteam Incubator,Croteam","Devolver Digital,Devolver Digital",1,0,0,1,0,0,0,0,0,0,0,0,0,1,1,0,0,0,0,0,0,0,0,0,0,1,0,1
2015.0,12.0,0,8.99,0,"Grip Games,3Division","Grip Games,Grip Games",0,0,1,1,0,0,0,1,0,0,0,0,0,0,1,0,0,0,1,0,1,0,1,0,0,0,0,0
2006.0,,1,11.99,0,Akella,"Akella,Akella",1,0,0,0,1,0,0,0,0,0,0,0,0,1,0,1,1,0,0,0,0,0,0,0,0,0,0,0
2016.0,,1,0.99,0,RunServer,,0,1,0,1,0,0,0,0,0,0,0,0,0,0,1,1,0,0,1,0,0,0,0,0,0,1,0,0
2019.0,,1,24.99,0,ONEONE1,"Kagura Games,Kagura Games",0,0,0,1,1,0,0,0,0,0,0,0,0,0,1,0,1,0,0,0,0,0,0,0,0,0,0,0
2016.0,,1,19.99,0,Dovetail Games,"Dovetail Games - Trains,Dovetail Games - Trains",0,0,0,0,0,1,0,0,0,0,0,0,0,0,0,0,0,0,0,1,0,0,0,0,0,0,0,0
2016.0,27.0,0,2.99,0,Atum Software,"Sometimes You,Sometimes You",0,0,1,1,0,0,0,0,0,0,0,0,0,0,1,0,0,0,1,0,0,0,0,0,0,0,0,0
2019.0,41.0,0,0.99,0,Mega Toast Games,"Mega Toast Games,Mega Toast Games",1,0,0,1,0,0,0,0,0,0,0,0,0,1,1,0,0,0,1,0,0,0,0,0,1,1,0,0
2018.0,30.0,0,24.99,0,Misc Games,"astragon Entertainment,astragon Entertainment",0,0,0,0,0,1,0,0,0,0,0,0,0,0,0,0,0,0,0,1,0,0,1,0,0,1,1,1
2015.0,30.0,0,14.99,0,Arc System Works,"Arc System Works,Arc System Works",1,0,0,0,0,0,0,0,0,0,0,0,0,1,0,0,0,0,0,0,1,0,1,0,0,1,1,1
2015.0,,1,88.94,0,Red Dot Games,"PlayWay S.A.,PlayWay S.A.",0,0,0,0,0,1,0,0,1,0,0,0,0,1,0,0,0,0,1,1,0,1,1,1,0,1,1,1
2009.0,60.0,0,14.99,0,FireFly Studios,"FireFly Studios,FireFly Studios",0,0,0,0,0,1,1,0,0,0,0,0,0,0,0,0,0,1,0,1,0,0,1,0,0,1,1,1
2016.0,13.0,0,4.99,0,Quantum Phoenix Studio,"Quantum Phoenix,Quantum Phoenix",1,1,0,1,0,0,0,0,0,0,0,0,0,1,1,1,0,0,0,0,0,0,0,0,0,0,0,0
2019.0,,1,6.99,0,MCGame,"MCGame,MCGame",0,0,0,1,1,1,0,0,0,0,0,0,0,0,1,0,1,0,0,1,0,0,0,0,0,0,0,0
2017.0,35.0,0,,0,Spiritwalk Games,"Spiritwalk Games,Spiritwalk Games",0,0,0,0,0,0,1,0,0,1,0,1,0,0,1,0,0,1,0,0,0,0,1,0,0,0,1,0
2017.0,317.0,0,0.0,1,Konstructors Entertainment,"Konstructors Entertainment,Konstructors Entertainment",0,0,1,1,0,0,1,0,0,1,0,0,0,0,1,0,0,1,1,0,0,0,0,0,0,1,1,1
2018.0,12.0,0,2.99,0,"G+工程团,橘子班","PeriScope Game,PeriScope Game",0,1,1,1,1,0,0,0,0,0,0,0,0,0,1,1,1,0,1,0,0,0,0,0,0,0,0,0
2016.0,,1,9.99,0,Master Indie,"Master Indie,Master Indie",1,0,0,1,0,1,0,1,0,0,0,0,0,1,1,0,0,0,0,1,1,0,0,0,0,0,0,0
2017.0,,1,,0,Google Inc.,"Google Inc.,Google Inc.",0,1,0,0,0,0,0,0,0,1,0,0,0,0,0,1,0,0,0,0,0,0,0,0,0,0,0,0
2017.0,,1,0.99,0,Maximus.ez,"Maximus.ez,Maximus.ez",1,0,1,1,0,0,0,0,0,0,0,0,0,1,1,0,0,0,1,0,0,0,0,0,0,0,0,0
2018.0,28.0,0,8.99,0,Praxia Entertainment,"Praxia Entertainment,Praxia Entertainment",1,1,0,1,0,0,1,0,0,0,0,0,0,1,1,1,0,1,0,0,0,0,0,0,0,0,0,0
2018.0,,1,,0,Dust Storm Entertainment,"Dust Storm Entertainment,Dust Storm Entertainment",1,0,0,1,0,0,1,0,0,1,0,1,0,1,1,0,0,1,0,0,0,0,0,0,0,0,0,0
2019.0,5.0,0,0.99,0,Outcorp,"Chess no choke games,Chess no choke games",0,1,0,1,0,0,0,0,0,0,0,0,0,0,1,1,0,0,0,0,0,0,0,0,0,0,0,0
2009.0,,1,9.99,0,Capcom,"Capcom,Capcom",1,1,0,0,0,0,0,0,0,0,0,0,0,1,0,1,0,0,0,0,0,0,1,0,1,1,1,1
2016.0,,1,0.0,1,The Sun Will Rise Team,"The Sun Will Rise Team,The Sun Will Rise Team",1,1,0,1,1,0,0,0,0,1,0,0,0,1,1,1,1,0,0,0,0,0,0,0,0,0,0,0
2016.0,6.0,0,0.99,0,AZAMATIKA,"AZAMATIKA,AZAMATIKA",0,0,1,1,0,0,0,0,0,0,0,0,0,0,1,0,0,0,1,0,0,0,0,0,0,0,1,0
2019.0,,1,4.99,0,Kiddy,"Kiddy,Kiddy",1,0,0,1,0,1,0,0,1,0,0,0,0,1,1,1,0,0,0,1,0,1,0,0,1,1,0,0
2019.0,35.0,0,14.99,0,LLC Blini Games,"LLC Blini Games,LLC Blini Games",1,1,0,1,1,0,0,0,0,0,0,0,0,1,1,1,1,0,0,0,0,0,0,0,1,1,0,1
2015.0,28.0,0,76.95,0,Asteroid Base,"Asteroid Base,Asteroid Base",1,0,0,1,0,1,0,0,0,0,0,0,0,1,1,1,0,0,0,1,0,0,1,0,0,0,1,1
2016.0,14.0,0,9.99,0,Large Visible Machine,"Large Visible Machine,Large Visible Machine",0,0,0,0,0,0,1,0,0,0,0,0,0,0,0,0,0,1,0,0,0,0,0,0,0,0,0,0
2016.0,30.0,0,4.99,0,Fireline Games,"Fireline Games,Fireline Games",1,0,0,1,0,1,0,0,0,0,0,0,0,1,1,0,0,0,0,1,0,0,0,0,0,0,0,0
2015.0,,1,4.99,0,Nathan Meunier,"Black Shell Media,Black Shell Media",0,1,0,1,0,0,0,0,0,0,0,0,0,0,1,1,1,0,0,0,0,0,0,0,0,0,0,0
2011.0,,1,,0,b-alive gmbh,"b-alive gmbh,b-alive gmbh",0,0,1,1,0,1,1,0,0,1,0,0,0,0,1,1,0,1,1,1,0,0,0,0,0,0,0,0
2018.0,20.0,0,3.99,0,DyneWulf,"WolfBite Interactive,WolfBite Interactive",0,0,1,1,0,0,0,0,0,0,0,0,0,0,1,0,0,0,1,0,0,0,0,0,0,0,0,0
2013.0,,1,19.99,0,Arkane Studios,"Bethesda Softworks,Bethesda Softworks",1,1,0,0,0,0,0,0,0,0,0,0,0,1,0,1,0,0,0,0,0,0,0,0,0,0,0,0
2018.0,53.0,0,11.99,0,Oscar K,"Oscar K,Oscar K",0,0,1,1,0,0,0,0,1,0,0,1,0,1,1,1,0,0,1,1,0,1,0,0,0,1,0,1
2017.0,36.0,0,24.77,0,Snkl Studio,"Snkl Studio,Snkl Studio",0,0,1,1,0,0,0,0,0,0,0,0,0,0,1,0,0,0,1,0,0,0,0,0,0,1,0,0
2014.0,,1,1.99,0,SCS Software,"SCS Software,SCS Software",0,0,0,1,0,1,0,0,0,0,0,0,0,0,1,0,0,0,0,1,0,0,0,0,0,0,0,0
2018.0,,1,0.0,1,Pinhead Games,"Pinhead Games,Pinhead Games",0,1,0,1,0,0,0,0,0,0,0,0,0,0,1,1,0,0,0,0,0,0,0,0,0,0,0,0
2015.0,,1,3.99,0,Haemimont Games,"Kalypso Media Digital,Kalypso Media Digital",0,0,0,0,1,1,1,0,0,0,0,0,0,0,0,0,1,1,0,1,0,0,0,0,0,0,0,0
2014.0,30.0,0,6.99,0,Nerdook Productions,"Digerati,Digerati",1,0,0,1,0,0,0,0,0,0,0,0,0,1,1,0,1,0,0,0,0,0,0,0,0,0,0,0
2013.0,,1,0.99,0,Deep Silver Volition,"Deep Silver,Deep Silver",1,1,0,0,0,0,0,0,0,0,0,0,0,1,0,1,0,0,0,0,0,0,0,0,0,0,0,0
2013.0,,1,29.99,0,,"Ubisoft,Ubisoft",1,1,0,0,0,0,0,0,0,0,0,0,0,1,0,1,0,0,0,0,0,0,1,0,0,1,1,1
2017.0,,1,7.99,0,GuraShop,"GuraShop,GuraShop",1,1,1,1,0,0,0,0,0,0,0,0,0,1,1,1,0,0,1,0,0,0,0,0,0,0,0,0
2018.0,,1,,0,Wargaming Group Limited,,1,0,0,0,0,1,0,0,0,0,1,0,0,1,0,0,0,0,0,1,0,0,1,0,0,0,0,0
2016.0,14.0,0,9.99,0,Light Arc Studio Ltd,"Light Arc Studio Ltd,Light Arc Studio Ltd",1,0,0,1,0,0,1,0,0,0,0,0,0,1,1,0,1,1,0,0,0,0,0,0,0,0,0,0
2013.0,27.0,0,3.99,0,Arachnid Games,"Arachnid Games,Arachnid Games",1,0,0,1,0,0,0,0,0,0,0,0,0,1,1,0,0,0,0,0,0,0,0,0,1,1,0,1
2015.0,53.0,0,14.99,0,Stygian Software,"Stygian Software,Stygian Software",0,0,0,1,1,0,0,0,0,0,0,0,0,0,1,1,1,0,0,0,0,0,0,0,0,1,1,1
2015.0,,1,19.93,0,Russpuppy,"Russpuppy,Russpuppy",1,0,1,1,0,0,0,0,0,0,0,0,0,1,1,0,0,0,1,0,0,0,0,0,0,1,0,0
2015.0,,1,7.99,0,"Creative Assembly,Feral Interactive (Mac),Feral Interactive (Linux)","SEGA,Feral Interactive (Mac),Feral Interactive (Linux),SEGA,Feral Interactive (Mac),Feral Interactive (Linux)",1,0,0,0,0,0,0,0,0,0,0,0,0,1,0,0,0,0,0,0,0,0,0,0,0,0,0,0
2013.0,38.0,0,9.99,0,City Interactive,"CI Games,CI Games",1,0,0,0,0,0,0,0,0,0,0,0,0,1,0,1,0,1,0,1,0,0,1,1,1,1,1,1
2017.0,3.0,0,0.99,0,Sky Coder,"Sky Coder,Sky Coder",1,0,1,1,0,0,0,0,0,0,0,0,0,1,1,0,0,0,1,0,0,0,0,0,0,0,0,0
2014.0,,1,4.99,0,NeocoreGames,"NeocoreGames,NeocoreGames",1,1,0,1,1,0,0,0,0,0,0,0,0,1,1,1,1,0,0,0,0,0,0,0,0,0,0,0
2016.0,,1,,0,RETO MOTO,"RETO MOTO,RETO MOTO",1,0,0,1,0,0,1,0,0,1,1,0,0,1,1,1,0,1,0,1,0,0,1,1,1,1,1,1
2018.0,,1,0.99,0,GabryGa,"GabryGa,GabryGa",0,0,1,1,0,0,0,0,0,0,0,0,0,0,1,0,0,0,1,0,0,0,0,0,0,0,0,0
2008.0,,1,4.99,0,Monstrum,"Monstrum,Monstrum",0,0,1,1,1,0,1,0,0,0,0,0,0,0,1,0,1,1,1,0,0,0,0,0,0,0,0,0
2017.0,,1,0.0,1,HelloEnjoy,"HelloEnjoy,HelloEnjoy",0,0,0,1,0,0,0,0,0,0,0,0,0,0,1,0,0,0,0,0,0,0,0,0,0,0,1,0
2017.0,,1,6.99,0,MysteryTag,"RunServer,RunServer",0,1,1,1,0,0,0,0,0,0,0,0,0,0,1,1,0,0,1,0,0,0,0,0,0,0,0,0
2019.0,40.0,0,14.99,0,Hugecalf Studios,"Curve Digital,Curve Digital",0,0,1,1,0,1,0,1,0,0,0,0,0,0,1,0,0,0,1,1,1,0,0,0,0,0,0,0
2018.0,20.0,0,19.99,0,"Bit Kid, Inc.","Bit Kid, Inc.,Bit Kid, Inc.",1,1,0,1,1,0,0,0,0,0,0,0,0,1,1,1,1,0,0,0,0,0,0,0,0,1,1,0
2011.0,,1,29.99,0,VR Designs,"Slitherine Ltd.,Slitherine Ltd.",0,0,0,0,0,1,1,0,0,0,0,0,0,0,0,0,0,1,0,1,0,0,1,0,0,1,0,0
2014.0,18.0,0,14.99,0,Double Fine Productions,"Midnight City ,Majesco Entertainment,Midnight City ,Majesco Entertainment",0,1,1,0,1,0,0,0,0,0,0,0,0,1,1,1,1,0,1,0,0,0,1,0,0,1,1,1
2017.0,,1,19.99,0,VRotein,"VRotein,VRotein",1,1,0,0,0,1,0,0,0,0,0,1,0,1,0,1,0,0,0,1,0,0,0,0,0,0,0,0
2015.0,,1,,0,Red Herring Labs,"Phoenix Online Publishing,Phoenix Online Publishing",0,1,0,1,0,0,0,0,0,0,0,0,0,0,1,1,0,0,0,0,0,0,0,0,0,0,0,0
2019.0,,1,0.0,1,Unorganized Games,"Ahlman Game Studio,Ahlman Game Studio",1,0,0,1,0,0,1,0,0,1,0,0,0,1,1,0,0,1,0,0,0,0,0,0,0,0,0,0
2019.0,8.0,0,9.99,0,"Nicolás Recabarren,Tomás Batista","Nonsense Arts,Nonsense Arts",0,0,0,1,0,0,0,0,0,0,0,0,0,0,1,0,0,0,0,0,0,0,0,0,0,1,0,0
2018.0,,1,6.99,0,Music Breath,"Music Breath,Music Breath",0,0,0,0,0,0,0,0,0,0,0,0,1,0,0,0,0,0,0,0,0,0,0,0,0,0,0,0
2019.0,30.0,0,14.99,0,Catland,"Catland,Catland",1,1,0,1,0,0,0,0,0,0,0,0,0,1,1,1,0,0,0,0,0,0,0,0,0,0,0,0
2018.0,,1,,0,Milan Toth,"Milan Toth,Milan Toth",1,0,0,0,0,1,1,0,0,0,0,0,0,1,0,0,0,1,0,1,0,0,0,0,0,0,0,0
2015.0,,1,,0,CD PROJEKT RED,,0,0,0,0,1,0,0,0,0,1,0,0,0,0,0,0,1,0,0,0,0,0,0,0,0,0,0,1
2019.0,12.0,0,7.99,0,Noumenon Games,"Noumenon Games,Noumenon Games",0,0,1,1,0,0,0,0,0,0,0,0,0,0,1,0,0,0,1,0,0,0,0,0,0,0,0,0
2017.0,,1,14.99,0,Deck13,"Focus Home Interactive,Focus Home Interactive",1,0,0,0,1,0,0,0,0,0,0,0,0,1,0,0,1,0,0,0,0,0,0,0,0,0,0,0
2017.0,80.0,0,0.99,0,Meepower,"Meepower,Meepower",1,1,1,1,1,0,0,0,0,0,0,0,0,1,1,1,1,0,1,0,0,0,0,0,0,0,0,0
2017.0,47.0,0,24.99,0,Anshar Studios,"Anshar Studios,Anshar Studios",0,0,0,1,0,1,0,0,0,0,0,0,0,0,1,0,0,0,0,1,0,0,0,0,0,0,0,0
2014.0,16.0,0,9.99,0,"Harmonix Music Systems, Inc","Harmonix Music Systems, Inc,Harmonix Music Systems, Inc",1,0,0,1,0,0,0,0,0,0,0,0,0,1,1,0,0,0,0,0,0,0,0,0,0,0,0,0
2018.0,62.0,0,14.99,0,Sludj Games,"Sludj Games,Sludj Games",1,1,0,1,0,1,0,0,0,0,0,0,0,1,1,1,0,0,0,1,0,0,0,0,0,1,0,0
2016.0,19.0,0,0.99,0,Halissoni,"Halissoni,Halissoni",1,0,1,1,0,0,0,0,0,0,0,0,0,1,1,0,0,0,1,0,0,0,0,0,1,1,0,0
2018.0,133.0,0,,0,Dorado Games,"Dorado Games,Dorado Games",0,0,0,1,0,0,1,0,0,1,1,0,0,1,1,0,1,1,1,1,0,0,1,0,0,0,1,1
2018.0,,1,0.0,1,"Dim Bulb Games,Serenity Forge","Good Shepherd Entertainment,Good Shepherd Entertainment",0,1,0,1,0,0,0,0,0,0,0,0,0,0,1,1,0,0,0,0,0,0,0,0,0,0,0,0
2018.0,27.0,0,64.87,0,"eJaw,Creobit","8Floor,8Floor",0,0,1,0,0,0,1,0,0,0,0,0,0,0,1,0,0,1,1,0,0,0,0,0,0,0,0,0
2010.0,38.0,0,4.99,0,Two Tribes,"Two Tribes Publishing,Two Tribes Publishing",0,0,1,1,0,0,0,0,0,0,0,0,0,1,1,1,0,0,1,0,0,0,0,0,0,1,1,1
2009.0,,1,4.99,0,DnS Development,"DnS Development,DnS Development",1,1,0,0,0,0,0,0,0,0,0,0,0,1,0,1,0,0,0,0,0,0,0,1,0,0,0,0
2018.0,10.0,0,1.99,0,Devdan Games,"Devdan Games,Devdan Games",1,1,1,1,0,0,0,0,0,0,0,0,0,1,1,1,0,0,1,0,0,0,0,1,0,0,0,0
2015.0,15.0,0,3.99,0,undef,"undef,undef",0,0,0,1,0,0,0,0,0,0,0,0,0,0,1,0,0,0,0,0,0,0,0,0,0,0,0,0
2018.0,42.0,0,19.99,0,"Blueteak,The Engine Company,Shapes and Lines,Arcturus Interactive","Alvios, Inc.,Bad Habit Productions,Alvios, Inc.,Bad Habit Productions",1,0,1,1,0,0,0,0,0,0,0,0,0,1,1,0,0,0,1,0,0,0,0,0,0,0,0,0
2012.0,18.0,0,4.99,0,Smudged Cat Games Ltd,"Smudged Cat Games Ltd,Smudged Cat Games Ltd",0,0,0,1,0,0,0,0,0,0,0,0,0,0,1,0,0,0,0,0,0,0,0,0,0,1,0,0
2017.0,50.0,0,1.02,0,"Raven Software,Beenox","Activision,Activision",1,0,0,0,0,0,0,0,0,0,0,0,0,1,0,0,0,0,1,0,0,0,1,1,1,1,1,1
2016.0,25.0,0,4.99,0,TRU FUN Entertainment,,1,1,0,1,0,0,0,0,0,0,0,0,0,1,1,1,0,0,0,0,0,0,0,0,0,0,0,0
2018.0,10.0,0,19.99,0,Artifact 5,"Artifact 5,Artifact 5",0,1,0,1,0,0,0,0,0,0,0,0,0,0,1,1,0,0,0,0,0,0,0,0,0,0,0,0
2016.0,,1,,0,Hybriona Labs,"New Reality Games,New Reality Games",1,0,0,1,0,0,1,0,0,0,0,1,0,1,1,0,0,1,0,0,0,0,0,0,0,0,0,0
2018.0,,1,39.99,0,Eagle Dynamics SA,"Eagle Dynamics SA,Eagle Dynamics SA",0,0,0,0,0,1,0,0,0,0,0,0,0,0,0,0,0,0,0,1,0,0,0,0,0,0,0,0
2017.0,,1,14.99,0,Brilliant Game Studios,"Brilliant Game Studios,Brilliant Game Studios",1,1,0,1,0,1,1,0,0,0,0,0,0,1,1,1,0,1,0,1,0,0,0,0,0,1,1,0
2017.0,20.0,0,24.99,0,"Jackbox Games, Inc.","Jackbox Games, Inc.,Jackbox Games, Inc.",0,0,1,1,0,0,1,0,0,0,0,0,0,0,1,0,0,1,1,0,0,0,1,0,0,0,0,1
2015.0,,1,,0,"Reflections, a Ubisoft Studio",,0,1,1,1,0,0,0,0,0,0,0,0,0,0,1,1,0,0,1,0,0,0,0,0,0,0,0,0
2013.0,,1,,0,Paradox Development Studio,"Paradox Interactive,Paradox Interactive",0,0,0,0,0,1,1,0,0,0,0,0,0,0,0,0,0,1,0,1,0,0,0,0,0,0,0,0
2011.0,42.0,0,9.99,0,Final Form Games,"Final Form Games,Final Form Games",1,0,0,1,0,0,0,0,0,0,0,0,0,1,1,0,0,0,0,0,0,0,1,0,1,1,1,1
2015.0,,1,14.99,0,CREATIVE ASSEMBLY,"SEGA,SEGA",0,0,0,0,0,0,1,0,0,0,0,0,0,0,0,0,0,1,0,0,0,0,0,0,0,0,0,0
2018.0,11.0,0,6.94,0,CSM,"W.T.B.,W.T.B.",0,0,1,1,0,1,1,0,0,0,0,0,0,0,1,0,0,1,1,1,0,0,0,0,0,0,0,0
2017.0,18.0,0,9.99,0,Brave Giant LTD,"Artifex Mundi,Artifex Mundi",0,1,1,0,0,0,0,0,0,0,0,0,0,0,1,1,0,0,1,0,0,0,0,0,0,1,0,0
2018.0,,1,,0,Arc System Works,"Arc System Works,Arc System Works",1,0,0,0,0,0,0,0,0,0,0,0,0,1,0,0,0,0,0,0,0,0,0,0,0,0,0,0
2018.0,8.0,0,19.99,0,Tendogames,"Tendogames,Tendogames",1,0,0,1,0,0,0,0,0,0,0,1,0,1,1,0,0,0,0,0,0,0,0,0,0,0,0,0
2017.0,,1,12.99,0,"KOEI TECMO GAMES CO., LTD.","KOEI TECMO GAMES CO., LTD.,KOEI TECMO GAMES CO., LTD.",0,0,0,0,1,0,0,0,0,0,0,0,0,0,0,0,1,0,0,0,0,0,0,0,0,0,0,0
2016.0,4.0,0,0.0,1,Vaclav Hudec,"Blameless Games,Blameless Games",0,1,0,1,0,0,0,0,0,1,0,0,0,1,1,1,0,1,0,0,0,0,1,0,0,1,1,1
2016.0,28.0,0,19.99,0,Futuretown,"Futuretown,Futuretown",0,0,1,0,0,0,0,1,0,0,0,0,0,0,0,0,0,0,1,0,1,0,0,0,0,0,0,0
2017.0,12.0,0,14.99,0,Actual Humans,"Actual Humans,Actual Humans",1,0,1,1,0,0,0,0,0,0,0,0,0,1,1,0,0,0,1,0,0,0,0,0,0,0,0,0
2016.0,,1,,0,tamationgames,"tamationgames,tamationgames",0,0,0,1,0,0,0,0,0,1,0,0,0,0,1,0,0,0,1,0,0,0,0,1,0,1,1,1
2009.0,,1,30.0,0,Quality Simulations,"Quality Simulations,Quality Simulations",0,0,0,1,0,1,0,0,0,0,0,0,0,0,1,0,0,0,0,1,0,0,0,0,0,0,0,0
2016.0,37.0,0,9.99,0,COWCAT,"COWCAT,COWCAT",0,1,1,1,0,0,0,0,0,0,0,0,0,0,1,1,0,0,1,0,0,0,0,0,0,1,0,0
2015.0,319.0,0,8.99,0,Great War Team,"Best Way Soft,Best Way Soft",1,0,0,0,0,0,1,0,0,0,0,0,0,1,1,0,0,1,0,1,0,0,1,0,0,1,1,1
2015.0,61.0,0,,0,[geim].pro,"Abyss Lights Studio LLP,Abyss Lights Studio LLP",1,0,0,0,0,0,0,0,0,1,0,0,0,1,0,1,0,0,0,0,0,0,1,1,1,0,1,1
2017.0,11.0,0,,0,"GCRH,Daynar","GCRH,GCRH",1,1,1,1,1,0,0,0,0,1,0,0,0,1,1,1,1,1,1,1,0,0,0,0,0,0,0,0
2015.0,,1,3.49,0,Slightly Mad Studios,"Slightly Mad Studios,BANDAI NAMCO Entertainment,Slightly Mad Studios,BANDAI NAMCO Entertainment",0,0,0,0,0,1,0,1,1,0,0,0,0,0,0,0,0,0,0,1,1,1,0,0,0,0,0,0
2017.0,12.0,0,1.99,0,PanGuoJun,"PanGuoJun,PanGuoJun",0,0,1,1,0,1,0,0,0,0,0,0,0,0,1,0,0,0,1,1,0,0,0,0,0,0,0,0
2018.0,20.0,0,9.99,0,Unwhale Studio,"Unwhale Studio,Unwhale Studio",1,0,0,1,1,0,0,0,0,0,0,0,0,1,1,0,1,0,0,0,0,0,0,0,0,0,0,0
2018.0,18.0,0,9.99,0,Bearcat Games,"Bearcat Games,Bearcat Games",0,0,1,1,0,0,0,0,0,0,0,0,0,0,1,0,0,0,1,0,0,0,0,0,0,0,0,0
2016.0,47.0,0,29.99,0,Ubisoft - San Francisco,"Ubisoft,Ubisoft",0,0,1,0,0,1,0,0,0,0,0,0,0,0,0,0,0,0,1,1,0,0,0,0,0,1,1,1
2016.0,60.0,0,9.99,0,Redshift,"Redshift,Redshift",0,1,0,1,1,0,0,0,0,0,0,0,0,0,1,1,1,0,0,0,0,0,0,0,0,1,0,0
2017.0,48.0,0,29.99,0,CI Games,"CI Games,CI Games",1,0,0,0,0,0,0,0,0,0,0,0,0,1,0,1,0,1,0,0,0,0,1,1,1,1,1,1
2018.0,29.0,0,5.99,0,万族游戏,"万族游戏,万族游戏",0,0,1,0,0,1,1,0,0,0,1,0,0,0,0,0,0,1,1,1,0,0,1,0,0,0,0,0
2019.0,,1,0.0,1,Crownbird,"Crownbird,Crownbird",0,0,1,1,1,0,0,0,0,1,0,0,0,0,1,0,1,0,1,0,0,0,0,0,0,0,0,0
2017.0,92.0,0,14.99,0,Mad Fellows,"Mad Fellows,Mad Fellows",1,0,0,1,0,0,0,0,0,0,0,0,0,1,1,0,0,0,0,0,0,0,0,0,1,0,0,0
2015.0,20.0,0,9.99,0,Supreme Clans Entertainment,"Supreme Clans Entertainment,Supreme Clans Entertainment",0,1,0,1,1,0,0,0,0,0,0,0,0,0,1,1,1,0,0,0,0,0,0,0,0,0,0,0
2015.0,28.0,0,0.99,0,Dumbfounded,"Dumbfounded,Dumbfounded",1,0,0,1,0,0,0,0,0,0,0,0,0,1,1,0,0,0,0,0,0,0,0,0,0,0,0,0
2016.0,,1,15.92,0,André Bertaglia,"André Bertaglia,André Bertaglia",1,1,1,1,0,0,0,0,0,0,0,0,0,1,1,1,0,0,1,0,0,0,0,0,0,1,0,0
2015.0,,1,0.0,1,2SD,"KISS ltd,KISS ltd",0,0,1,1,0,1,0,0,0,0,0,0,0,0,1,0,0,0,1,1,0,0,0,0,0,0,1,0
2013.0,,1,9.99,0,Days of Wonder,"Days of Wonder,Asmodee Digital,Days of Wonder,Asmodee Digital",0,0,1,1,0,0,1,0,0,0,0,0,0,0,1,0,0,1,1,0,0,0,1,0,0,1,1,1
2017.0,16.0,0,12.99,0,GameHouse,"GameHouse,GameHouse",0,1,1,1,0,0,0,0,0,0,0,0,0,0,1,1,0,0,1,0,0,0,0,0,0,0,0,0
2018.0,,1,4.99,0,Shiro Games,"Shiro Games,Shiro Games",0,0,0,1,0,1,1,0,0,0,0,0,0,0,1,0,0,1,0,1,0,0,0,0,0,0,0,0
2018.0,9.0,0,2.99,0,Justin Jackson,"Justin Jackson,Justin Jackson",1,0,1,1,0,0,0,0,0,0,0,1,0,1,1,0,0,0,1,0,0,0,1,0,0,0,0,0
2018.0,8.0,0,,0,Victor Pukman,"Victor Pukman,Victor Pukman",1,0,0,1,0,0,0,0,0,0,0,1,0,1,1,0,0,0,0,0,0,0,0,0,0,0,0,0
2018.0,10.0,0,1.99,0,Penumbra Games,"Penumbra Games,Penumbra Games",0,1,0,1,0,0,0,0,0,0,0,0,0,0,1,1,1,0,0,0,0,0,0,0,0,0,0,0
2016.0,26.0,0,4.99,0,Diagrammet AB,"Diagrammet AB,Diagrammet AB",0,1,1,1,0,1,0,0,0,0,0,0,0,0,1,1,0,0,1,1,0,0,0,0,0,0,0,0
2018.0,,1,,0,Soccer Manager Ltd,"Soccer Manager Ltd,Soccer Manager Ltd",0,0,0,0,0,0,0,1,0,0,0,0,0,0,0,0,0,0,0,1,1,0,0,0,0,0,0,0
2013.0,,1,34.99,0,Torn Banner Studios,"Torn Banner Studios,Torn Banner Studios",1,0,0,1,0,0,0,0,0,0,0,0,0,1,1,0,0,0,0,0,0,0,1,0,1,0,1,0
2017.0,,1,9.99,0,Timba Games,"Plug In Digital,Plug In Digital",1,0,1,1,0,0,0,0,0,0,0,0,0,1,1,0,0,0,1,0,0,0,0,0,0,0,0,0
2012.0,,1,4.99,0,Cyanide Studios ,"Focus Home Interactive,Focus Home Interactive",1,0,0,0,1,0,0,0,0,0,0,0,0,1,0,0,1,0,0,0,0,0,0,0,0,0,0,0
2017.0,8.0,0,4.99,0,HandyGames,"HandyGames,HandyGames",1,0,0,0,0,1,0,1,0,0,0,0,0,1,0,0,0,0,0,1,1,0,0,0,0,0,0,0
2017.0,9.0,0,2.99,0,ZZICON,"PsychoFlux Entertainment,PsychoFlux Entertainment",0,0,1,1,0,0,0,0,0,0,0,0,0,0,1,0,0,0,1,0,0,0,0,0,0,1,0,0
2016.0,21.0,0,2.99,0,Playito.com,"Playito.com,Playito.com",1,0,1,1,0,0,0,0,0,0,0,0,0,1,1,0,0,0,1,0,0,0,0,0,0,0,0,0
2015.0,,1,,0,CD PROJEKT RED,,0,0,0,0,1,0,0,0,0,0,0,0,0,0,0,0,1,0,0,0,0,0,0,0,0,0,0,0
2015.0,1.0,0,12.99,0,SOF Studios Ltd,"SOF Studios Ltd,SOF Studios Ltd",1,0,0,1,0,0,0,0,0,0,0,1,0,1,1,0,0,0,0,0,0,0,1,0,1,0,1,0
2017.0,8.0,0,1.99,0,3rd Eye Studios,"3rd Eye Studios,3rd Eye Studios",1,1,0,1,0,0,0,0,0,0,0,0,0,1,1,1,0,0,0,0,0,0,0,0,0,0,0,0
2019.0,3.0,0,3.99,0,cmert08,"Sergo inc,Sergo inc",1,1,0,1,1,0,0,0,0,0,0,0,0,1,1,1,1,0,0,0,0,0,0,0,0,0,0,0
2016.0,,1,2.99,0,dobro_slon,"Atriagames,Atriagames",1,0,0,1,0,0,0,0,0,0,0,0,0,1,1,0,0,0,0,0,0,0,0,0,0,0,0,0
2013.0,54.0,0,19.99,0,CyberConnect2 Co. Ltd.,"BANDAI NAMCO Entertainment,BANDAI NAMCO Entertainment",1,1,0,0,0,0,0,0,0,0,0,0,0,1,0,1,1,0,0,0,0,0,1,0,0,1,1,1
2015.0,20.0,0,4.99,0,The Revills Games,"The Revills Games,The Revills Games",0,0,1,1,0,0,0,0,0,0,0,0,0,0,1,0,0,0,1,0,0,0,0,0,0,0,0,0
2016.0,19.0,0,19.99,0,Excalibur,"Excalibur Publishing,Excalibur Publishing",0,0,0,0,0,1,0,0,0,0,0,0,0,1,0,1,0,0,0,1,0,0,1,0,0,1,1,1
2018.0,,1,9.99,0,Monster Games,"704 Games Company,704 Games Company",0,0,0,0,0,0,0,0,1,0,0,0,0,0,0,0,0,0,0,0,0,1,0,0,0,0,0,0
2011.0,,1,19.99,0,Straandlooper,"Telltale Games,Telltale Games",0,1,1,0,0,0,0,0,0,0,0,0,0,0,0,1,0,0,1,0,0,0,0,0,0,0,0,0
2016.0,24.0,0,2.99,0,Icy Studios,"Icy Studios,Icy Studios",1,0,1,1,0,0,0,0,0,0,0,0,0,1,1,0,0,0,1,0,0,0,0,0,1,0,0,0
2013.0,13.0,0,14.99,0,Pocketwatch Games,"Pocketwatch Games,Pocketwatch Games",1,1,1,1,0,0,1,0,0,0,0,0,0,1,1,1,0,1,1,0,0,0,1,0,0,1,1,1
2016.0,8.0,0,,0,Tuwi Michael Nannings,"NanningsGames,NanningsGames",0,0,0,1,0,0,0,0,0,1,0,0,0,1,1,1,0,0,1,0,0,0,1,0,0,1,1,1
2017.0,18.0,0,14.99,0,Jacob Janerka,"Jacob Janerka,Jacob Janerka",0,1,0,1,0,0,0,0,0,0,0,0,0,0,1,1,0,0,0,0,0,0,0,0,0,1,1,0
2015.0,15.0,0,4.99,0,Autarca,"Autarca,Autarca",0,0,0,1,0,0,1,0,0,0,0,0,0,0,1,0,0,1,0,0,0,0,0,0,0,1,0,0
2017.0,,1,0.0,1,Cloudhead Games ltd.,"Cloudhead Games ltd.,Cloudhead Games ltd.",0,1,0,1,0,0,0,0,0,1,0,0,0,0,1,1,0,0,0,0,0,0,0,0,0,0,0,0
2019.0,,1,0.99,0,Volha,"Volha,Volha",1,1,1,1,1,1,0,0,0,0,0,0,0,1,1,1,1,0,1,1,0,0,0,0,0,1,0,0
2014.0,20.0,0,4.99,0,One-bit Punch,"One-bit Punch,One-bit Punch",1,0,0,1,0,0,0,0,0,0,0,0,0,1,1,0,0,0,0,0,0,0,0,0,0,1,0,0
2018.0,,1,9.99,0,HandyGames,"HandyGames,HandyGames",0,1,0,1,0,0,1,0,0,0,0,1,0,0,1,1,0,1,0,0,0,0,0,0,0,0,0,0
2016.0,,1,3.99,0,Seaside Digital Arts,"Seaside Digital Arts,Seaside Digital Arts",0,1,1,1,0,0,0,0,0,0,0,0,0,0,1,1,0,0,1,0,0,0,0,0,0,0,0,0
2018.0,77.0,0,9.99,0,LINE Games Corporation,"LINE Games Corporation,LINE Games Corporation",1,1,1,1,1,0,0,0,0,0,0,0,0,1,1,1,1,0,1,0,0,0,0,0,0,0,0,0
2016.0,,1,,0,Ubisoft Entertainment,"Ubisoft Entertainment,Ubisoft Entertainment",0,0,1,0,0,0,0,0,0,0,0,0,0,1,0,0,0,1,1,1,0,0,1,0,0,1,1,1
2017.0,21.0,0,9.99,0,"Terri Vellmann,Doseone","Devolver Digital,Devolver Digital",1,0,0,1,0,0,0,0,0,0,0,0,0,1,1,0,0,0,0,0,0,0,0,1,1,0,1,1
2018.0,,1,1.99,0,Nicholas Lives,"Nicholas Lives,Nicholas Lives",0,0,1,1,0,1,0,0,0,0,0,0,0,0,1,0,0,0,1,1,0,0,0,0,0,0,0,0
2018.0,29.0,0,49.99,0,Breakpoint,"Bigben Interactive,Bigben Interactive",0,0,0,0,0,0,0,1,0,0,0,0,0,0,0,0,0,0,0,1,1,0,0,0,0,0,0,0
2015.0,,1,9.99,0,Techland,"Techland Publishing,Techland Publishing",1,0,0,0,1,0,0,0,0,0,0,0,0,1,0,0,1,0,0,0,0,0,0,0,0,0,1,0
2016.0,30.0,0,7.0,0,Ian D. Martin,"Ian D. Martin,Retrolutionary.com,Ian D. Martin,Retrolutionary.com",0,0,0,0,0,0,0,0,0,0,0,0,0,0,0,0,0,0,0,0,0,0,0,0,0,0,0,0
2016.0,,1,,0,Vae Victis Games,"Vae Victis Games,Vae Victis Games",0,0,0,1,0,1,0,1,1,1,0,0,0,1,1,0,0,0,0,1,1,1,1,0,0,0,1,0
2017.0,51.0,0,3.99,0,"Dmitriy Uvarov,Vyacheslav Shilikhin","Vyacheslav Shilikhin,Vyacheslav Shilikhin",1,1,1,1,0,1,0,0,0,0,0,0,0,1,1,1,0,0,1,1,0,0,0,0,0,0,0,0
2018.0,5.0,0,4.99,0,ALICE IN DISSONANCE,"Sekai Project,Sekai Project",0,0,1,1,0,0,0,0,0,0,0,0,0,0,1,0,0,0,1,0,0,0,0,0,0,1,0,0
2016.0,12.0,0,,0,Eforb,"Eforb,Eforb",1,0,0,1,0,0,0,0,0,0,1,1,0,1,1,0,0,0,0,0,0,0,1,0,0,0,1,0
2019.0,97.0,0,0.99,0,Quiet River,"Quiet River,Quiet River",0,0,1,1,0,0,0,0,0,0,0,0,0,0,1,0,0,0,1,0,0,0,0,0,0,1,0,0
2015.0,,1,0.99,0,"DQ Team,Hidden Hallow Studio","Valkyrie Initiative,Valkyrie Initiative",0,1,1,1,0,0,0,0,0,0,0,0,0,0,1,1,0,0,1,0,0,0,0,0,0,0,0,0
2019.0,,1,15.99,0,"MGP Studios,Solid9 Studio","MGP Studios,MGP Studios",1,1,0,1,0,0,0,0,0,0,0,1,0,1,1,1,0,0,0,0,0,0,0,0,0,0,0,0
2017.0,,1,,0,IronEqual,"IronEqual,IronEqual",0,1,0,0,0,0,0,0,0,1,0,0,0,0,0,1,0,0,0,0,0,0,0,0,0,1,0,0
2016.0,,1,1.99,0,Stereo7 Games,"Stereo7 Games,Stereo7 Games",1,0,1,1,0,0,1,0,0,0,0,0,0,1,1,0,0,1,1,0,0,0,0,0,0,0,0,0
2017.0,50.0,0,0.99,0,,,1,1,0,0,1,0,0,0,0,0,0,0,0,1,0,1,1,0,0,0,0,0,0,0,0,0,0,0
2017.0,12.0,0,14.99,0,Thomas Brush,"Armor Games Studios,Armor Games Studios",0,1,1,1,0,0,0,0,0,0,0,0,0,1,1,1,0,0,1,0,0,0,0,0,0,1,1,0
2013.0,165.0,0,6.99,0,Orange_Juice,"Fruitbat Factory,Fruitbat Factory",0,0,0,1,0,0,1,0,0,0,0,0,0,0,1,0,0,1,1,0,0,0,1,0,0,1,1,1
2017.0,37.0,0,,0,Choice of Games,"Choice of Games,Choice of Games",0,1,0,1,1,0,0,0,0,0,0,0,0,0,1,1,1,0,0,0,0,0,0,0,0,0,0,0
2018.0,,1,2.99,0,Cloaz Studio,"Cloaz Studio,Cloaz Studio",0,1,1,1,1,0,0,0,0,0,0,0,0,0,1,1,1,0,1,0,0,0,0,0,0,0,0,0
2017.0,,1,9.99,0,Darkcross Games,"Darkcross Games,Darkcross Games",0,0,0,1,0,1,1,0,0,0,0,1,0,0,1,0,0,1,0,1,0,0,0,0,0,0,0,0
2019.0,,1,12.99,0,Behold Studios,"Behold Studios,Behold Studios",0,0,1,1,0,0,1,0,0,0,0,1,0,0,1,0,0,1,1,0,0,0,1,0,0,0,0,0
2018.0,,1,0.99,0,NBOYS,"JustE Publishing,JustE Publishing",0,0,0,1,1,0,0,0,0,0,0,0,0,0,1,0,1,0,0,0,0,0,0,0,0,0,0,0
2017.0,,1,1.99,0,HL-Galgame,"SakuraGame,SakuraGame",0,1,1,1,0,0,0,0,0,0,0,0,0,0,1,1,0,0,1,0,0,0,0,0,0,0,0,0
2016.0,27.0,0,1.99,0,Lisa Voronova,"Lisa Voronova,Lisa Voronova",1,1,0,1,0,0,0,1,0,0,0,0,0,1,1,1,0,0,0,0,1,0,0,0,0,0,0,0
2016.0,,1,,0,Clickteam,"Clickteam,Clickteam",0,0,0,0,0,0,0,0,0,0,0,0,1,0,0,0,0,0,0,0,0,0,0,0,0,0,0,0
2019.0,,1,2.99,0,"CAPCOM Co., Ltd.","CAPCOM Co., Ltd.,CAPCOM Co., Ltd.",1,0,0,0,0,0,0,0,0,0,0,0,0,1,0,0,0,0,0,0,0,0,0,0,0,0,0,0
2019.0,40.0,0,29.99,0,Star Drifters,"Star Drifters,Star Drifters",0,0,0,1,0,1,1,0,0,0,0,0,0,0,1,0,0,1,0,1,0,0,1,0,0,1,1,1
2014.0,,1,,0,OVERKILL - a Starbreeze Studio.,"505 Games,505 Games",1,0,0,0,1,0,0,0,0,0,0,0,0,1,0,1,1,0,0,0,0,0,1,1,1,0,1,1
2015.0,,1,24.99,0,Sector3 Studios,,0,0,0,0,0,1,0,1,1,1,0,0,0,0,0,0,0,0,0,1,1,1,0,0,0,0,0,0
2014.0,,1,9.99,0,StaudSoft,"StaudSoft,StaudSoft",1,0,0,1,1,0,0,0,0,0,0,0,0,1,1,0,1,0,0,0,0,0,0,0,0,0,0,0
2019.0,,1,0.0,1,Microsoft Corporation,"Microsoft Corporation,Microsoft Corporation",0,0,1,0,0,0,0,0,0,1,0,0,0,0,0,0,0,0,1,0,0,0,0,0,0,0,0,0
2018.0,22.0,0,,0,Magnolia Art,"Magnolia Art,Magnolia Art",0,0,1,1,0,0,0,0,0,1,0,0,0,0,1,0,0,0,1,0,0,0,0,0,0,1,0,0
2013.0,15.0,0,14.99,0,Minor Key Games,"Minor Key Games,Minor Key Games",1,1,0,1,1,0,0,0,0,0,0,0,0,1,1,1,1,0,0,0,0,0,0,1,0,1,1,1
2018.0,,1,1.99,0,Falco Software,"Atriagames,Atriagames",1,0,0,1,0,0,0,0,0,0,0,0,0,1,1,0,0,0,0,0,0,0,0,0,0,0,0,0
2017.0,,1,6.99,0,BANDAI NAMCO Studios Inc.,"BANDAI NAMCO Entertainment,BANDAI NAMCO Entertainment",1,0,0,0,1,0,0,0,0,0,0,0,0,1,0,0,1,0,0,0,0,0,0,0,0,0,0,0
2018.0,,1,0.99,0,sakastudio,"sakastudio,sakastudio",1,0,1,1,0,0,0,0,0,0,0,0,0,1,1,0,0,0,1,0,0,0,0,0,0,0,0,0
2016.0,33.0,0,29.99,0,Happy Tuesday,"Headup,Whisper Games,Headup,Whisper Games",1,0,0,1,1,0,1,0,0,0,0,0,0,1,1,0,1,1,0,0,0,0,1,0,0,0,1,0
2017.0,,1,2.99,0,GoingForwardTeam,"AYE Technology,AYE Technology",1,0,1,1,0,0,0,0,0,0,0,0,0,1,1,0,0,0,1,0,0,0,0,0,0,0,0,0
2017.0,,1,4.99,0,"Orrery Games,Blip Haus Design","Orrery Games,Orrery Games",0,1,0,1,0,0,0,0,0,0,0,0,0,0,1,1,0,0,0,0,0,0,0,0,0,0,0,0
2018.0,,1,,0,Bitbox Ltd.,"Bitbox Ltd.,Bitbox Ltd.",1,1,0,0,1,1,0,0,0,0,1,1,0,1,0,1,1,0,0,1,0,0,1,0,0,0,1,0
2015.0,14.0,0,5.99,0,Random Seed Games,"Random Seed Games,Random Seed Games",0,0,1,1,0,0,0,0,0,0,0,0,0,0,1,1,0,0,1,0,0,0,0,0,0,0,0,0
2017.0,,1,7.99,0,Raconteur Games,"Raconteur Games,Raconteur Games",0,0,0,1,0,0,0,0,0,0,0,0,0,0,1,0,0,0,0,0,0,0,0,0,0,0,0,0
2016.0,,1,,0,Little Star Media Inc.,"Little Star Media Inc.,Little Star Media Inc.",0,0,0,0,0,0,0,0,0,0,0,0,1,0,0,0,0,0,0,0,0,0,0,0,0,0,0,0
2015.0,14.0,0,31.95,0,Cococucumber,"Cococucumber,Cococucumber",1,1,0,1,0,0,0,0,0,0,0,0,0,1,1,1,0,0,0,0,0,0,0,0,0,0,0,0
2019.0,12.0,0,6.99,0,FYQD-Studio,,1,1,0,1,0,0,0,0,0,0,0,1,0,1,1,1,0,0,0,0,0,0,0,1,1,1,1,1
2018.0,,1,0.0,1,Microsoft Studios,"Microsoft Studios,Microsoft Studios",0,0,0,0,0,0,0,0,0,0,0,0,1,0,0,0,0,0,0,0,0,0,0,0,0,0,0,0
2018.0,101.0,0,29.99,0,Sólfar Studios,"Sólfar Studios,Sólfar Studios",1,0,0,1,0,0,0,0,0,0,0,0,0,1,1,0,0,0,0,0,0,0,0,0,1,0,1,0
2018.0,,1,7.99,0,Studio Egg Roll,"Studio Egg Roll,Studio Egg Roll",1,1,0,1,1,0,0,0,0,0,0,0,0,1,1,1,1,0,0,0,0,0,0,0,0,1,0,0
2018.0,11.0,0,4.99,0,Pixoala,"Pixoala,Pixoala",0,1,0,1,0,0,0,0,0,0,0,0,0,0,1,1,0,0,0,0,0,0,0,0,0,1,0,0
2015.0,,1,2.99,0,"Angry Video Game Nerd Movie, LLC",,0,0,0,0,0,0,0,0,0,0,0,0,0,1,0,1,0,0,1,0,0,0,0,0,0,0,1,0
2016.0,12.0,0,5.99,0,Valkyria Games,"Valkyria Games,Valkyria Games",0,1,1,1,1,0,0,0,0,0,0,0,0,0,1,1,1,0,1,0,0,0,0,0,0,0,0,0
2018.0,,1,1.99,0,Eathrabaria,"Eathrabaria,Eathrabaria",0,0,0,1,0,1,0,0,0,0,0,0,0,0,1,0,0,0,0,1,0,0,0,0,0,0,0,0
2017.0,89.0,0,4.99,0,"Quantum Phoenix Studio,Dennis Esie","Quantum Phoenix Studio,Quantum Phoenix Studio",1,1,0,1,0,0,0,0,0,0,0,0,0,1,1,1,0,0,0,0,0,0,0,0,0,0,0,0
2015.0,,1,24.99,0,Red Dot Games,"PlayWay S.A.,PlayWay S.A.",0,0,0,0,0,1,0,0,1,0,0,0,0,0,0,0,0,0,0,1,0,1,0,0,0,1,0,0
2014.0,30.0,0,14.99,0,Extend Studio,"ORiGO GAMES,ORiGO GAMES",1,0,0,1,0,0,1,0,0,0,0,0,0,1,1,0,0,1,0,0,0,0,0,0,0,1,0,0
2014.0,,1,12.99,0,Dovetail Games,"Dovetail Games - Trains,Dovetail Games - Trains",0,0,0,0,0,1,0,0,0,0,0,0,0,0,0,0,0,0,0,1,0,0,0,0,0,0,0,0
2017.0,,1,,0,Studio Mori,"Studio Mori,Studio Mori",0,1,0,1,0,0,0,0,0,1,0,0,0,0,1,1,0,0,0,0,0,0,0,0,0,0,0,0
2016.0,25.0,0,2.99,0,"NFA,AMASS","NFA,NFA",1,0,0,1,0,0,0,0,0,0,0,0,0,1,1,0,0,0,0,0,0,0,1,1,0,1,0,1
2008.0,,1,19.99,0,Asobo Studio,"THQ,Disney Interactive,THQ,Disney Interactive",0,1,0,0,0,0,0,0,0,0,0,0,0,1,0,1,0,0,0,0,0,0,1,0,0,1,0,1
2015.0,34.0,0,9.99,0,"Chris Chung,Fire Hose Games","Chris Chung,Chris Chung",1,0,1,1,0,1,0,0,0,0,0,0,0,1,1,1,0,0,1,1,0,0,0,0,0,1,1,1
2017.0,,1,2.99,0,OnSkull Games,,0,1,1,1,0,0,0,0,0,0,0,0,0,0,1,1,0,0,1,0,0,0,0,0,0,0,0,0
2018.0,,1,2.99,0,UVWGAME,"UVWGAME,UVWGAME",1,1,0,1,0,0,0,0,0,0,0,1,0,1,1,1,0,0,0,0,0,0,0,0,0,0,0,0
2015.0,,1,9.99,0,"Monolith Productions, Inc.,Feral Interactive (Mac),Feral Interactive (Linux)","WB Games,Feral Interactive (Mac),Feral Interactive (Linux),WB Games,Feral Interactive (Mac),Feral Interactive (Linux)",1,1,0,0,0,0,0,0,0,0,0,0,0,1,0,1,0,0,0,0,0,0,0,0,0,0,0,0
2016.0,49.0,0,5.99,0,Play Spirit Limited,"Play Spirit Limited,Play Spirit Limited",0,0,1,1,0,1,0,0,0,0,0,0,0,0,1,0,0,0,1,1,0,0,0,0,0,0,0,0
2013.0,,1,4.99,0,Lucky Frame,"Blazing Griffin,Blazing Griffin",1,0,0,1,0,0,0,0,0,0,0,0,0,1,1,0,0,0,0,0,0,0,1,0,0,0,0,0
2018.0,,1,0.0,1,Daniel Michaneck,"Daniel Michaneck,Daniel Michaneck",0,0,0,1,0,0,0,0,0,0,0,0,0,0,1,0,0,0,0,0,0,0,0,0,0,0,0,0
2017.0,,1,11.99,0,Floating Point Interactive,"Floating Point Interactive,Floating Point Interactive",0,0,0,1,0,1,1,0,0,0,0,0,0,0,1,0,0,1,0,1,0,0,0,0,0,1,0,0
2014.0,,1,2.99,0,"Codemasters Racing,Feral Interactive (Mac),Feral Interactive (Linux)","Codemasters,Feral Interactive (Mac),Feral Interactive (Linux),Codemasters,Feral Interactive (Mac),Feral Interactive (Linux)",0,0,0,0,0,0,0,1,1,0,0,0,0,0,0,0,0,0,0,0,1,1,0,0,0,0,0,0
2018.0,252.0,0,0.99,0,JesterJoker,"JesterJoker,JesterJoker",0,0,1,1,0,0,0,0,0,0,0,0,0,0,1,0,0,0,1,0,0,0,0,0,0,0,0,0
2013.0,,1,99.99,0,Clickteam,"Clickteam,Clickteam",0,0,0,0,0,0,0,0,0,0,0,0,1,0,0,0,0,0,0,0,0,0,0,0,0,0,1,0
2016.0,,1,4.99,0,Fishing Planet LLC,,0,0,0,0,0,1,0,1,0,1,1,0,0,0,0,0,0,0,0,1,1,0,1,0,0,0,0,0
2017.0,10.0,0,0.99,0,,,1,0,0,1,0,1,0,0,0,0,0,0,0,1,1,0,0,0,0,1,0,0,0,0,0,0,0,0
